dataset,batch_size,technique,accuracy,precision,recall,f1,num_drifts,num_batches,auc,drift_alignment_with_batch,scenario,type_of_dataset,algorithm,run_id,algorithm_seed
synthetic_dataset_with_parallel_drifts_abrupt,1000,Base,0.70995,0.7113667160663475,0.70995,0.7094681549203444,0,80,0.7099601943725121,1.0,parallel_abrupt,synthetic,NB,23,23042
synthetic_dataset_with_parallel_drifts_abrupt,1000,KS95,0.7015625,0.7049951545317983,0.7015625,0.7003162486019925,29,80,0.7015786344736646,1.0,parallel_abrupt,synthetic,NB,23,23042
synthetic_dataset_with_parallel_drifts_abrupt,1000,KS90,0.7030375,0.7052814973972259,0.7030375,0.7022304094939865,37,80,0.7030505283156581,1.0,parallel_abrupt,synthetic,NB,23,23042
synthetic_dataset_with_parallel_drifts_abrupt,1000,HD,0.708075,0.7099607876285711,0.708075,0.7074238897655212,9,80,0.7080868067554253,1.0,parallel_abrupt,synthetic,NB,23,23042
synthetic_dataset_with_parallel_drifts_abrupt,1000,JS,0.70855,0.7101394969839306,0.70855,0.7080031805350347,10,80,0.708560831785052,1.0,parallel_abrupt,synthetic,NB,23,23042
synthetic_dataset_with_parallel_drifts_abrupt,1500,Base,0.7123875,0.7136539783944678,0.7123875,0.7119652690105986,0,53,0.7123970851498177,1.0,parallel_abrupt,synthetic,NB,23,23042
synthetic_dataset_with_parallel_drifts_abrupt,1500,KS95,0.7079875,0.7105818513080961,0.7079875,0.7070921833579555,27,53,0.7080013348750833,1.0,parallel_abrupt,synthetic,NB,23,23042
synthetic_dataset_with_parallel_drifts_abrupt,1500,KS90,0.708325,0.7105269519960042,0.708325,0.7075666304767736,28,53,0.7083377442711091,1.0,parallel_abrupt,synthetic,NB,23,23042
synthetic_dataset_with_parallel_drifts_abrupt,1500,HD,0.7123125,0.7138209062525093,0.7123125,0.7118092724919585,2,53,0.7123229601451849,1.0,parallel_abrupt,synthetic,NB,23,23042
synthetic_dataset_with_parallel_drifts_abrupt,1500,JS,0.7091875,0.7112116141452473,0.7091875,0.7084950885546836,3,53,0.709199697449981,1.0,parallel_abrupt,synthetic,NB,23,23042
synthetic_dataset_with_parallel_drifts_abrupt,2000,Base,0.712575,0.7137459961412573,0.712575,0.7121852378071858,0,40,0.7125842132865134,1.0,parallel_abrupt,synthetic,NB,23,23042
synthetic_dataset_with_parallel_drifts_abrupt,2000,KS95,0.705175,0.7081309375569556,0.705175,0.7041319696925413,24,40,0.705189856574366,1.0,parallel_abrupt,synthetic,NB,23,23042
synthetic_dataset_with_parallel_drifts_abrupt,2000,KS90,0.705675,0.7081330446046804,0.705675,0.7048102533111553,25,40,0.705688544105534,1.0,parallel_abrupt,synthetic,NB,23,23042
synthetic_dataset_with_parallel_drifts_abrupt,2000,HD,0.71245,0.713810405122422,0.71245,0.7119966613069829,1,40,0.7124599320287457,1.0,parallel_abrupt,synthetic,NB,23,23042
synthetic_dataset_with_parallel_drifts_abrupt,2000,JS,0.71245,0.713810405122422,0.71245,0.7119966613069829,1,40,0.7124599320287457,1.0,parallel_abrupt,synthetic,NB,23,23042
synthetic_dataset_with_parallel_drifts_abrupt,2500,Base,0.7112,0.712310376917617,0.7112,0.7108262790255562,0,32,0.7112090007005625,1.0,parallel_abrupt,synthetic,NB,23,23042
synthetic_dataset_with_parallel_drifts_abrupt,2500,KS95,0.70425,0.7066167007889169,0.70425,0.703407428966063,22,32,0.7042633377664588,1.0,parallel_abrupt,synthetic,NB,23,23042
synthetic_dataset_with_parallel_drifts_abrupt,2500,KS90,0.7044125,0.7065979631816853,0.7044125,0.7036352327090839,23,32,0.7044253159015821,1.0,parallel_abrupt,synthetic,NB,23,23042
synthetic_dataset_with_parallel_drifts_abrupt,2500,HD,0.710825,0.7117214356351755,0.710825,0.7105225303215886,2,32,0.7108330944270684,1.0,parallel_abrupt,synthetic,NB,23,23042
synthetic_dataset_with_parallel_drifts_abrupt,2500,JS,0.710825,0.7117214356351755,0.710825,0.7105225303215886,2,32,0.7108330944270684,1.0,parallel_abrupt,synthetic,NB,23,23042
synthetic_dataset_with_switching_drifts_incremental,1000,Base,0.7304875,0.7309380607257802,0.7304875,0.7303583296610903,0,80,0.7304929862808117,1.0,switching_incremental,synthetic,NB,23,23042
synthetic_dataset_with_switching_drifts_incremental,1000,KS95,0.732875,0.733312281590537,0.732875,0.7327520433783002,30,80,0.7328803770550236,1.0,switching_incremental,synthetic,NB,23,23042
synthetic_dataset_with_switching_drifts_incremental,1000,KS90,0.7331875,0.7335823984085439,0.7331875,0.7330768300012581,40,80,0.7331926051995379,1.0,switching_incremental,synthetic,NB,23,23042
synthetic_dataset_with_switching_drifts_incremental,1000,HD,0.7312875,0.7315197043596672,0.7312875,0.7312217797383611,7,80,0.731291423830714,1.0,switching_incremental,synthetic,NB,23,23042
synthetic_dataset_with_switching_drifts_incremental,1000,JS,0.731125,0.731555027976334,0.731125,0.7310023896904633,5,80,0.7311303519456469,1.0,switching_incremental,synthetic,NB,23,23042
synthetic_dataset_with_switching_drifts_incremental,1500,Base,0.7300125,0.7304350294899784,0.7300125,0.7298909638559787,0,53,0.7300178175011136,1.0,switching_incremental,synthetic,NB,23,23042
synthetic_dataset_with_switching_drifts_incremental,1500,KS95,0.7324125,0.7328544962823861,0.7324125,0.7322877455457387,22,53,0.7324179114011196,1.0,switching_incremental,synthetic,NB,23,23042
synthetic_dataset_with_switching_drifts_incremental,1500,KS90,0.7330625,0.7333711533233475,0.7330625,0.7329761089363623,29,53,0.7330670114416883,1.0,switching_incremental,synthetic,NB,23,23042
synthetic_dataset_with_switching_drifts_incremental,1500,HD,0.7311625,0.7315213481632376,0.7311625,0.7310603714688457,4,53,0.7311673863229616,1.0,switching_incremental,synthetic,NB,23,23042
synthetic_dataset_with_switching_drifts_incremental,1500,JS,0.73175,0.731981559028821,0.73175,0.7316847072353807,7,53,0.7317539144846197,1.0,switching_incremental,synthetic,NB,23,23042
synthetic_dataset_with_switching_drifts_incremental,2000,Base,0.729975,0.7304467649474314,0.729975,0.7298391463196983,0,40,0.7299806206237888,1.0,switching_incremental,synthetic,NB,23,23042
synthetic_dataset_with_switching_drifts_incremental,2000,KS95,0.7324625,0.7327763326053176,0.7324625,0.7323742211495883,15,40,0.732467055154191,1.0,switching_incremental,synthetic,NB,23,23042
synthetic_dataset_with_switching_drifts_incremental,2000,KS90,0.730775,0.7311291655204143,0.730775,0.7306739022025724,16,40,0.7307798581737411,1.0,switching_incremental,synthetic,NB,23,23042
synthetic_dataset_with_switching_drifts_incremental,2000,HD,0.729975,0.7304467649474314,0.729975,0.7298391463196983,0,40,0.7299806206237888,1.0,switching_incremental,synthetic,NB,23,23042
synthetic_dataset_with_switching_drifts_incremental,2000,JS,0.729975,0.7304467649474314,0.729975,0.7298391463196983,0,40,0.7299806206237888,1.0,switching_incremental,synthetic,NB,23,23042
synthetic_dataset_with_switching_drifts_incremental,2500,Base,0.7302625,0.7307280727647125,0.7302625,0.7301287516640231,0,32,0.7302680800167549,1.0,switching_incremental,synthetic,NB,23,23042
synthetic_dataset_with_switching_drifts_incremental,2500,KS95,0.7302125,0.7306564258353303,0.7302125,0.7300849649493677,10,32,0.7302179487636218,1.0,switching_incremental,synthetic,NB,23,23042
synthetic_dataset_with_switching_drifts_incremental,2500,KS90,0.7296625,0.7299325617866435,0.7296625,0.7295849281712399,14,32,0.7296667487291719,1.0,switching_incremental,synthetic,NB,23,23042
synthetic_dataset_with_switching_drifts_incremental,2500,HD,0.7302625,0.7307280727647125,0.7302625,0.7301287516640231,0,32,0.7302680800167549,1.0,switching_incremental,synthetic,NB,23,23042
synthetic_dataset_with_switching_drifts_incremental,2500,JS,0.7302625,0.7307280727647125,0.7302625,0.7301287516640231,0,32,0.7302680800167549,1.0,switching_incremental,synthetic,NB,23,23042
synthetic_dataset_with_parallel_drifts_incremental,1000,Base,0.7298875,0.7303732928348251,0.7298875,0.7297474786962229,0,80,0.7298932049933253,1.0,parallel_incremental,synthetic,NB,23,23042
synthetic_dataset_with_parallel_drifts_incremental,1000,KS95,0.7330125,0.7334648420930746,0.7330125,0.7328854157084768,26,80,0.733017967688623,1.0,parallel_incremental,synthetic,NB,23,23042
synthetic_dataset_with_parallel_drifts_incremental,1000,KS90,0.7326375,0.733081956023724,0.7326375,0.7325122720723715,31,80,0.7326429239151827,1.0,parallel_incremental,synthetic,NB,23,23042
synthetic_dataset_with_parallel_drifts_incremental,1000,HD,0.731425,0.7317344773324413,0.731425,0.731337230953844,9,80,0.7314295332143458,1.0,parallel_incremental,synthetic,NB,23,23042
synthetic_dataset_with_parallel_drifts_incremental,1000,JS,0.732275,0.7325524909952422,0.732275,0.7321969250223638,9,80,0.7322792832674552,1.0,parallel_incremental,synthetic,NB,23,23042
synthetic_dataset_with_parallel_drifts_incremental,1500,Base,0.7299,0.7303571047729083,0.7299,0.7297683195270188,0,53,0.7299055331190958,1.0,parallel_incremental,synthetic,NB,23,23042
synthetic_dataset_with_parallel_drifts_incremental,1500,KS95,0.731325,0.7317297760306756,0.731325,0.7312098308926867,17,53,0.7313301894581369,1.0,parallel_incremental,synthetic,NB,23,23042
synthetic_dataset_with_parallel_drifts_incremental,1500,KS90,0.7313125,0.7316910181015086,0.7313125,0.7312048522364568,20,53,0.7313175175823449,1.0,parallel_incremental,synthetic,NB,23,23042
synthetic_dataset_with_parallel_drifts_incremental,1500,HD,0.7313,0.7316836742359899,0.7313,0.7311908621883567,5,53,0.7313050519565657,1.0,parallel_incremental,synthetic,NB,23,23042
synthetic_dataset_with_parallel_drifts_incremental,1500,JS,0.7313,0.7316836742359899,0.7313,0.7311908621883567,5,53,0.7313050519565657,1.0,parallel_incremental,synthetic,NB,23,23042
synthetic_dataset_with_parallel_drifts_incremental,2000,Base,0.7301125,0.7306030165144956,0.7301125,0.7299713626982441,0,40,0.7301182300073894,1.0,parallel_incremental,synthetic,NB,23,23042
synthetic_dataset_with_parallel_drifts_incremental,2000,KS95,0.731475,0.7316758554207666,0.731475,0.7314183402170275,15,40,0.7314786457174154,1.0,parallel_incremental,synthetic,NB,23,23042
synthetic_dataset_with_parallel_drifts_incremental,2000,KS90,0.732075,0.7322386271889534,0.732075,0.7320291932185883,20,40,0.7320782832548928,1.0,parallel_incremental,synthetic,NB,23,23042
synthetic_dataset_with_parallel_drifts_incremental,2000,HD,0.7301125,0.7306030165144956,0.7301125,0.7299713626982441,0,40,0.7301182300073894,1.0,parallel_incremental,synthetic,NB,23,23042
synthetic_dataset_with_parallel_drifts_incremental,2000,JS,0.7301125,0.7306030165144956,0.7301125,0.7299713626982441,0,40,0.7301182300073894,1.0,parallel_incremental,synthetic,NB,23,23042
synthetic_dataset_with_parallel_drifts_incremental,2500,Base,0.7300125,0.7305124409666253,0.7300125,0.7298685161449857,0,32,0.7300182862511428,1.0,parallel_incremental,synthetic,NB,23,23042
synthetic_dataset_with_parallel_drifts_incremental,2500,KS95,0.73175,0.7322317004246539,0.73175,0.7316132268422365,8,32,0.7317556582347287,1.0,parallel_incremental,synthetic,NB,23,23042
synthetic_dataset_with_parallel_drifts_incremental,2500,KS90,0.730975,0.7312614576081218,0.730975,0.7308935298817447,13,32,0.7309793644362103,1.0,parallel_incremental,synthetic,NB,23,23042
synthetic_dataset_with_parallel_drifts_incremental,2500,HD,0.7300125,0.7305124409666253,0.7300125,0.7298685161449857,0,32,0.7300182862511428,1.0,parallel_incremental,synthetic,NB,23,23042
synthetic_dataset_with_parallel_drifts_incremental,2500,JS,0.7300125,0.7305124409666253,0.7300125,0.7298685161449857,0,32,0.7300182862511428,1.0,parallel_incremental,synthetic,NB,23,23042
synthetic_dataset_with_switching_drifts_abrupt,1000,Base,0.712525,0.7129180994861023,0.712525,0.7123948277112564,0,80,0.7125303320331456,1.0,switching_abrupt,synthetic,NB,23,23042
synthetic_dataset_with_switching_drifts_abrupt,1000,KS95,0.7091375,0.7091753271039621,0.7091375,0.709125167790342,74,80,0.7091391411961964,1.0,switching_abrupt,synthetic,NB,23,23042
synthetic_dataset_with_switching_drifts_abrupt,1000,KS90,0.709125,0.7091547306975097,0.709125,0.709115387186079,75,80,0.7091264505704031,1.0,switching_abrupt,synthetic,NB,23,23042
synthetic_dataset_with_switching_drifts_abrupt,1000,HD,0.709075,0.7092889508239351,0.709075,0.7090025899427729,10,80,0.7090789568174347,1.0,switching_abrupt,synthetic,NB,23,23042
synthetic_dataset_with_switching_drifts_abrupt,1000,JS,0.7090625,0.7092761035031897,0.7090625,0.708990201580971,18,80,0.7090664536916533,1.0,switching_abrupt,synthetic,NB,23,23042
synthetic_dataset_with_switching_drifts_abrupt,1500,Base,0.7142125,0.7146072938120626,0.7142125,0.7140835478485862,0,53,0.7142178227636138,1.0,switching_abrupt,synthetic,NB,23,23042
synthetic_dataset_with_switching_drifts_abrupt,1500,KS95,0.7135,0.7136315712922846,0.7135,0.7134573555987689,48,53,0.7135030633439415,1.0,switching_abrupt,synthetic,NB,23,23042
synthetic_dataset_with_switching_drifts_abrupt,1500,KS90,0.7136,0.7137441220672457,0.7136,0.713553256335962,49,53,0.7136032071002004,1.0,switching_abrupt,synthetic,NB,23,23042
synthetic_dataset_with_switching_drifts_abrupt,1500,HD,0.7145,0.7147012418456129,0.7145,0.7144348930056533,5,53,0.7145037884064869,1.0,switching_abrupt,synthetic,NB,23,23042
synthetic_dataset_with_switching_drifts_abrupt,1500,JS,0.7145,0.7147012418456129,0.7145,0.7144348930056533,5,53,0.7145037884064869,1.0,switching_abrupt,synthetic,NB,23,23042
synthetic_dataset_with_switching_drifts_abrupt,2000,Base,0.7137,0.714079732678858,0.7137,0.7135754899414267,0,40,0.7137052258565766,1.0,switching_abrupt,synthetic,NB,23,23042
synthetic_dataset_with_switching_drifts_abrupt,2000,KS95,0.7107625,0.710909447500031,0.7107625,0.7107137092667006,37,40,0.7107657600478601,1.0,switching_abrupt,synthetic,NB,23,23042
synthetic_dataset_with_switching_drifts_abrupt,2000,KS90,0.7107625,0.710909447500031,0.7107625,0.7107137092667006,37,40,0.7107657600478601,1.0,switching_abrupt,synthetic,NB,23,23042
synthetic_dataset_with_switching_drifts_abrupt,2000,HD,0.7131,0.713528888970561,0.7131,0.7129585397524381,10,40,0.7131055633190977,1.0,switching_abrupt,synthetic,NB,23,23042
synthetic_dataset_with_switching_drifts_abrupt,2000,JS,0.7131,0.713528888970561,0.7131,0.7129585397524381,10,40,0.7131055633190977,1.0,switching_abrupt,synthetic,NB,23,23042
synthetic_dataset_with_switching_drifts_abrupt,2500,Base,0.7152125,0.7155153982788377,0.7152125,0.7151146071971577,0,32,0.7152171478260717,1.0,switching_abrupt,synthetic,NB,23,23042
synthetic_dataset_with_switching_drifts_abrupt,2500,KS95,0.7102125,0.7104998390822768,0.7102125,0.7101158231141953,29,32,0.7102170787635674,1.0,switching_abrupt,synthetic,NB,23,23042
synthetic_dataset_with_switching_drifts_abrupt,2500,KS90,0.7102125,0.7104998390822768,0.7102125,0.7101158231141953,29,32,0.7102170787635674,1.0,switching_abrupt,synthetic,NB,23,23042
synthetic_dataset_with_switching_drifts_abrupt,2500,HD,0.71375,0.714065100045373,0.71375,0.7136469033486901,5,32,0.7137547571096723,1.0,switching_abrupt,synthetic,NB,23,23042
synthetic_dataset_with_switching_drifts_abrupt,2500,JS,0.71375,0.714065100045373,0.71375,0.7136469033486901,5,32,0.7137547571096723,1.0,switching_abrupt,synthetic,NB,23,23042
synthetic_dataset_no_drifts,1000,Base,0.7302875,0.7307531227038875,0.7302875,0.7301537640601802,0,80,0.7302930800183176,1.0,no_drifts,synthetic,NB,23,23042
synthetic_dataset_no_drifts,1000,KS95,0.7326,0.7328643510952861,0.7326,0.732525854634333,6,80,0.732604177037761,1.0,no_drifts,synthetic,NB,23,23042
synthetic_dataset_no_drifts,1000,KS90,0.7326125,0.7329447749703457,0.7326125,0.7325190942204379,16,80,0.7326171864135742,1.0,no_drifts,synthetic,NB,23,23042
synthetic_dataset_no_drifts,1000,HD,0.732725,0.7329167559800719,0.732725,0.7326714791799057,4,80,0.7327285520455344,1.0,no_drifts,synthetic,NB,23,23042
synthetic_dataset_no_drifts,1000,JS,0.732725,0.7329167559800719,0.732725,0.7326714791799057,4,80,0.7327285520455344,1.0,no_drifts,synthetic,NB,23,23042
synthetic_dataset_no_drifts,1500,Base,0.7303375,0.7307836949727207,0.7303375,0.7302094366353895,0,53,0.730342961271435,1.0,no_drifts,synthetic,NB,23,23042
synthetic_dataset_no_drifts,1500,KS95,0.7314125,0.731864846803149,0.7314125,0.7312837729895574,3,53,0.7314179863386241,1.0,no_drifts,synthetic,NB,23,23042
synthetic_dataset_no_drifts,1500,KS90,0.732875,0.7331188533974077,0.732875,0.7328068165776652,8,53,0.7328790083049381,1.0,no_drifts,synthetic,NB,23,23042
synthetic_dataset_no_drifts,1500,HD,0.731525,0.7319233531475098,0.731525,0.7314118551351331,6,53,0.7315301457206341,1.0,no_drifts,synthetic,NB,23,23042
synthetic_dataset_no_drifts,1500,JS,0.731525,0.7319233531475098,0.731525,0.7314118551351331,6,53,0.7315301457206341,1.0,no_drifts,synthetic,NB,23,23042
synthetic_dataset_no_drifts,2000,Base,0.7302375,0.7307187297901946,0.7302375,0.7300991925978062,0,40,0.7302431737651984,1.0,no_drifts,synthetic,NB,23,23042
synthetic_dataset_no_drifts,2000,KS95,0.7292875,0.7296674121746609,0.7292875,0.7291776812105323,7,40,0.7292925487057843,1.0,no_drifts,synthetic,NB,23,23042
synthetic_dataset_no_drifts,2000,KS90,0.7300625,0.7304008399792249,0.7300625,0.7299654066078846,11,40,0.7300672550042036,1.0,no_drifts,synthetic,NB,23,23042
synthetic_dataset_no_drifts,2000,HD,0.7302375,0.7307187297901946,0.7302375,0.7300991925978062,0,40,0.7302431737651984,1.0,no_drifts,synthetic,NB,23,23042
synthetic_dataset_no_drifts,2000,JS,0.7302375,0.7307187297901946,0.7302375,0.7300991925978062,0,40,0.7302431737651984,1.0,no_drifts,synthetic,NB,23,23042
synthetic_dataset_no_drifts,2500,Base,0.7304125,0.7309154579426835,0.7304125,0.7302681057193547,0,32,0.7304182987761436,1.0,no_drifts,synthetic,NB,23,23042
synthetic_dataset_no_drifts,2500,KS95,0.7311875,0.7316072075412274,0.7311875,0.7310679153950288,1,32,0.7311927863245491,1.0,no_drifts,synthetic,NB,23,23042
synthetic_dataset_no_drifts,2500,KS90,0.7303625,0.7307039361820397,0.7303625,0.7302647454978807,5,32,0.7303672737729546,1.0,no_drifts,synthetic,NB,23,23042
synthetic_dataset_no_drifts,2500,HD,0.7304125,0.7309154579426835,0.7304125,0.7302681057193547,0,32,0.7304182987761436,1.0,no_drifts,synthetic,NB,23,23042
synthetic_dataset_no_drifts,2500,JS,0.7304125,0.7309154579426835,0.7304125,0.7302681057193547,0,32,0.7304182987761436,1.0,no_drifts,synthetic,NB,23,23042
synthetic_dataset_with_parallel_drifts_abrupt,1000,Base,0.7229875,0.7251131403537616,0.7229875,0.7223444861285713,0,80,0.7230152456094157,1.0,parallel_abrupt,synthetic,NB,24,24042
synthetic_dataset_with_parallel_drifts_abrupt,1000,KS95,0.693275,0.6987570507369366,0.693275,0.6911712480155595,27,80,0.6933225229797592,1.0,parallel_abrupt,synthetic,NB,24,24042
synthetic_dataset_with_parallel_drifts_abrupt,1000,KS90,0.699675,0.7024447460267083,0.699675,0.6986617936904281,31,80,0.6997084088410928,1.0,parallel_abrupt,synthetic,NB,24,24042
synthetic_dataset_with_parallel_drifts_abrupt,1000,HD,0.7086875,0.7116960101744734,0.7086875,0.7076656262801921,12,80,0.7087215658835677,1.0,parallel_abrupt,synthetic,NB,24,24042
synthetic_dataset_with_parallel_drifts_abrupt,1000,JS,0.7086875,0.7116960101744734,0.7086875,0.7076656262801921,12,80,0.7087215658835677,1.0,parallel_abrupt,synthetic,NB,24,24042
synthetic_dataset_with_parallel_drifts_abrupt,1500,Base,0.7276625,0.729563966261217,0.7276625,0.7271087032410339,0,53,0.7276884790295034,1.0,parallel_abrupt,synthetic,NB,24,24042
synthetic_dataset_with_parallel_drifts_abrupt,1500,KS95,0.70005,0.7054589946692934,0.70005,0.6980869543278551,25,53,0.7000964327193829,1.0,parallel_abrupt,synthetic,NB,24,24042
synthetic_dataset_with_parallel_drifts_abrupt,1500,KS90,0.70005,0.7054589946692934,0.70005,0.6980869543278551,25,53,0.7000964327193829,1.0,parallel_abrupt,synthetic,NB,24,24042
synthetic_dataset_with_parallel_drifts_abrupt,1500,HD,0.7241,0.7264838444221514,0.7241,0.7233851459936453,2,53,0.7241293056652516,1.0,parallel_abrupt,synthetic,NB,24,24042
synthetic_dataset_with_parallel_drifts_abrupt,1500,JS,0.7193375,0.7212112244148698,0.7193375,0.7187540085464683,9,53,0.7193637637771444,1.0,parallel_abrupt,synthetic,NB,24,24042
synthetic_dataset_with_parallel_drifts_abrupt,2000,Base,0.7276625,0.7294234922620307,0.7276625,0.7271497889923252,0,40,0.7276875015291802,1.0,parallel_abrupt,synthetic,NB,24,24042
synthetic_dataset_with_parallel_drifts_abrupt,2000,KS95,0.6992125,0.7036268521816637,0.6992125,0.6975955558265902,22,40,0.6992546127535564,1.0,parallel_abrupt,synthetic,NB,24,24042
synthetic_dataset_with_parallel_drifts_abrupt,2000,KS90,0.6992125,0.7036268521816637,0.6992125,0.6975955558265902,22,40,0.6992546127535564,1.0,parallel_abrupt,synthetic,NB,24,24042
synthetic_dataset_with_parallel_drifts_abrupt,2000,HD,0.7275,0.7288689079284056,0.7275,0.7271015462454736,3,40,0.727522047411977,1.0,parallel_abrupt,synthetic,NB,24,24042
synthetic_dataset_with_parallel_drifts_abrupt,2000,JS,0.72465,0.7266481314713455,0.72465,0.7240536944949277,1,40,0.7246768045962685,1.0,parallel_abrupt,synthetic,NB,24,24042
synthetic_dataset_with_parallel_drifts_abrupt,2500,Base,0.7290625,0.7304922272626072,0.7290625,0.7286513961985858,0,32,0.7290849576162141,1.0,parallel_abrupt,synthetic,NB,24,24042
synthetic_dataset_with_parallel_drifts_abrupt,2500,KS95,0.7083125,0.7106556382737022,0.7083125,0.7075140430896999,22,32,0.7083426126332764,1.0,parallel_abrupt,synthetic,NB,24,24042
synthetic_dataset_with_parallel_drifts_abrupt,2500,KS90,0.7083125,0.7106556382737022,0.7083125,0.7075140430896999,22,32,0.7083426126332764,1.0,parallel_abrupt,synthetic,NB,24,24042
synthetic_dataset_with_parallel_drifts_abrupt,2500,HD,0.728175,0.7282794387982017,0.728175,0.7281465306481192,5,32,0.7281809620048305,1.0,parallel_abrupt,synthetic,NB,24,24042
synthetic_dataset_with_parallel_drifts_abrupt,2500,JS,0.7290375,0.7298988758687764,0.7290375,0.7287909915590252,2,32,0.7290549119812803,1.0,parallel_abrupt,synthetic,NB,24,24042
synthetic_dataset_with_switching_drifts_incremental,1000,Base,0.7691,0.769191156612416,0.7691,0.7690786817998532,0,80,0.7690945617818894,1.0,switching_incremental,synthetic,NB,24,24042
synthetic_dataset_with_switching_drifts_incremental,1000,KS95,0.7504625,0.7507590381530481,0.7504625,0.7503849792677525,45,80,0.7504524484308408,1.0,switching_incremental,synthetic,NB,24,24042
synthetic_dataset_with_switching_drifts_incremental,1000,KS90,0.7504625,0.7510418579843872,0.7504625,0.7503132551550169,48,80,0.7504485240545433,1.0,switching_incremental,synthetic,NB,24,24042
synthetic_dataset_with_switching_drifts_incremental,1000,HD,0.7607625,0.7612061363695471,0.7607625,0.760656716638877,8,80,0.7607504968356331,1.0,switching_incremental,synthetic,NB,24,24042
synthetic_dataset_with_switching_drifts_incremental,1000,JS,0.760525,0.7617891177916548,0.760525,0.7602285600304929,9,80,0.7605048676919218,1.0,switching_incremental,synthetic,NB,24,24042
synthetic_dataset_with_switching_drifts_incremental,1500,Base,0.7694625,0.7695501025171297,0.7694625,0.7694420383349511,0,53,0.7694571697142768,1.0,switching_incremental,synthetic,NB,24,24042
synthetic_dataset_with_switching_drifts_incremental,1500,KS95,0.7570125,0.7575410938559158,0.7570125,0.7568830693791939,29,53,0.7569993168453991,1.0,switching_incremental,synthetic,NB,24,24042
synthetic_dataset_with_switching_drifts_incremental,1500,KS90,0.75725,0.7577238625985392,0.75725,0.7571339361692857,36,53,0.7572375141116531,1.0,switching_incremental,synthetic,NB,24,24042
synthetic_dataset_with_switching_drifts_incremental,1500,HD,0.7664625,0.7669822935226275,0.7664625,0.7663444923842336,2,53,0.7664496649699204,1.0,switching_incremental,synthetic,NB,24,24042
synthetic_dataset_with_switching_drifts_incremental,1500,JS,0.7664625,0.7669822935226275,0.7664625,0.7663444923842336,2,53,0.7664496649699204,1.0,switching_incremental,synthetic,NB,24,24042
synthetic_dataset_with_switching_drifts_incremental,2000,Base,0.76875,0.768811704778348,0.76875,0.76873526431909,0,40,0.7687454960414796,1.0,switching_incremental,synthetic,NB,24,24042
synthetic_dataset_with_switching_drifts_incremental,2000,KS95,0.7614375,0.7621827351191686,0.7614375,0.7612625091193492,21,40,0.7614220183076548,1.0,switching_incremental,synthetic,NB,24,24042
synthetic_dataset_with_switching_drifts_incremental,2000,KS90,0.7572625,0.7578236972974962,0.7572625,0.7571255217964791,27,40,0.7572489288029272,1.0,switching_incremental,synthetic,NB,24,24042
synthetic_dataset_with_switching_drifts_incremental,2000,HD,0.766375,0.7665530778988932,0.766375,0.7663334523019031,2,40,0.7663674190052279,1.0,switching_incremental,synthetic,NB,24,24042
synthetic_dataset_with_switching_drifts_incremental,2000,JS,0.766375,0.7665530778988932,0.766375,0.7663334523019031,2,40,0.7663674190052279,1.0,switching_incremental,synthetic,NB,24,24042
synthetic_dataset_with_switching_drifts_incremental,2500,Base,0.7686625,0.76873500660173,0.7686625,0.768645308414706,0,32,0.7686576294499288,1.0,switching_incremental,synthetic,NB,24,24042
synthetic_dataset_with_switching_drifts_incremental,2500,KS95,0.76115,0.7616643935902225,0.76115,0.7610280958411191,15,32,0.7611370985259531,1.0,switching_incremental,synthetic,NB,24,24042
synthetic_dataset_with_switching_drifts_incremental,2500,KS90,0.75965,0.7601498729155453,0.75965,0.7595300324813143,21,32,0.7596372417800631,1.0,switching_incremental,synthetic,NB,24,24042
synthetic_dataset_with_switching_drifts_incremental,2500,HD,0.7686625,0.76873500660173,0.7686625,0.768645308414706,0,32,0.7686576294499288,1.0,switching_incremental,synthetic,NB,24,24042
synthetic_dataset_with_switching_drifts_incremental,2500,JS,0.7686625,0.76873500660173,0.7686625,0.768645308414706,0,32,0.7686576294499288,1.0,switching_incremental,synthetic,NB,24,24042
synthetic_dataset_with_parallel_drifts_incremental,1000,Base,0.768825,0.7688831098274262,0.768825,0.7688110884318394,0,80,0.7688206254413193,1.0,parallel_incremental,synthetic,NB,24,24042
synthetic_dataset_with_parallel_drifts_incremental,1000,KS95,0.7547375,0.754949664832696,0.7547375,0.7546834219811737,23,80,0.7547290454697907,1.0,parallel_incremental,synthetic,NB,24,24042
synthetic_dataset_with_parallel_drifts_incremental,1000,KS90,0.755725,0.7560894718365047,0.755725,0.7556341131945621,25,80,0.7557139942329393,1.0,parallel_incremental,synthetic,NB,24,24042
synthetic_dataset_with_parallel_drifts_incremental,1000,HD,0.763175,0.7641690878623936,0.763175,0.7629459186557223,9,80,0.7631572116938531,1.0,parallel_incremental,synthetic,NB,24,24042
synthetic_dataset_with_parallel_drifts_incremental,1000,JS,0.7640625,0.7649117674135183,0.7640625,0.7638676774375086,6,80,0.764046070425232,1.0,parallel_incremental,synthetic,NB,24,24042
synthetic_dataset_with_parallel_drifts_incremental,1500,Base,0.7693125,0.7693799782979868,0.7693125,0.7692965299418149,0,53,0.7693078021648921,1.0,parallel_incremental,synthetic,NB,24,24042
synthetic_dataset_with_parallel_drifts_incremental,1500,KS95,0.7567,0.7571027285916365,0.7567,0.7566005792921975,19,53,0.756688462680123,1.0,parallel_incremental,synthetic,NB,24,24042
synthetic_dataset_with_parallel_drifts_incremental,1500,KS90,0.7568375,0.7570967104936067,0.7568375,0.7567728964789295,19,53,0.7568282124138277,1.0,parallel_incremental,synthetic,NB,24,24042
synthetic_dataset_with_parallel_drifts_incremental,1500,HD,0.7612375,0.7613149016670473,0.7612375,0.7612180706954005,4,53,0.7612323969949613,1.0,parallel_incremental,synthetic,NB,24,24042
synthetic_dataset_with_parallel_drifts_incremental,1500,JS,0.762875,0.7628749889940575,0.762875,0.7628749925898408,2,53,0.7628748928505115,1.0,parallel_incremental,synthetic,NB,24,24042
synthetic_dataset_with_parallel_drifts_incremental,2000,Base,0.7687625,0.7688116764333623,0.7687625,0.768750614200294,0,40,0.7687584632332669,1.0,parallel_incremental,synthetic,NB,24,24042
synthetic_dataset_with_parallel_drifts_incremental,2000,KS95,0.7588,0.7591808326705208,0.7588,0.7587074421331963,19,40,0.7587888227495545,1.0,parallel_incremental,synthetic,NB,24,24042
synthetic_dataset_with_parallel_drifts_incremental,2000,KS90,0.7588,0.7591808326705208,0.7588,0.7587074421331963,19,40,0.7587888227495545,1.0,parallel_incremental,synthetic,NB,24,24042
synthetic_dataset_with_parallel_drifts_incremental,2000,HD,0.7646125,0.765099710778583,0.7646125,0.7645000850764707,1,40,0.7646000237333829,1.0,parallel_incremental,synthetic,NB,24,24042
synthetic_dataset_with_parallel_drifts_incremental,2000,JS,0.7656,0.7661116188553704,0.7656,0.7654830023449973,2,40,0.7655872437472825,1.0,parallel_incremental,synthetic,NB,24,24042
synthetic_dataset_with_parallel_drifts_incremental,2500,Base,0.768875,0.7689379644725279,0.768875,0.76885999402984,0,32,0.7688704529577934,1.0,parallel_incremental,synthetic,NB,24,24042
synthetic_dataset_with_parallel_drifts_incremental,2500,KS95,0.7604875,0.7607294124367889,0.7604875,0.7604288428977907,15,32,0.7604785873707332,1.0,parallel_incremental,synthetic,NB,24,24042
synthetic_dataset_with_parallel_drifts_incremental,2500,KS90,0.7604875,0.7607294124367889,0.7604875,0.7604288428977907,15,32,0.7604785873707332,1.0,parallel_incremental,synthetic,NB,24,24042
synthetic_dataset_with_parallel_drifts_incremental,2500,HD,0.768875,0.7689379644725279,0.768875,0.76885999402984,0,32,0.7688704529577934,1.0,parallel_incremental,synthetic,NB,24,24042
synthetic_dataset_with_parallel_drifts_incremental,2500,JS,0.768875,0.7689379644725279,0.768875,0.76885999402984,0,32,0.7688704529577934,1.0,parallel_incremental,synthetic,NB,24,24042
synthetic_dataset_with_switching_drifts_abrupt,1000,Base,0.7252125,0.7266257713836638,0.7252125,0.7247934060281769,0,80,0.7252350138433264,1.0,switching_abrupt,synthetic,NB,24,24042
synthetic_dataset_with_switching_drifts_abrupt,1000,KS95,0.703625,0.7036532330820316,0.703625,0.7036129318132319,74,80,0.7036213945098235,1.0,switching_abrupt,synthetic,NB,24,24042
synthetic_dataset_with_switching_drifts_abrupt,1000,KS90,0.703625,0.7036532330820316,0.703625,0.7036129318132319,74,80,0.7036213945098235,1.0,switching_abrupt,synthetic,NB,24,24042
synthetic_dataset_with_switching_drifts_abrupt,1000,HD,0.7223125,0.7239295019058216,0.7223125,0.7218212431065064,2,80,0.722336737885084,1.0,switching_abrupt,synthetic,NB,24,24042
synthetic_dataset_with_switching_drifts_abrupt,1000,JS,0.7203625,0.7212570543878656,0.7203625,0.7200878626785674,9,80,0.7203805847383308,1.0,switching_abrupt,synthetic,NB,24,24042
synthetic_dataset_with_switching_drifts_abrupt,1500,Base,0.7299625,0.7312427464798269,0.7299625,0.7295973343063255,0,53,0.7299837072883633,1.0,switching_abrupt,synthetic,NB,24,24042
synthetic_dataset_with_switching_drifts_abrupt,1500,KS95,0.7045125,0.7046056407888682,0.7045125,0.7044819294296738,50,53,0.704518418243902,1.0,switching_abrupt,synthetic,NB,24,24042
synthetic_dataset_with_switching_drifts_abrupt,1500,KS90,0.7045125,0.7046056407888682,0.7045125,0.7044819294296738,50,53,0.704518418243902,1.0,switching_abrupt,synthetic,NB,24,24042
synthetic_dataset_with_switching_drifts_abrupt,1500,HD,0.71355,0.7153106045114959,0.71355,0.7129755751198232,9,53,0.7135757946759971,1.0,switching_abrupt,synthetic,NB,24,24042
synthetic_dataset_with_switching_drifts_abrupt,1500,JS,0.7150125,0.7161612704788085,0.7150125,0.7146432222440965,7,53,0.7150332567203705,1.0,switching_abrupt,synthetic,NB,24,24042
synthetic_dataset_with_switching_drifts_abrupt,2000,Base,0.72935,0.7305164194018302,0.72935,0.7290159361806223,0,40,0.7293702655230441,1.0,switching_abrupt,synthetic,NB,24,24042
synthetic_dataset_with_switching_drifts_abrupt,2000,KS95,0.70625,0.7068201607555091,0.70625,0.706054933930313,37,40,0.7062648816338266,1.0,switching_abrupt,synthetic,NB,24,24042
synthetic_dataset_with_switching_drifts_abrupt,2000,KS90,0.70625,0.7068201607555091,0.70625,0.706054933930313,37,40,0.7062648816338266,1.0,switching_abrupt,synthetic,NB,24,24042
synthetic_dataset_with_switching_drifts_abrupt,2000,HD,0.724775,0.7258517375511112,0.724775,0.7244553272007732,4,40,0.7247946602602345,1.0,switching_abrupt,synthetic,NB,24,24042
synthetic_dataset_with_switching_drifts_abrupt,2000,JS,0.724775,0.7258517375511112,0.724775,0.7244553272007732,4,40,0.7247946602602345,1.0,switching_abrupt,synthetic,NB,24,24042
synthetic_dataset_with_switching_drifts_abrupt,2500,Base,0.7307125,0.7317498984093461,0.7307125,0.730418954045021,0,32,0.7307315512856192,1.0,switching_abrupt,synthetic,NB,24,24042
synthetic_dataset_with_switching_drifts_abrupt,2500,KS95,0.7119,0.7125217043335194,0.7119,0.7116966097159305,29,32,0.7119153435020105,1.0,switching_abrupt,synthetic,NB,24,24042
synthetic_dataset_with_switching_drifts_abrupt,2500,KS90,0.7119,0.7125217043335194,0.7119,0.7116966097159305,29,32,0.7119153435020105,1.0,switching_abrupt,synthetic,NB,24,24042
synthetic_dataset_with_switching_drifts_abrupt,2500,HD,0.722825,0.7235824156842883,0.722825,0.7225975270919994,4,32,0.7228415402394843,1.0,switching_abrupt,synthetic,NB,24,24042
synthetic_dataset_with_switching_drifts_abrupt,2500,JS,0.722825,0.7235824156842883,0.722825,0.7225975270919994,4,32,0.7228415402394843,1.0,switching_abrupt,synthetic,NB,24,24042
synthetic_dataset_no_drifts,1000,Base,0.770125,0.770206844256027,0.770125,0.7701059290342644,0,80,0.7701198496208753,1.0,no_drifts,synthetic,NB,24,24042
synthetic_dataset_no_drifts,1000,KS95,0.7649875,0.7655149641372937,0.7649875,0.7648663558184938,8,80,0.7649745351072056,1.0,no_drifts,synthetic,NB,24,24042
synthetic_dataset_no_drifts,1000,KS90,0.7639375,0.7647758612001467,0.7639375,0.763744944248501,12,80,0.7639211710089371,1.0,no_drifts,synthetic,NB,24,24042
synthetic_dataset_no_drifts,1000,HD,0.7623375,0.7626763169515159,0.7623375,0.7622572471780844,5,80,0.7623270211068713,1.0,no_drifts,synthetic,NB,24,24042
synthetic_dataset_no_drifts,1000,JS,0.7625875,0.7628628454599048,0.7625875,0.7625220795780302,6,80,0.7625780418148651,1.0,no_drifts,synthetic,NB,24,24042
synthetic_dataset_no_drifts,1500,Base,0.7701125,0.7701913109275279,0.7701125,0.7700941028683168,0,53,0.7701074430542734,1.0,no_drifts,synthetic,NB,24,24042
synthetic_dataset_no_drifts,1500,KS95,0.7701125,0.7701913109275279,0.7701125,0.7700941028683168,0,53,0.7701074430542734,1.0,no_drifts,synthetic,NB,24,24042
synthetic_dataset_no_drifts,1500,KS90,0.7701125,0.7701913109275279,0.7701125,0.7700941028683168,0,53,0.7701074430542734,1.0,no_drifts,synthetic,NB,24,24042
synthetic_dataset_no_drifts,1500,HD,0.769725,0.7697932310435651,0.769725,0.7697089143755271,2,53,0.7697202807387677,1.0,no_drifts,synthetic,NB,24,24042
synthetic_dataset_no_drifts,1500,JS,0.769725,0.7697932310435651,0.769725,0.7697089143755271,2,53,0.7697202807387677,1.0,no_drifts,synthetic,NB,24,24042
synthetic_dataset_no_drifts,2000,Base,0.7699125,0.7699671509168036,0.7699125,0.7698994893755722,0,40,0.7699082623634192,1.0,no_drifts,synthetic,NB,24,24042
synthetic_dataset_no_drifts,2000,KS95,0.7611875,0.7614389346526095,0.7611875,0.7611269396280249,3,40,0.7611784294771182,1.0,no_drifts,synthetic,NB,24,24042
synthetic_dataset_no_drifts,2000,KS90,0.7611875,0.7614389346526095,0.7611875,0.7611269396280249,3,40,0.7611784294771182,1.0,no_drifts,synthetic,NB,24,24042
synthetic_dataset_no_drifts,2000,HD,0.767175,0.767318863884668,0.767175,0.7671414174798631,2,40,0.7671681811449799,1.0,no_drifts,synthetic,NB,24,24042
synthetic_dataset_no_drifts,2000,JS,0.767175,0.767318863884668,0.767175,0.7671414174798631,2,40,0.7671681811449799,1.0,no_drifts,synthetic,NB,24,24042
synthetic_dataset_no_drifts,2500,Base,0.7699625,0.7700292998571635,0.7699625,0.7699467658988834,0,32,0.7699578311298079,1.0,no_drifts,synthetic,NB,24,24042
synthetic_dataset_no_drifts,2500,KS95,0.76105,0.7610531128414494,0.76105,0.7610496081215883,1,32,0.7610508409974344,1.0,no_drifts,synthetic,NB,24,24042
synthetic_dataset_no_drifts,2500,KS90,0.75925,0.7592992421715012,0.75925,0.7592371456150308,2,32,0.7592458810256694,1.0,no_drifts,synthetic,NB,24,24042
synthetic_dataset_no_drifts,2500,HD,0.7699625,0.7700292998571635,0.7699625,0.7699467658988834,0,32,0.7699578311298079,1.0,no_drifts,synthetic,NB,24,24042
synthetic_dataset_no_drifts,2500,JS,0.7699625,0.7700292998571635,0.7699625,0.7699467658988834,0,32,0.7699578311298079,1.0,no_drifts,synthetic,NB,24,24042
synthetic_dataset_with_parallel_drifts_abrupt,1000,Base,0.708525,0.7085612967426272,0.708525,0.7085103817336534,0,80,0.7085209936297534,1.0,parallel_abrupt,synthetic,NB,12,12042
synthetic_dataset_with_parallel_drifts_abrupt,1000,KS95,0.706125,0.7061394765848561,0.706125,0.7061185669170272,26,80,0.7061223728367095,1.0,parallel_abrupt,synthetic,NB,12,12042
synthetic_dataset_with_parallel_drifts_abrupt,1000,KS90,0.7053125,0.7053130849671259,0.7053125,0.705312482917334,28,80,0.705312783506539,1.0,parallel_abrupt,synthetic,NB,12,12042
synthetic_dataset_with_parallel_drifts_abrupt,1000,HD,0.708775,0.7090565470699323,0.708775,0.7086716446669532,16,80,0.7087642374601761,1.0,parallel_abrupt,synthetic,NB,12,12042
synthetic_dataset_with_parallel_drifts_abrupt,1000,JS,0.71085,0.7112516882316491,0.71085,0.7107063204289903,11,80,0.7108372543955672,1.0,parallel_abrupt,synthetic,NB,12,12042
synthetic_dataset_with_parallel_drifts_abrupt,1500,Base,0.7089875,0.7090480588629466,0.7089875,0.708963950010135,0,53,0.7089823940948041,1.0,parallel_abrupt,synthetic,NB,12,12042
synthetic_dataset_with_parallel_drifts_abrupt,1500,KS95,0.707975,0.7082220485297346,0.707975,0.7078833766727919,25,53,0.7079648840708899,1.0,parallel_abrupt,synthetic,NB,12,12042
synthetic_dataset_with_parallel_drifts_abrupt,1500,KS90,0.7078375,0.7080912438528963,0.7078375,0.7077433573487014,27,53,0.7078272474628837,1.0,parallel_abrupt,synthetic,NB,12,12042
synthetic_dataset_with_parallel_drifts_abrupt,1500,HD,0.7089625,0.7091107062492173,0.7089625,0.7089070878776084,2,53,0.708954634085626,1.0,parallel_abrupt,synthetic,NB,12,12042
synthetic_dataset_with_parallel_drifts_abrupt,1500,JS,0.709275,0.7095080099562975,0.709275,0.7091893644964313,3,53,0.709265200750807,1.0,parallel_abrupt,synthetic,NB,12,12042
synthetic_dataset_with_parallel_drifts_abrupt,2000,Base,0.709,0.7090794696382088,0.709,0.7089695220125319,0,40,0.7089941825362016,1.0,parallel_abrupt,synthetic,NB,12,12042
synthetic_dataset_with_parallel_drifts_abrupt,2000,KS95,0.708525,0.7087655797922736,0.708525,0.7084361140198921,23,40,0.708515028002781,1.0,parallel_abrupt,synthetic,NB,12,12042
synthetic_dataset_with_parallel_drifts_abrupt,2000,KS90,0.7082,0.7084509345943698,0.7082,0.7081071497409891,24,40,0.7081898122702566,1.0,parallel_abrupt,synthetic,NB,12,12042
synthetic_dataset_with_parallel_drifts_abrupt,2000,HD,0.706975,0.7071563923899112,0.706975,0.7069065254237695,5,40,0.7069662781157258,1.0,parallel_abrupt,synthetic,NB,12,12042
synthetic_dataset_with_parallel_drifts_abrupt,2000,JS,0.7097625,0.7101886512804846,0.7097625,0.7096089050567297,5,40,0.7097493443483771,1.0,parallel_abrupt,synthetic,NB,12,12042
synthetic_dataset_with_parallel_drifts_abrupt,2500,Base,0.7085375,0.7086368341577436,0.7085375,0.7084996404531719,0,32,0.7085310139455665,1.0,parallel_abrupt,synthetic,NB,12,12042
synthetic_dataset_with_parallel_drifts_abrupt,2500,KS95,0.707,0.7070700210352402,0.707,0.7069725241211329,23,32,0.706994498125056,1.0,parallel_abrupt,synthetic,NB,12,12042
synthetic_dataset_with_parallel_drifts_abrupt,2500,KS90,0.7064,0.7064517738311684,0.7064,0.7063792445790221,27,32,0.7063952310519233,1.0,parallel_abrupt,synthetic,NB,12,12042
synthetic_dataset_with_parallel_drifts_abrupt,2500,HD,0.7091625,0.7091863060986326,0.7091625,0.7091526553735673,5,32,0.709159219778267,1.0,parallel_abrupt,synthetic,NB,12,12042
synthetic_dataset_with_parallel_drifts_abrupt,2500,JS,0.708875,0.7089821771316299,0.708875,0.7088343959460979,2,32,0.7088682768695741,1.0,parallel_abrupt,synthetic,NB,12,12042
synthetic_dataset_with_switching_drifts_incremental,1000,Base,0.70795,0.7079924772739116,0.70795,0.7079329873840746,0,80,0.7079456771895396,1.0,switching_incremental,synthetic,NB,12,12042
synthetic_dataset_with_switching_drifts_incremental,1000,KS95,0.7048375,0.7048374651608279,0.7048374999999999,0.7048374578009617,39,80,0.7048372945993305,1.0,switching_incremental,synthetic,NB,12,12042
synthetic_dataset_with_switching_drifts_incremental,1000,KS90,0.7046125,0.7046135378072227,0.7046125,0.7046123996143911,46,80,0.7046129414001537,1.0,switching_incremental,synthetic,NB,12,12042
synthetic_dataset_with_switching_drifts_incremental,1000,HD,0.70895,0.709202602332262,0.70895,0.7088571284579619,6,80,0.7089397981432206,1.0,switching_incremental,synthetic,NB,12,12042
synthetic_dataset_with_switching_drifts_incremental,1000,JS,0.7091375,0.7093318921450847,0.7091375,0.7090655823954419,5,80,0.7091285272681193,1.0,switching_incremental,synthetic,NB,12,12042
synthetic_dataset_with_switching_drifts_incremental,1500,Base,0.7083375,0.7083989242198795,0.7083375,0.7083135019566696,0,53,0.7083323507548833,1.0,switching_incremental,synthetic,NB,12,12042
synthetic_dataset_with_switching_drifts_incremental,1500,KS95,0.70665,0.7066859352074837,0.70665,0.7066352876972888,29,53,0.7066459930098313,1.0,switching_incremental,synthetic,NB,12,12042
synthetic_dataset_with_switching_drifts_incremental,1500,KS90,0.706275,0.7063321027901651,0.706275,0.7062522116617101,33,53,0.7062700010105192,1.0,switching_incremental,synthetic,NB,12,12042
synthetic_dataset_with_switching_drifts_incremental,1500,HD,0.7074,0.7074740365430913,0.7074,0.7073711257734316,8,53,0.7073943545072585,1.0,switching_incremental,synthetic,NB,12,12042
synthetic_dataset_with_switching_drifts_incremental,1500,JS,0.707075,0.7070795271639876,0.707075,0.7070726657311106,6,53,0.7070734369011551,1.0,switching_incremental,synthetic,NB,12,12042
synthetic_dataset_with_switching_drifts_incremental,2000,Base,0.7092125,0.7092914449776169,0.7092125,0.7091822671786671,0,40,0.7092067041689667,1.0,switching_incremental,synthetic,NB,12,12042
synthetic_dataset_with_switching_drifts_incremental,2000,KS95,0.7087625,0.7088712789449331,0.7087625,0.7087212758069827,22,40,0.7087557265198621,1.0,switching_incremental,synthetic,NB,12,12042
synthetic_dataset_with_switching_drifts_incremental,2000,KS90,0.70905,0.7091669624927716,0.70905,0.7090059097109758,24,40,0.7090429894273385,1.0,switching_incremental,synthetic,NB,12,12042
synthetic_dataset_with_switching_drifts_incremental,2000,HD,0.708075,0.7081423815662751,0.708075,0.7080487446760374,2,40,0.7080696134805159,1.0,switching_incremental,synthetic,NB,12,12042
synthetic_dataset_with_switching_drifts_incremental,2000,JS,0.7103625,0.7106607749450496,0.7103625,0.710254595468226,3,40,0.7103514720474554,1.0,switching_incremental,synthetic,NB,12,12042
synthetic_dataset_with_switching_drifts_incremental,2500,Base,0.7095375,0.7096355183100195,0.7095375,0.7095004298745045,0,32,0.7095310717762106,1.0,switching_incremental,synthetic,NB,12,12042
synthetic_dataset_with_switching_drifts_incremental,2500,KS95,0.7071375,0.7071883326223999,0.7071375,0.7071172256844639,12,32,0.7071327816082759,1.0,switching_incremental,synthetic,NB,12,12042
synthetic_dataset_with_switching_drifts_incremental,2500,KS90,0.7065625,0.7065688665422812,0.7065625,0.7065593769142211,22,32,0.7065606851691266,1.0,switching_incremental,synthetic,NB,12,12042
synthetic_dataset_with_switching_drifts_incremental,2500,HD,0.70835,0.7083846313051924,0.70835,0.7083359865796781,2,32,0.7083460798219228,1.0,switching_incremental,synthetic,NB,12,12042
synthetic_dataset_with_switching_drifts_incremental,2500,JS,0.70835,0.7083846313051924,0.70835,0.7083359865796781,2,32,0.7083460798219228,1.0,switching_incremental,synthetic,NB,12,12042
synthetic_dataset_with_parallel_drifts_incremental,1000,Base,0.7088625,0.7089056315820369,0.7088625,0.7088453733420813,0,80,0.7088581559287278,1.0,parallel_incremental,synthetic,NB,12,12042
synthetic_dataset_with_parallel_drifts_incremental,1000,KS95,0.7061875,0.7061877079801583,0.7061875,0.7061875235509095,21,80,0.7061875969207743,1.0,parallel_incremental,synthetic,NB,12,12042
synthetic_dataset_with_parallel_drifts_incremental,1000,KS90,0.70515,0.7051730752389546,0.70515,0.7051431954597978,24,80,0.705152835016156,1.0,parallel_incremental,synthetic,NB,12,12042
synthetic_dataset_with_parallel_drifts_incremental,1000,HD,0.706975,0.7070228391270273,0.706975,0.7069602000829857,5,80,0.7069791581199842,1.0,parallel_incremental,synthetic,NB,12,12042
synthetic_dataset_with_parallel_drifts_incremental,1000,JS,0.706975,0.7070228391270273,0.706975,0.7069602000829857,5,80,0.7069791581199842,1.0,parallel_incremental,synthetic,NB,12,12042
synthetic_dataset_with_parallel_drifts_incremental,1500,Base,0.70915,0.7092155154590098,0.70915,0.7091246627999335,0,53,0.7091447000859664,1.0,parallel_incremental,synthetic,NB,12,12042
synthetic_dataset_with_parallel_drifts_incremental,1500,KS95,0.7082625,0.7083231866480961,0.7082625,0.7082387598534082,19,53,0.7082573794800961,1.0,parallel_incremental,synthetic,NB,12,12042
synthetic_dataset_with_parallel_drifts_incremental,1500,KS90,0.7082875,0.7083748032394543,0.7082875,0.7082539656323429,21,53,0.7082814019880386,1.0,parallel_incremental,synthetic,NB,12,12042
synthetic_dataset_with_parallel_drifts_incremental,1500,HD,0.7082125,0.708281248427736,0.7082125,0.7081857702577206,3,53,0.7082070632134604,1.0,parallel_incremental,synthetic,NB,12,12042
synthetic_dataset_with_parallel_drifts_incremental,1500,JS,0.7088375,0.7089845013486762,0.7088375,0.7087824653115814,2,53,0.7088296627943073,1.0,parallel_incremental,synthetic,NB,12,12042
synthetic_dataset_with_parallel_drifts_incremental,2000,Base,0.70935,0.7094316683454597,0.70935,0.7093188100806739,0,40,0.7093441107768965,1.0,parallel_incremental,synthetic,NB,12,12042
synthetic_dataset_with_parallel_drifts_incremental,2000,KS95,0.7096875,0.7098060849121546,0.7096875,0.709643058232703,19,40,0.7096804537006001,1.0,parallel_incremental,synthetic,NB,12,12042
synthetic_dataset_with_parallel_drifts_incremental,2000,KS90,0.708975,0.7091496557870816,0.708975,0.7089100729149548,22,40,0.7089664800270424,1.0,parallel_incremental,synthetic,NB,12,12042
synthetic_dataset_with_parallel_drifts_incremental,2000,HD,0.7082625,0.7083034248190218,0.7082625,0.7082461128857536,3,40,0.7082582563553861,1.0,parallel_incremental,synthetic,NB,12,12042
synthetic_dataset_with_parallel_drifts_incremental,2000,JS,0.708475,0.708654691750701,0.708475,0.708407986092519,3,40,0.7084663504866872,1.0,parallel_incremental,synthetic,NB,12,12042
synthetic_dataset_with_parallel_drifts_incremental,2500,Base,0.7094875,0.7095896174302616,0.7094875,0.7094489311265771,0,32,0.7094809423846367,1.0,parallel_incremental,synthetic,NB,12,12042
synthetic_dataset_with_parallel_drifts_incremental,2500,KS95,0.706975,0.7070118220381206,0.706975,0.7069599907927328,18,32,0.7069709499922703,1.0,parallel_incremental,synthetic,NB,12,12042
synthetic_dataset_with_parallel_drifts_incremental,2500,KS90,0.7068375,0.7068863255262086,0.7068374999999999,0.70681793059717,24,32,0.7068328677591168,1.0,parallel_incremental,synthetic,NB,12,12042
synthetic_dataset_with_parallel_drifts_incremental,2500,HD,0.709175,0.7092960324986467,0.709175,0.7091294842466991,1,32,0.7091678744686285,1.0,parallel_incremental,synthetic,NB,12,12042
synthetic_dataset_with_parallel_drifts_incremental,2500,JS,0.709175,0.7092960324986467,0.709175,0.7091294842466991,1,32,0.7091678744686285,1.0,parallel_incremental,synthetic,NB,12,12042
synthetic_dataset_with_switching_drifts_abrupt,1000,Base,0.6906375,0.6906534503085326,0.6906375,0.690629478819303,0,80,0.6906346305285748,1.0,switching_abrupt,synthetic,NB,12,12042
synthetic_dataset_with_switching_drifts_abrupt,1000,KS95,0.6760875,0.6760888771754717,0.6760875,0.6760862633058669,74,80,0.6760864225935735,1.0,switching_abrupt,synthetic,NB,12,12042
synthetic_dataset_with_switching_drifts_abrupt,1000,KS90,0.6760875,0.6760888771754717,0.6760875,0.6760862633058669,74,80,0.6760864225935735,1.0,switching_abrupt,synthetic,NB,12,12042
synthetic_dataset_with_switching_drifts_abrupt,1000,HD,0.6908625,0.691232034114394,0.6908625,0.6907059433976,2,80,0.6908496255996575,1.0,switching_abrupt,synthetic,NB,12,12042
synthetic_dataset_with_switching_drifts_abrupt,1000,JS,0.68615,0.6864265291583601,0.68615,0.6860270899609379,17,80,0.6861386837296023,1.0,switching_abrupt,synthetic,NB,12,12042
synthetic_dataset_with_switching_drifts_abrupt,1500,Base,0.6908,0.6908336354146762,0.6908,0.6907841622834672,0,53,0.6907959446444093,1.0,switching_abrupt,synthetic,NB,12,12042
synthetic_dataset_with_switching_drifts_abrupt,1500,KS95,0.682525,0.682544320696167,0.682525,0.6825147563034186,49,53,0.6825217900337669,1.0,switching_abrupt,synthetic,NB,12,12042
synthetic_dataset_with_switching_drifts_abrupt,1500,KS90,0.682525,0.682544320696167,0.682525,0.6825147563034186,49,53,0.6825217900337669,1.0,switching_abrupt,synthetic,NB,12,12042
synthetic_dataset_with_switching_drifts_abrupt,1500,HD,0.6885,0.6885568824936295,0.6885,0.6884735863099144,5,53,0.6884947651335818,1.0,switching_abrupt,synthetic,NB,12,12042
synthetic_dataset_with_switching_drifts_abrupt,1500,JS,0.6885,0.6885568824936295,0.6885,0.6884735863099144,5,53,0.6884947651335818,1.0,switching_abrupt,synthetic,NB,12,12042
synthetic_dataset_with_switching_drifts_abrupt,2000,Base,0.692475,0.6925341994418704,0.692475,0.692448496603277,0,40,0.6924697233228023,1.0,switching_abrupt,synthetic,NB,12,12042
synthetic_dataset_with_switching_drifts_abrupt,2000,KS95,0.6816625,0.6817234548067636,0.6816625,0.6816325709517818,37,40,0.6816569825603399,1.0,switching_abrupt,synthetic,NB,12,12042
synthetic_dataset_with_switching_drifts_abrupt,2000,KS90,0.6816625,0.6817234548067636,0.6816625,0.6816325709517818,37,40,0.6816569825603399,1.0,switching_abrupt,synthetic,NB,12,12042
synthetic_dataset_with_switching_drifts_abrupt,2000,HD,0.6913875,0.6917323638691263,0.6913875,0.6912417973309306,2,40,0.691375071398383,1.0,switching_abrupt,synthetic,NB,12,12042
synthetic_dataset_with_switching_drifts_abrupt,2000,JS,0.6913875,0.6917323638691263,0.6913875,0.6912417973309306,2,40,0.691375071398383,1.0,switching_abrupt,synthetic,NB,12,12042
synthetic_dataset_with_switching_drifts_abrupt,2500,Base,0.690975,0.6910350457785495,0.690975,0.6909477901194395,0,32,0.6909696653268456,1.0,switching_abrupt,synthetic,NB,12,12042
synthetic_dataset_with_switching_drifts_abrupt,2500,KS95,0.6813875,0.6814437877715521,0.6813875,0.6813596698491295,29,32,0.6813821837194844,1.0,switching_abrupt,synthetic,NB,12,12042
synthetic_dataset_with_switching_drifts_abrupt,2500,KS90,0.681175,0.6812276022908307,0.681175,0.6811488393173115,31,32,0.6811698489617812,1.0,switching_abrupt,synthetic,NB,12,12042
synthetic_dataset_with_switching_drifts_abrupt,2500,HD,0.6914375,0.6922190377796482,0.6914375,0.6911132624957117,4,32,0.6914189332878848,1.0,switching_abrupt,synthetic,NB,12,12042
synthetic_dataset_with_switching_drifts_abrupt,2500,JS,0.6914375,0.6922190377796482,0.6914375,0.6911132624957117,4,32,0.6914189332878848,1.0,switching_abrupt,synthetic,NB,12,12042
synthetic_dataset_no_drifts,1000,Base,0.708775,0.7088191689373768,0.708775,0.7087574747639772,0,80,0.7087706055872814,1.0,no_drifts,synthetic,NB,12,12042
synthetic_dataset_no_drifts,1000,KS95,0.7079875,0.70799028071224,0.7079875,0.7079869919433035,1,80,0.7079883450161466,1.0,no_drifts,synthetic,NB,12,12042
synthetic_dataset_no_drifts,1000,KS90,0.7105625,0.7106670446844204,0.7105625,0.7105234036110931,6,80,0.7105558852400395,1.0,no_drifts,synthetic,NB,12,12042
synthetic_dataset_no_drifts,1000,HD,0.7077375,0.7078368828392821,0.7077375,0.70769936971972,5,80,0.7077309993060618,1.0,no_drifts,synthetic,NB,12,12042
synthetic_dataset_no_drifts,1000,JS,0.7077375,0.7078544235759356,0.7077375,0.7076929404337178,6,80,0.7077304674308857,1.0,no_drifts,synthetic,NB,12,12042
synthetic_dataset_no_drifts,1500,Base,0.7091125,0.7091800557263834,0.7091125,0.7090864069497178,0,53,0.7091071210110419,1.0,no_drifts,synthetic,NB,12,12042
synthetic_dataset_no_drifts,1500,KS95,0.7081625,0.7083278164568161,0.7081625,0.708100515207607,1,53,0.7081541881959784,1.0,no_drifts,synthetic,NB,12,12042
synthetic_dataset_no_drifts,1500,KS90,0.7090375,0.7093174944971128,0.7090375,0.7089349223121996,4,53,0.709026773484477,1.0,no_drifts,synthetic,NB,12,12042
synthetic_dataset_no_drifts,1500,HD,0.7084375,0.7086421821592561,0.7084374999999999,0.7083614574932748,8,53,0.7084282826616008,1.0,no_drifts,synthetic,NB,12,12042
synthetic_dataset_no_drifts,1500,JS,0.7092,0.7095758834015533,0.7092,0.709063496324688,9,53,0.7091876132251547,1.0,no_drifts,synthetic,NB,12,12042
synthetic_dataset_no_drifts,2000,Base,0.7094875,0.7095706816159054,0.7094875,0.7094557956660761,0,40,0.709481560509841,1.0,no_drifts,synthetic,NB,12,12042
synthetic_dataset_no_drifts,2000,KS95,0.7103125,0.7106917900922086,0.7103125,0.7101760470293975,3,40,0.7103000920304678,1.0,no_drifts,synthetic,NB,12,12042
synthetic_dataset_no_drifts,2000,KS90,0.71005,0.7104355401455449,0.71005,0.7099110514237298,5,40,0.7100374841311432,1.0,no_drifts,synthetic,NB,12,12042
synthetic_dataset_no_drifts,2000,HD,0.7091625,0.7094245603133915,0.7091625,0.7090664187557604,4,40,0.7091521185259192,1.0,no_drifts,synthetic,NB,12,12042
synthetic_dataset_no_drifts,2000,JS,0.710475,0.7106437328748351,0.710475,0.710412977529177,4,40,0.7104666530230371,1.0,no_drifts,synthetic,NB,12,12042
synthetic_dataset_no_drifts,2500,Base,0.7094375,0.7095409847558851,0.7094375,0.7093984204043652,0,32,0.7094308992430911,1.0,no_drifts,synthetic,NB,12,12042
synthetic_dataset_no_drifts,2500,KS95,0.7094375,0.7095409847558851,0.7094375,0.7093984204043652,0,32,0.7094308992430911,1.0,no_drifts,synthetic,NB,12,12042
synthetic_dataset_no_drifts,2500,KS90,0.70845,0.708481241492469,0.70845,0.7084372754233079,3,32,0.7084462667300471,1.0,no_drifts,synthetic,NB,12,12042
synthetic_dataset_no_drifts,2500,HD,0.7090875,0.7092077248977212,0.7090875,0.7090422432346181,1,32,0.7090803960022061,1.0,no_drifts,synthetic,NB,12,12042
synthetic_dataset_no_drifts,2500,JS,0.709525,0.709644737844975,0.709525,0.70948008275009,2,32,0.7095179177093617,1.0,no_drifts,synthetic,NB,12,12042
synthetic_dataset_with_parallel_drifts_abrupt,1000,Base,0.6268125,0.6272325384127223,0.6268125,0.626514717396319,0,80,0.6268238152918104,1.0,parallel_abrupt,synthetic,NB,15,15042
synthetic_dataset_with_parallel_drifts_abrupt,1000,KS95,0.6192875,0.6206612057785141,0.6192875,0.6182216884848301,30,80,0.6193086540893846,1.0,parallel_abrupt,synthetic,NB,15,15042
synthetic_dataset_with_parallel_drifts_abrupt,1000,KS90,0.622025,0.6229164158510437,0.622025,0.6213547084837435,34,80,0.622041849526696,1.0,parallel_abrupt,synthetic,NB,15,15042
synthetic_dataset_with_parallel_drifts_abrupt,1000,HD,0.6212,0.6223659483570507,0.6212,0.6203142671796896,13,80,0.6212193393950944,1.0,parallel_abrupt,synthetic,NB,15,15042
synthetic_dataset_with_parallel_drifts_abrupt,1000,JS,0.6253375,0.6259845455053601,0.6253375,0.6248690810153922,8,80,0.6253516550562648,1.0,parallel_abrupt,synthetic,NB,15,15042
synthetic_dataset_with_parallel_drifts_abrupt,1500,Base,0.630675,0.6310219583843697,0.630675,0.630439399162573,0,53,0.6306851209096194,1.0,parallel_abrupt,synthetic,NB,15,15042
synthetic_dataset_with_parallel_drifts_abrupt,1500,KS95,0.622475,0.6235988394967904,0.622475,0.6216329824895812,26,53,0.6224938895990223,1.0,parallel_abrupt,synthetic,NB,15,15042
synthetic_dataset_with_parallel_drifts_abrupt,1500,KS90,0.624075,0.6249800339166862,0.624075,0.6234091373052821,28,53,0.6240918398546944,1.0,parallel_abrupt,synthetic,NB,15,15042
synthetic_dataset_with_parallel_drifts_abrupt,1500,HD,0.6290375,0.6295764600099961,0.6290375,0.6286628937643838,2,53,0.6290502256480361,1.0,parallel_abrupt,synthetic,NB,15,15042
synthetic_dataset_with_parallel_drifts_abrupt,1500,JS,0.625925,0.6266143426939832,0.625925,0.6254287302192284,3,53,0.6259395801503328,1.0,parallel_abrupt,synthetic,NB,15,15042
synthetic_dataset_with_parallel_drifts_abrupt,2000,Base,0.6290375,0.6293410440486182,0.6290375,0.6288283731451795,0,40,0.6290470156475225,1.0,parallel_abrupt,synthetic,NB,15,15042
synthetic_dataset_with_parallel_drifts_abrupt,2000,KS95,0.6218,0.6227184480951878,0.6218,0.6211075773575748,23,40,0.6218171194907391,1.0,parallel_abrupt,synthetic,NB,15,15042
synthetic_dataset_with_parallel_drifts_abrupt,2000,KS90,0.6218,0.6227184480951878,0.6218,0.6211075773575748,23,40,0.6218171194907391,1.0,parallel_abrupt,synthetic,NB,15,15042
synthetic_dataset_with_parallel_drifts_abrupt,2000,HD,0.627425,0.6280226966620699,0.627425,0.6270020387972515,5,40,0.6274384903901584,1.0,parallel_abrupt,synthetic,NB,15,15042
synthetic_dataset_with_parallel_drifts_abrupt,2000,JS,0.6279875,0.6285715594284672,0.6279875,0.6275767113061457,1,40,0.6280008054801289,1.0,parallel_abrupt,synthetic,NB,15,15042
synthetic_dataset_with_parallel_drifts_abrupt,2500,Base,0.630475,0.6307040375921245,0.630475,0.6303204151127222,0,32,0.6304832008773121,1.0,parallel_abrupt,synthetic,NB,15,15042
synthetic_dataset_with_parallel_drifts_abrupt,2500,KS95,0.62555,0.6260304039476692,0.62555,0.6252042173502766,23,32,0.6255621700899473,1.0,parallel_abrupt,synthetic,NB,15,15042
synthetic_dataset_with_parallel_drifts_abrupt,2500,KS90,0.62555,0.6260304039476692,0.62555,0.6252042173502766,23,32,0.6255621700899473,1.0,parallel_abrupt,synthetic,NB,15,15042
synthetic_dataset_with_parallel_drifts_abrupt,2500,HD,0.6288125,0.6291919553892923,0.6288125,0.6285494470112474,2,32,0.6288231656117065,1.0,parallel_abrupt,synthetic,NB,15,15042
synthetic_dataset_with_parallel_drifts_abrupt,2500,JS,0.6301375,0.6306492718718623,0.6301375,0.6297860342131536,4,32,0.6301498458239753,1.0,parallel_abrupt,synthetic,NB,15,15042
synthetic_dataset_with_switching_drifts_incremental,1000,Base,0.6455125,0.6459712037683149,0.6455125,0.6452425218185597,0,80,0.6455235582837693,1.0,switching_incremental,synthetic,NB,15,15042
synthetic_dataset_with_switching_drifts_incremental,1000,KS95,0.640025,0.6402911916606827,0.640025,0.6398612406627276,46,80,0.6400335524053683,1.0,switching_incremental,synthetic,NB,15,15042
synthetic_dataset_with_switching_drifts_incremental,1000,KS90,0.64055,0.6407365390333167,0.64055,0.6404367302750166,52,80,0.6405571224891395,1.0,switching_incremental,synthetic,NB,15,15042
synthetic_dataset_with_switching_drifts_incremental,1000,HD,0.6451375,0.6453996290783691,0.6451375,0.6449841059402235,7,80,0.6451458382233343,1.0,switching_incremental,synthetic,NB,15,15042
synthetic_dataset_with_switching_drifts_incremental,1000,JS,0.6439125,0.6441508786355146,0.6439125,0.6437716225267391,9,80,0.6439204780272765,1.0,switching_incremental,synthetic,NB,15,15042
synthetic_dataset_with_switching_drifts_incremental,1500,Base,0.646525,0.6469507796678315,0.646525,0.646277083298055,0,53,0.6465356134456982,1.0,switching_incremental,synthetic,NB,15,15042
synthetic_dataset_with_switching_drifts_incremental,1500,KS95,0.6420375,0.6426303877513747,0.6420375,0.6416754516031704,32,53,0.642050237728038,1.0,switching_incremental,synthetic,NB,15,15042
synthetic_dataset_with_switching_drifts_incremental,1500,KS90,0.6422,0.6427958646078606,0.6422,0.6418366900057043,33,53,0.642212762754042,1.0,switching_incremental,synthetic,NB,15,15042
synthetic_dataset_with_switching_drifts_incremental,1500,HD,0.64155,0.6429197036314684,0.64155,0.6407048787505885,3,53,0.6415694226511076,1.0,switching_incremental,synthetic,NB,15,15042
synthetic_dataset_with_switching_drifts_incremental,1500,JS,0.6458125,0.6462721264825032,0.6458125,0.6455427502989841,3,53,0.6458235583317694,1.0,switching_incremental,synthetic,NB,15,15042
synthetic_dataset_with_switching_drifts_incremental,2000,Base,0.647075,0.64746498149237,0.647075,0.646849414745299,0,40,0.6470851335336214,1.0,switching_incremental,synthetic,NB,15,15042
synthetic_dataset_with_switching_drifts_incremental,2000,KS95,0.6435875,0.6441535948783159,0.6435875,0.6432471628070965,26,40,0.6435998779759805,1.0,switching_incremental,synthetic,NB,15,15042
synthetic_dataset_with_switching_drifts_incremental,2000,KS90,0.6429375,0.6435349925940038,0.6429375,0.642575793007582,26,40,0.6429502478720397,1.0,switching_incremental,synthetic,NB,15,15042
synthetic_dataset_with_switching_drifts_incremental,2000,HD,0.6472375,0.6475704530036868,0.6472375,0.6470456948776709,1,40,0.6472468485594959,1.0,switching_incremental,synthetic,NB,15,15042
synthetic_dataset_with_switching_drifts_incremental,2000,JS,0.648075,0.6483048852711932,0.648075,0.6479445565309264,2,40,0.6480827236932358,1.0,switching_incremental,synthetic,NB,15,15042
synthetic_dataset_with_switching_drifts_incremental,2500,Base,0.6464125,0.6467415476373691,0.6464125,0.6462214820897685,0,32,0.6464218184274909,1.0,switching_incremental,synthetic,NB,15,15042
synthetic_dataset_with_switching_drifts_incremental,2500,KS95,0.6445625,0.6449846794702475,0.6445625,0.6443120275575669,19,32,0.644573138131702,1.0,switching_incremental,synthetic,NB,15,15042
synthetic_dataset_with_switching_drifts_incremental,2500,KS90,0.6441875,0.6446651922744092,0.6441875,0.643902574461184,23,32,0.6441988380718141,1.0,switching_incremental,synthetic,NB,15,15042
synthetic_dataset_with_switching_drifts_incremental,2500,HD,0.645625,0.6458664165885329,0.645625,0.6454846236525933,3,32,0.6456329833012773,1.0,switching_incremental,synthetic,NB,15,15042
synthetic_dataset_with_switching_drifts_incremental,2500,JS,0.6458375,0.6462261734507602,0.6458375,0.6456100020159004,2,32,0.6458476583356253,1.0,switching_incremental,synthetic,NB,15,15042
synthetic_dataset_with_parallel_drifts_incremental,1000,Base,0.6462,0.6466820887065776,0.6462,0.6459179376289125,0,80,0.6462113133938101,1.0,parallel_incremental,synthetic,NB,15,15042
synthetic_dataset_with_parallel_drifts_incremental,1000,KS95,0.6441375,0.6442744889422669,0.6441375,0.6440578276537744,24,80,0.6441435080629613,1.0,parallel_incremental,synthetic,NB,15,15042
synthetic_dataset_with_parallel_drifts_incremental,1000,KS90,0.644,0.6441344296601388,0.644,0.6439217556017568,28,80,0.6440059530409525,1.0,parallel_incremental,synthetic,NB,15,15042
synthetic_dataset_with_parallel_drifts_incremental,1000,HD,0.6451,0.6454729721882266,0.6451,0.644880280498233,12,80,0.6451099732175958,1.0,parallel_incremental,synthetic,NB,15,15042
synthetic_dataset_with_parallel_drifts_incremental,1000,JS,0.6451375,0.6454308149678399,0.6451375,0.6449654836718622,12,80,0.6451463282234126,1.0,parallel_incremental,synthetic,NB,15,15042
synthetic_dataset_with_parallel_drifts_incremental,1500,Base,0.6460625,0.6464969123685688,0.6460625,0.6458083595196477,0,53,0.6460732383717182,1.0,parallel_incremental,synthetic,NB,15,15042
synthetic_dataset_with_parallel_drifts_incremental,1500,KS95,0.64465,0.6451584909814118,0.64465,0.6443478120591563,19,53,0.6446616831458694,1.0,parallel_incremental,synthetic,NB,15,15042
synthetic_dataset_with_parallel_drifts_incremental,1500,KS90,0.6447875,0.6451825076427704,0.6447875,0.6445538884748123,22,53,0.6447977781676445,1.0,parallel_incremental,synthetic,NB,15,15042
synthetic_dataset_with_parallel_drifts_incremental,1500,HD,0.645875,0.6463278515429908,0.645875,0.6456094400990804,1,53,0.6458859733417559,1.0,parallel_incremental,synthetic,NB,15,15042
synthetic_dataset_with_parallel_drifts_incremental,1500,JS,0.645875,0.6463278515429908,0.645875,0.6456094400990804,1,53,0.6458859733417559,1.0,parallel_incremental,synthetic,NB,15,15042
synthetic_dataset_with_parallel_drifts_incremental,2000,Base,0.6469,0.6473118668078484,0.6469,0.6466611595422377,0,40,0.6469104235056679,1.0,parallel_incremental,synthetic,NB,15,15042
synthetic_dataset_with_parallel_drifts_incremental,2000,KS95,0.646125,0.6464850837232156,0.646125,0.6459150712701538,18,40,0.6461347633815622,1.0,parallel_incremental,synthetic,NB,15,15042
synthetic_dataset_with_parallel_drifts_incremental,2000,KS90,0.646125,0.6464850837232156,0.646125,0.6459150712701538,18,40,0.6461347633815622,1.0,parallel_incremental,synthetic,NB,15,15042
synthetic_dataset_with_parallel_drifts_incremental,2000,HD,0.6450125,0.645591438744367,0.6450125,0.6446691150847998,1,40,0.6450249582039933,1.0,parallel_incremental,synthetic,NB,15,15042
synthetic_dataset_with_parallel_drifts_incremental,2000,JS,0.64775,0.6480375467111742,0.64775,0.6475855930381877,1,40,0.6477586636413861,1.0,parallel_incremental,synthetic,NB,15,15042
synthetic_dataset_with_parallel_drifts_incremental,2500,Base,0.646525,0.6468553394977962,0.646525,0.646333425668873,0,32,0.6465343334454934,1.0,parallel_incremental,synthetic,NB,15,15042
synthetic_dataset_with_parallel_drifts_incremental,2500,KS95,0.6439625,0.6445641849958266,0.6439625,0.6436018313402752,14,32,0.6439752480360397,1.0,parallel_incremental,synthetic,NB,15,15042
synthetic_dataset_with_parallel_drifts_incremental,2500,KS90,0.6436375,0.6442962226966001,0.6436375,0.6432410215548319,16,32,0.6436508579841371,1.0,parallel_incremental,synthetic,NB,15,15042
synthetic_dataset_with_parallel_drifts_incremental,2500,HD,0.6443875,0.6449806369271238,0.6443875,0.6440334694149551,4,32,0.6444001381040221,1.0,parallel_incremental,synthetic,NB,15,15042
synthetic_dataset_with_parallel_drifts_incremental,2500,JS,0.645075,0.6454998200097917,0.645075,0.6448241808124054,1,32,0.6450856532137046,1.0,parallel_incremental,synthetic,NB,15,15042
synthetic_dataset_with_switching_drifts_abrupt,1000,Base,0.6085375,0.6086241045140228,0.6085375,0.6084654966390944,0,80,0.6085429423668708,1.0,switching_abrupt,synthetic,NB,15,15042
synthetic_dataset_with_switching_drifts_abrupt,1000,KS95,0.5981375,0.5984158759875275,0.5981375,0.5978659375846431,75,80,0.5981479107036658,1.0,switching_abrupt,synthetic,NB,15,15042
synthetic_dataset_with_switching_drifts_abrupt,1000,KS90,0.5981625,0.5984133198453007,0.5981625,0.5979184523935952,77,80,0.5981723707075792,1.0,switching_abrupt,synthetic,NB,15,15042
synthetic_dataset_with_switching_drifts_abrupt,1000,HD,0.6082875,0.6083288386207155,0.6082875,0.6082542682681673,2,80,0.6082912023265925,1.0,switching_abrupt,synthetic,NB,15,15042
synthetic_dataset_with_switching_drifts_abrupt,1000,JS,0.6082875,0.6083288386207155,0.6082875,0.6082542682681673,2,80,0.6082912023265925,1.0,switching_abrupt,synthetic,NB,15,15042
synthetic_dataset_with_switching_drifts_abrupt,1500,Base,0.6096,0.6096298349476562,0.6096,0.6095768674987968,0,53,0.6096030975364956,1.0,switching_abrupt,synthetic,NB,15,15042
synthetic_dataset_with_switching_drifts_abrupt,1500,KS95,0.6065375,0.6068661440252444,0.6065375,0.6062470073714061,49,53,0.6065483820477411,1.0,switching_abrupt,synthetic,NB,15,15042
synthetic_dataset_with_switching_drifts_abrupt,1500,KS90,0.6065375,0.6068661440252444,0.6065375,0.6062470073714061,49,53,0.6065483820477411,1.0,switching_abrupt,synthetic,NB,15,15042
synthetic_dataset_with_switching_drifts_abrupt,1500,HD,0.609575,0.6095752381302384,0.609575,0.609574277467942,5,53,0.6095744675319148,1.0,switching_abrupt,synthetic,NB,15,15042
synthetic_dataset_with_switching_drifts_abrupt,1500,JS,0.6080625,0.608087580714346,0.6080625,0.6080429653437184,9,53,0.6080653422904548,1.0,switching_abrupt,synthetic,NB,15,15042
synthetic_dataset_with_switching_drifts_abrupt,2000,Base,0.610325,0.6103521669659105,0.610325,0.6103042487601801,0,40,0.6103279376524701,1.0,switching_abrupt,synthetic,NB,15,15042
synthetic_dataset_with_switching_drifts_abrupt,2000,KS95,0.6097,0.6099118590037975,0.6097,0.6095211934611892,38,40,0.6097085775533724,1.0,switching_abrupt,synthetic,NB,15,15042
synthetic_dataset_with_switching_drifts_abrupt,2000,KS90,0.6097,0.6099118590037975,0.6097,0.6095211934611892,38,40,0.6097085775533724,1.0,switching_abrupt,synthetic,NB,15,15042
synthetic_dataset_with_switching_drifts_abrupt,2000,HD,0.6081,0.6082263349782625,0.6081,0.6079929688141494,2,40,0.6081066272970603,1.0,switching_abrupt,synthetic,NB,15,15042
synthetic_dataset_with_switching_drifts_abrupt,2000,JS,0.6081,0.6082263349782625,0.6081,0.6079929688141494,2,40,0.6081066272970603,1.0,switching_abrupt,synthetic,NB,15,15042
synthetic_dataset_with_switching_drifts_abrupt,2500,Base,0.6139,0.6139138010730907,0.6139,0.6138904590101469,0,32,0.6139020082243213,1.0,switching_abrupt,synthetic,NB,15,15042
synthetic_dataset_with_switching_drifts_abrupt,2500,KS95,0.6096875,0.6099128404610816,0.6096875,0.6094970074131603,29,32,0.6096963525514164,1.0,switching_abrupt,synthetic,NB,15,15042
synthetic_dataset_with_switching_drifts_abrupt,2500,KS90,0.6096875,0.6099128404610816,0.6096875,0.6094970074131603,29,32,0.6096963525514164,1.0,switching_abrupt,synthetic,NB,15,15042
synthetic_dataset_with_switching_drifts_abrupt,2500,HD,0.6125375,0.6126002295747307,0.6125375,0.6124883622280478,2,32,0.6125420230067238,1.0,switching_abrupt,synthetic,NB,15,15042
synthetic_dataset_with_switching_drifts_abrupt,2500,JS,0.6125375,0.6126002295747307,0.6125375,0.6124883622280478,2,32,0.6125420230067238,1.0,switching_abrupt,synthetic,NB,15,15042
synthetic_dataset_no_drifts,1000,Base,0.6463625,0.6468446896795107,0.6463625,0.6460808170536546,0,80,0.6463738084198094,1.0,no_drifts,synthetic,NB,15,15042
synthetic_dataset_no_drifts,1000,KS95,0.6463125,0.646693360064888,0.6463125,0.6460906589445055,4,80,0.6463225384116061,1.0,no_drifts,synthetic,NB,15,15042
synthetic_dataset_no_drifts,1000,KS90,0.6450875,0.6454622892128904,0.6450875,0.6448666664614473,7,80,0.6450974982155997,1.0,no_drifts,synthetic,NB,15,15042
synthetic_dataset_no_drifts,1000,HD,0.6453625,0.6459841770430664,0.6453625,0.6449947209562004,3,80,0.6453753982600637,1.0,no_drifts,synthetic,NB,15,15042
synthetic_dataset_no_drifts,1000,JS,0.6453625,0.6459841770430664,0.6453625,0.6449947209562004,3,80,0.6453753982600637,1.0,no_drifts,synthetic,NB,15,15042
synthetic_dataset_no_drifts,1500,Base,0.6466375,0.6470679758731435,0.6466375,0.6463870792241437,0,53,0.6466481684637069,1.0,no_drifts,synthetic,NB,15,15042
synthetic_dataset_no_drifts,1500,KS95,0.6456125,0.6461618477607833,0.6456125,0.6452887393546125,1,53,0.6456246082999373,1.0,no_drifts,synthetic,NB,15,15042
synthetic_dataset_no_drifts,1500,KS90,0.6452625,0.6458195662242495,0.6452625,0.6449330288574052,4,53,0.6452747082439534,1.0,no_drifts,synthetic,NB,15,15042
synthetic_dataset_no_drifts,1500,HD,0.64655,0.6469671682599214,0.64655,0.6463072278059969,5,53,0.6465605034496805,1.0,no_drifts,synthetic,NB,15,15042
synthetic_dataset_no_drifts,1500,JS,0.6463,0.6467347005401056,0.6463000000000001,0.6460462672030657,4,53,0.6463107334097173,1.0,no_drifts,synthetic,NB,15,15042
synthetic_dataset_no_drifts,2000,Base,0.6469125,0.6473193393418909,0.6469125,0.646676646216852,0,40,0.6469228585076574,1.0,no_drifts,synthetic,NB,15,15042
synthetic_dataset_no_drifts,2000,KS95,0.6445625,0.6451415203583041,0.6445625,0.6442175718145854,6,40,0.6445749781319965,1.0,no_drifts,synthetic,NB,15,15042
synthetic_dataset_no_drifts,2000,KS90,0.6447875,0.645439597289529,0.6447875,0.6443993896456041,7,40,0.6448007381681181,1.0,no_drifts,synthetic,NB,15,15042
synthetic_dataset_no_drifts,2000,HD,0.6469125,0.6473193393418909,0.6469125,0.646676646216852,0,40,0.6469228585076574,1.0,no_drifts,synthetic,NB,15,15042
synthetic_dataset_no_drifts,2000,JS,0.647675,0.6479650246398105,0.647675,0.6475090310546049,1,40,0.6476837036293925,1.0,no_drifts,synthetic,NB,15,15042
synthetic_dataset_no_drifts,2500,Base,0.6469375,0.6472875542287854,0.6469375,0.6467350938812954,0,32,0.6469470985115358,1.0,no_drifts,synthetic,NB,15,15042
synthetic_dataset_no_drifts,2500,KS95,0.647625,0.6478042342774388,0.647625,0.6475234484418437,4,32,0.6476318136210901,1.0,no_drifts,synthetic,NB,15,15042
synthetic_dataset_no_drifts,2500,KS90,0.64505,0.6453847557379767,0.64505,0.6448530506594132,5,32,0.6450594432095109,1.0,no_drifts,synthetic,NB,15,15042
synthetic_dataset_no_drifts,2500,HD,0.6451125,0.6456351969415315,0.6451125,0.6448031457594703,4,32,0.6451243282198924,1.0,no_drifts,synthetic,NB,15,15042
synthetic_dataset_no_drifts,2500,JS,0.64515,0.6455941794836458,0.64515,0.6448877735349675,1,32,0.6451608932257431,1.0,no_drifts,synthetic,NB,15,15042
synthetic_dataset_with_parallel_drifts_abrupt,1000,Base,0.741925,0.7419257006016063,0.741925,0.7419250604863367,0,80,0.7419253669253669,1.0,parallel_abrupt,synthetic,NB,14,14042
synthetic_dataset_with_parallel_drifts_abrupt,1000,KS95,0.7315125,0.7321670542264035,0.7315125,0.7313342564942077,27,80,0.7315384940384941,1.0,parallel_abrupt,synthetic,NB,14,14042
synthetic_dataset_with_parallel_drifts_abrupt,1000,KS90,0.731325,0.731989586409526,0.731325,0.7311436743023702,31,80,0.7313512063512063,1.0,parallel_abrupt,synthetic,NB,14,14042
synthetic_dataset_with_parallel_drifts_abrupt,1000,HD,0.7356875,0.7361889954122355,0.7356875,0.7355565057662585,12,80,0.7357099982099982,1.0,parallel_abrupt,synthetic,NB,14,14042
synthetic_dataset_with_parallel_drifts_abrupt,1000,JS,0.736025,0.7363929525484701,0.736025,0.735930239654654,12,80,0.7360441860441861,1.0,parallel_abrupt,synthetic,NB,14,14042
synthetic_dataset_with_parallel_drifts_abrupt,1500,Base,0.742625,0.7426249352151361,0.742625,0.742624889167696,0,53,0.7426244176244176,1.0,parallel_abrupt,synthetic,NB,14,14042
synthetic_dataset_with_parallel_drifts_abrupt,1500,KS95,0.7328125,0.7335565137874004,0.7328125,0.7326112776505768,27,53,0.7328401703401703,1.0,parallel_abrupt,synthetic,NB,14,14042
synthetic_dataset_with_parallel_drifts_abrupt,1500,KS90,0.7326125,0.7331964844657951,0.7326125,0.7324553998259856,29,53,0.7326369701369703,1.0,parallel_abrupt,synthetic,NB,14,14042
synthetic_dataset_with_parallel_drifts_abrupt,1500,HD,0.7372875,0.7374188516046392,0.7372875,0.7372558461889852,9,53,0.7372987247987247,1.0,parallel_abrupt,synthetic,NB,14,14042
synthetic_dataset_with_parallel_drifts_abrupt,1500,JS,0.740925,0.7410050873563129,0.740925,0.7409070003028763,5,53,0.7409335909335909,1.0,parallel_abrupt,synthetic,NB,14,14042
synthetic_dataset_with_parallel_drifts_abrupt,2000,Base,0.7427,0.7427243018436768,0.7427,0.7426914828738204,0,40,0.7426944676944677,1.0,parallel_abrupt,synthetic,NB,14,14042
synthetic_dataset_with_parallel_drifts_abrupt,2000,KS95,0.7359375,0.7362265182115205,0.7359375,0.7358637919638462,22,40,0.7359544484544484,1.0,parallel_abrupt,synthetic,NB,14,14042
synthetic_dataset_with_parallel_drifts_abrupt,2000,KS90,0.7358625,0.7360971909520687,0.7358625,0.7358032216653753,24,40,0.7358777233777234,1.0,parallel_abrupt,synthetic,NB,14,14042
synthetic_dataset_with_parallel_drifts_abrupt,2000,HD,0.7422375,0.7422461320014409,0.7422375,0.7422339153848305,5,40,0.7422339797339796,1.0,parallel_abrupt,synthetic,NB,14,14042
synthetic_dataset_with_parallel_drifts_abrupt,2000,JS,0.74275,0.7428198642235305,0.74275,0.7427280512728741,4,40,0.7427409927409927,1.0,parallel_abrupt,synthetic,NB,14,14042
synthetic_dataset_with_parallel_drifts_abrupt,2500,Base,0.743325,0.7433601094707492,0.743325,0.7433132820056461,0,32,0.7433184683184684,1.0,parallel_abrupt,synthetic,NB,14,14042
synthetic_dataset_with_parallel_drifts_abrupt,2500,KS95,0.7382375,0.7382613698346142,0.7382375,0.738232865062089,22,32,0.7382419757419757,1.0,parallel_abrupt,synthetic,NB,14,14042
synthetic_dataset_with_parallel_drifts_abrupt,2500,KS90,0.7382375,0.7382613698346142,0.7382375,0.738232865062089,22,32,0.7382419757419757,1.0,parallel_abrupt,synthetic,NB,14,14042
synthetic_dataset_with_parallel_drifts_abrupt,2500,HD,0.7429125,0.7429600258755241,0.7429125,0.7428970720497838,2,32,0.7429049804049803,1.0,parallel_abrupt,synthetic,NB,14,14042
synthetic_dataset_with_parallel_drifts_abrupt,2500,JS,0.7429125,0.7429600258755241,0.7429125,0.7428970720497838,2,32,0.7429049804049803,1.0,parallel_abrupt,synthetic,NB,14,14042
synthetic_dataset_with_switching_drifts_incremental,1000,Base,0.7559,0.7559858898882718,0.7559,0.7558761342026753,0,80,0.7558903558903559,1.0,switching_incremental,synthetic,NB,14,14042
synthetic_dataset_with_switching_drifts_incremental,1000,KS95,0.753975,0.7541639055719493,0.753975,0.753924211508737,42,80,0.7539608789608789,1.0,switching_incremental,synthetic,NB,14,14042
synthetic_dataset_with_switching_drifts_incremental,1000,KS90,0.7538125,0.7539531741762361,0.7538125,0.7537740112608277,45,80,0.7538002413002414,1.0,switching_incremental,synthetic,NB,14,14042
synthetic_dataset_with_switching_drifts_incremental,1000,HD,0.755875,0.7559661192729786,0.755875,0.7558497837438878,7,80,0.7558650808650809,1.0,switching_incremental,synthetic,NB,14,14042
synthetic_dataset_with_switching_drifts_incremental,1000,JS,0.755625,0.7557863845892799,0.755625,0.7555818253778249,2,80,0.7556119556119556,1.0,switching_incremental,synthetic,NB,14,14042
synthetic_dataset_with_switching_drifts_incremental,1500,Base,0.756325,0.7563988246046424,0.756325,0.7563043220683249,0,53,0.7563160313160313,1.0,switching_incremental,synthetic,NB,14,14042
synthetic_dataset_with_switching_drifts_incremental,1500,KS95,0.7549625,0.7550285048980482,0.7549625,0.7549436377983285,27,53,0.7549539674539675,1.0,switching_incremental,synthetic,NB,14,14042
synthetic_dataset_with_switching_drifts_incremental,1500,KS90,0.7550625,0.7551273074997682,0.7550625,0.7550439670299262,29,53,0.7550540425540425,1.0,switching_incremental,synthetic,NB,14,14042
synthetic_dataset_with_switching_drifts_incremental,1500,HD,0.7561625,0.756166538762416,0.7561625,0.756160733645496,5,53,0.7561600186600187,1.0,switching_incremental,synthetic,NB,14,14042
synthetic_dataset_with_switching_drifts_incremental,1500,JS,0.756075,0.7560770566918552,0.7560749999999999,0.7560739070557262,5,53,0.756073081073081,1.0,switching_incremental,synthetic,NB,14,14042
synthetic_dataset_with_switching_drifts_incremental,2000,Base,0.755575,0.7556884800150588,0.755575,0.7555439841249889,0,40,0.7555639805639804,1.0,switching_incremental,synthetic,NB,14,14042
synthetic_dataset_with_switching_drifts_incremental,2000,KS95,0.755825,0.7558969358669522,0.755825,0.7558047277817347,16,40,0.7558161308161309,1.0,switching_incremental,synthetic,NB,14,14042
synthetic_dataset_with_switching_drifts_incremental,2000,KS90,0.75495,0.7550781598907111,0.75495,0.7549150620944123,26,40,0.7549383049383049,1.0,switching_incremental,synthetic,NB,14,14042
synthetic_dataset_with_switching_drifts_incremental,2000,HD,0.75505,0.7551845890127734,0.75505,0.7550134473881017,3,40,0.75503803003803,1.0,switching_incremental,synthetic,NB,14,14042
synthetic_dataset_with_switching_drifts_incremental,2000,JS,0.755575,0.7556884800150588,0.755575,0.7555439841249889,0,40,0.7555639805639804,1.0,switching_incremental,synthetic,NB,14,14042
synthetic_dataset_with_switching_drifts_incremental,2500,Base,0.756525,0.7566378621378621,0.756525,0.7564943786568897,0,32,0.7565140315140315,1.0,switching_incremental,synthetic,NB,14,14042
synthetic_dataset_with_switching_drifts_incremental,2500,KS95,0.75605,0.7561066016395168,0.75605,0.7560337564341115,15,32,0.756042081042081,1.0,switching_incremental,synthetic,NB,14,14042
synthetic_dataset_with_switching_drifts_incremental,2500,KS90,0.756,0.7560400998595724,0.756,0.7559881043308686,18,32,0.7559932559932561,1.0,switching_incremental,synthetic,NB,14,14042
synthetic_dataset_with_switching_drifts_incremental,2500,HD,0.7566875,0.7568028787555658,0.7566875,0.7566562813309381,1,32,0.7566764191764191,1.0,switching_incremental,synthetic,NB,14,14042
synthetic_dataset_with_switching_drifts_incremental,2500,JS,0.755925,0.7560375730606664,0.755925,0.7558943031961407,1,32,0.755914030914031,1.0,switching_incremental,synthetic,NB,14,14042
synthetic_dataset_with_parallel_drifts_incremental,1000,Base,0.75625,0.7563157623272128,0.75625,0.756231397236426,0,80,0.7562415062415062,1.0,parallel_incremental,synthetic,NB,14,14042
synthetic_dataset_with_parallel_drifts_incremental,1000,KS95,0.7552,0.7552082925578862,0.7552,0.7551968885396964,22,80,0.7551966551966551,1.0,parallel_incremental,synthetic,NB,14,14042
synthetic_dataset_with_parallel_drifts_incremental,1000,KS90,0.755075,0.7550760875160942,0.755075,0.755074267670376,25,80,0.755073455073455,1.0,parallel_incremental,synthetic,NB,14,14042
synthetic_dataset_with_parallel_drifts_incremental,1000,HD,0.7561,0.7563387957268243,0.7561,0.7560376055881214,5,80,0.7560842560842561,1.0,parallel_incremental,synthetic,NB,14,14042
synthetic_dataset_with_parallel_drifts_incremental,1000,JS,0.7561,0.7563387957268243,0.7561,0.7560376055881214,5,80,0.7560842560842561,1.0,parallel_incremental,synthetic,NB,14,14042
synthetic_dataset_with_parallel_drifts_incremental,1500,Base,0.7561625,0.7562224165222109,0.7561625,0.7561454056029041,0,53,0.7561543686543686,1.0,parallel_incremental,synthetic,NB,14,14042
synthetic_dataset_with_parallel_drifts_incremental,1500,KS95,0.754925,0.7549475616372981,0.754925,0.7549177816730156,17,53,0.7549198049198049,1.0,parallel_incremental,synthetic,NB,14,14042
synthetic_dataset_with_parallel_drifts_incremental,1500,KS90,0.7548125,0.7548494096484782,0.7548125,0.7548013479395018,20,53,0.7548059923059922,1.0,parallel_incremental,synthetic,NB,14,14042
synthetic_dataset_with_parallel_drifts_incremental,1500,HD,0.7561125,0.7562154358553899,0.7561125,0.7560843075637446,4,53,0.7561019936019935,1.0,parallel_incremental,synthetic,NB,14,14042
synthetic_dataset_with_parallel_drifts_incremental,1500,JS,0.7561125,0.7562154358553899,0.7561125,0.7560843075637446,4,53,0.7561019936019935,1.0,parallel_incremental,synthetic,NB,14,14042
synthetic_dataset_with_parallel_drifts_incremental,2000,Base,0.7562625,0.756366533229266,0.7562625,0.7562340619058676,0,40,0.7562519437519437,1.0,parallel_incremental,synthetic,NB,14,14042
synthetic_dataset_with_parallel_drifts_incremental,2000,KS95,0.755975,0.7561166735459663,0.755975,0.7559369256654375,13,40,0.7559627559627559,1.0,parallel_incremental,synthetic,NB,14,14042
synthetic_dataset_with_parallel_drifts_incremental,2000,KS90,0.7552125,0.755281066866193,0.7552125,0.7551930061028599,19,40,0.7552038177038177,1.0,parallel_incremental,synthetic,NB,14,14042
synthetic_dataset_with_parallel_drifts_incremental,2000,HD,0.7562625,0.756366533229266,0.7562625,0.7562340619058676,0,40,0.7562519437519437,1.0,parallel_incremental,synthetic,NB,14,14042
synthetic_dataset_with_parallel_drifts_incremental,2000,JS,0.7562625,0.756366533229266,0.7562625,0.7562340619058676,0,40,0.7562519437519437,1.0,parallel_incremental,synthetic,NB,14,14042
synthetic_dataset_with_parallel_drifts_incremental,2500,Base,0.75595,0.7560609788791869,0.75595,0.7559197159961543,0,32,0.755939105939106,1.0,parallel_incremental,synthetic,NB,14,14042
synthetic_dataset_with_parallel_drifts_incremental,2500,KS95,0.7556125,0.7556566317239324,0.7556125,0.7555994922541659,10,32,0.7556054431054432,1.0,parallel_incremental,synthetic,NB,14,14042
synthetic_dataset_with_parallel_drifts_incremental,2500,KS90,0.7561125,0.7561763877551886,0.7561125,0.7560943638877158,15,32,0.7561041186041186,1.0,parallel_incremental,synthetic,NB,14,14042
synthetic_dataset_with_parallel_drifts_incremental,2500,HD,0.75595,0.7560609788791869,0.75595,0.7559197159961543,0,32,0.755939105939106,1.0,parallel_incremental,synthetic,NB,14,14042
synthetic_dataset_with_parallel_drifts_incremental,2500,JS,0.75595,0.7560609788791869,0.75595,0.7559197159961543,0,32,0.755939105939106,1.0,parallel_incremental,synthetic,NB,14,14042
synthetic_dataset_with_switching_drifts_abrupt,1000,Base,0.7346875,0.7347736148852296,0.7346875,0.7346590733446071,0,80,0.7346773721773722,1.0,switching_abrupt,synthetic,NB,14,14042
synthetic_dataset_with_switching_drifts_abrupt,1000,KS95,0.7224375,0.7224401400371157,0.7224375,0.722435746786047,74,80,0.7224351599351598,1.0,switching_abrupt,synthetic,NB,14,14042
synthetic_dataset_with_switching_drifts_abrupt,1000,KS90,0.7224375,0.7224401400371157,0.7224375,0.722435746786047,74,80,0.7224351599351598,1.0,switching_abrupt,synthetic,NB,14,14042
synthetic_dataset_with_switching_drifts_abrupt,1000,HD,0.7320875,0.7320909488921874,0.7320875,0.7320855592466251,8,80,0.7320849945849945,1.0,switching_abrupt,synthetic,NB,14,14042
synthetic_dataset_with_switching_drifts_abrupt,1000,JS,0.7331125,0.73311259304993,0.7331125,0.7331121743545939,7,80,0.7331115206115206,1.0,switching_abrupt,synthetic,NB,14,14042
synthetic_dataset_with_switching_drifts_abrupt,1500,Base,0.7347375,0.7348574956338967,0.7347375,0.7346988033021546,0,53,0.7347256472256471,1.0,switching_abrupt,synthetic,NB,14,14042
synthetic_dataset_with_switching_drifts_abrupt,1500,KS95,0.7236625,0.7236639767410281,0.7236625,0.7236624965026035,51,53,0.723663236163236,1.0,switching_abrupt,synthetic,NB,14,14042
synthetic_dataset_with_switching_drifts_abrupt,1500,KS90,0.7236625,0.7236639767410281,0.7236625,0.7236624965026035,51,53,0.723663236163236,1.0,switching_abrupt,synthetic,NB,14,14042
synthetic_dataset_with_switching_drifts_abrupt,1500,HD,0.734275,0.7343511365426142,0.734275,0.73424954350157,5,53,0.7342654342654342,1.0,switching_abrupt,synthetic,NB,14,14042
synthetic_dataset_with_switching_drifts_abrupt,1500,JS,0.734275,0.7343511365426142,0.734275,0.73424954350157,5,53,0.7342654342654342,1.0,switching_abrupt,synthetic,NB,14,14042
synthetic_dataset_with_switching_drifts_abrupt,2000,Base,0.732725,0.7328919077125465,0.732725,0.7326713515324538,0,40,0.7327110577110577,1.0,switching_abrupt,synthetic,NB,14,14042
synthetic_dataset_with_switching_drifts_abrupt,2000,KS95,0.7193125,0.7193222119864157,0.7193125,0.719307706762021,38,40,0.7193085568085568,1.0,switching_abrupt,synthetic,NB,14,14042
synthetic_dataset_with_switching_drifts_abrupt,2000,KS90,0.7193125,0.7193222119864157,0.7193125,0.719307706762021,38,40,0.7193085568085568,1.0,switching_abrupt,synthetic,NB,14,14042
synthetic_dataset_with_switching_drifts_abrupt,2000,HD,0.7325875,0.7325922387447692,0.7325875,0.7325850587853749,2,40,0.73258467008467,1.0,switching_abrupt,synthetic,NB,14,14042
synthetic_dataset_with_switching_drifts_abrupt,2000,JS,0.7316,0.7316116945992229,0.7316,0.7315980002419,4,40,0.7316030066030065,1.0,switching_abrupt,synthetic,NB,14,14042
synthetic_dataset_with_switching_drifts_abrupt,2500,Base,0.7351,0.7352725563929198,0.7351,0.735045695319821,0,32,0.7350859100859101,1.0,switching_abrupt,synthetic,NB,14,14042
synthetic_dataset_with_switching_drifts_abrupt,2500,KS95,0.7220375,0.7220576619305454,0.7220375,0.7220288911389191,29,32,0.7220321345321346,1.0,switching_abrupt,synthetic,NB,14,14042
synthetic_dataset_with_switching_drifts_abrupt,2500,KS90,0.7220375,0.7220576619305454,0.7220375,0.7220288911389191,29,32,0.7220321345321346,1.0,switching_abrupt,synthetic,NB,14,14042
synthetic_dataset_with_switching_drifts_abrupt,2500,HD,0.733275,0.7333845285108637,0.733275,0.7332481243383099,4,32,0.7332852832852832,1.0,switching_abrupt,synthetic,NB,14,14042
synthetic_dataset_with_switching_drifts_abrupt,2500,JS,0.73245,0.7324766654451227,0.73245,0.7324444668068991,7,32,0.7324548074548075,1.0,switching_abrupt,synthetic,NB,14,14042
synthetic_dataset_no_drifts,1000,Base,0.7565875,0.7566573264822848,0.7565875,0.7565678974059227,0,80,0.7565787690787691,1.0,no_drifts,synthetic,NB,14,14042
synthetic_dataset_no_drifts,1000,KS95,0.7564625,0.7564665461128239,0.7564625,0.7564607358186906,1,80,0.756460018960019,1.0,no_drifts,synthetic,NB,14,14042
synthetic_dataset_no_drifts,1000,KS90,0.7558875,0.7558968022629261,0.7558875,0.7558841052107247,6,80,0.7558839933839935,1.0,no_drifts,synthetic,NB,14,14042
synthetic_dataset_no_drifts,1000,HD,0.7565875,0.7566692335155832,0.7565875,0.7565648325702842,5,80,0.7565780940780942,1.0,no_drifts,synthetic,NB,14,14042
synthetic_dataset_no_drifts,1000,JS,0.7562375,0.7562913248122117,0.7562375,0.7562220077390109,3,80,0.7562297687297687,1.0,no_drifts,synthetic,NB,14,14042
synthetic_dataset_no_drifts,1500,Base,0.7564375,0.7564951570504994,0.7564375,0.7564210323574736,0,53,0.7564295189295189,1.0,no_drifts,synthetic,NB,14,14042
synthetic_dataset_no_drifts,1500,KS95,0.7564375,0.7564924945015782,0.7564375,0.7564217272203054,2,53,0.756429693929694,1.0,no_drifts,synthetic,NB,14,14042
synthetic_dataset_no_drifts,1500,KS90,0.7564375,0.7564924945015782,0.7564375,0.7564217272203054,2,53,0.756429693929694,1.0,no_drifts,synthetic,NB,14,14042
synthetic_dataset_no_drifts,1500,HD,0.756275,0.7563882803794421,0.756275,0.7562442102350256,2,53,0.7562640062640062,1.0,no_drifts,synthetic,NB,14,14042
synthetic_dataset_no_drifts,1500,JS,0.75645,0.7565462544465987,0.75645,0.7564235885689284,4,53,0.7564398314398315,1.0,no_drifts,synthetic,NB,14,14042
synthetic_dataset_no_drifts,2000,Base,0.7564375,0.7565354975786017,0.7564375,0.7564106408944449,0,40,0.7564272439272439,1.0,no_drifts,synthetic,NB,14,14042
synthetic_dataset_no_drifts,2000,KS95,0.7558375,0.7559122578847206,0.7558375,0.7558164981437547,2,40,0.7558284683284684,1.0,no_drifts,synthetic,NB,14,14042
synthetic_dataset_no_drifts,2000,KS90,0.7558625,0.7559372660489282,0.7558625,0.7558415002941521,3,40,0.7558534683534683,1.0,no_drifts,synthetic,NB,14,14042
synthetic_dataset_no_drifts,2000,HD,0.7564375,0.7565354975786017,0.7564375,0.7564106408944449,0,40,0.7564272439272439,1.0,no_drifts,synthetic,NB,14,14042
synthetic_dataset_no_drifts,2000,JS,0.7564375,0.7565354975786017,0.7564375,0.7564106408944449,0,40,0.7564272439272439,1.0,no_drifts,synthetic,NB,14,14042
synthetic_dataset_no_drifts,2500,Base,0.75645,0.7565442755588445,0.75645,0.7564240940518561,0,32,0.7564399314399315,1.0,no_drifts,synthetic,NB,14,14042
synthetic_dataset_no_drifts,2500,KS95,0.756475,0.7565804252461681,0.756475,0.7564462565257858,2,32,0.7564643814643814,1.0,no_drifts,synthetic,NB,14,14042
synthetic_dataset_no_drifts,2500,KS90,0.756475,0.7565804252461681,0.756475,0.7564462565257858,2,32,0.7564643814643814,1.0,no_drifts,synthetic,NB,14,14042
synthetic_dataset_no_drifts,2500,HD,0.75645,0.7565442755588445,0.75645,0.7564240940518561,0,32,0.7564399314399315,1.0,no_drifts,synthetic,NB,14,14042
synthetic_dataset_no_drifts,2500,JS,0.7561125,0.7562123753474143,0.7561125,0.7560850897192487,1,32,0.7561021436021436,1.0,no_drifts,synthetic,NB,14,14042
synthetic_dataset_with_parallel_drifts_abrupt,1000,Base,0.6328125,0.6330469154434742,0.6328125,0.6326506917560528,0,80,0.6328125,1.0,parallel_abrupt,synthetic,NB,13,13042
synthetic_dataset_with_parallel_drifts_abrupt,1000,KS95,0.6256875,0.6272248218504698,0.6256875,0.6245533219885904,27,80,0.6256875,1.0,parallel_abrupt,synthetic,NB,13,13042
synthetic_dataset_with_parallel_drifts_abrupt,1000,KS90,0.6247875,0.6257968537783473,0.6247875,0.6240333409004343,30,80,0.6247875,1.0,parallel_abrupt,synthetic,NB,13,13042
synthetic_dataset_with_parallel_drifts_abrupt,1000,HD,0.628775,0.6290925884223331,0.628775,0.6285465412647394,10,80,0.6287750000000001,1.0,parallel_abrupt,synthetic,NB,13,13042
synthetic_dataset_with_parallel_drifts_abrupt,1000,JS,0.6269,0.6271210495218029,0.6269,0.626737734494784,12,80,0.6269,1.0,parallel_abrupt,synthetic,NB,13,13042
synthetic_dataset_with_parallel_drifts_abrupt,1500,Base,0.630925,0.6310226498707221,0.630925,0.6308562202080897,0,53,0.630925,1.0,parallel_abrupt,synthetic,NB,13,13042
synthetic_dataset_with_parallel_drifts_abrupt,1500,KS95,0.6241375,0.6247095020331815,0.6241375,0.6237060153882368,25,53,0.6241375,1.0,parallel_abrupt,synthetic,NB,13,13042
synthetic_dataset_with_parallel_drifts_abrupt,1500,KS90,0.62355,0.6239677468231641,0.62355,0.6232325920617028,28,53,0.62355,1.0,parallel_abrupt,synthetic,NB,13,13042
synthetic_dataset_with_parallel_drifts_abrupt,1500,HD,0.631725,0.6318756600290436,0.631725,0.6316197869273443,2,53,0.631725,1.0,parallel_abrupt,synthetic,NB,13,13042
synthetic_dataset_with_parallel_drifts_abrupt,1500,JS,0.6300625,0.630205369876556,0.6300625,0.629960992229216,3,53,0.6300625000000001,1.0,parallel_abrupt,synthetic,NB,13,13042
synthetic_dataset_with_parallel_drifts_abrupt,2000,Base,0.6322875,0.632425444357517,0.6322875,0.6321917157689109,0,40,0.6322875,1.0,parallel_abrupt,synthetic,NB,13,13042
synthetic_dataset_with_parallel_drifts_abrupt,2000,KS95,0.628875,0.6296648929188453,0.628875,0.6283089328569876,23,40,0.628875,1.0,parallel_abrupt,synthetic,NB,13,13042
synthetic_dataset_with_parallel_drifts_abrupt,2000,KS90,0.628875,0.6296648929188453,0.628875,0.6283089328569876,23,40,0.628875,1.0,parallel_abrupt,synthetic,NB,13,13042
synthetic_dataset_with_parallel_drifts_abrupt,2000,HD,0.6328125,0.6330704171657195,0.6328125,0.6326344929861756,7,40,0.6328125,1.0,parallel_abrupt,synthetic,NB,13,13042
synthetic_dataset_with_parallel_drifts_abrupt,2000,JS,0.6325,0.6327352613044886,0.6325,0.632337087644378,5,40,0.6325000000000001,1.0,parallel_abrupt,synthetic,NB,13,13042
synthetic_dataset_with_parallel_drifts_abrupt,2500,Base,0.6309625,0.6309934656272106,0.6309625,0.6309406894597298,0,32,0.6309625,1.0,parallel_abrupt,synthetic,NB,13,13042
synthetic_dataset_with_parallel_drifts_abrupt,2500,KS95,0.6264875,0.6269274643063937,0.6264875,0.6261635458874344,22,32,0.6264875,1.0,parallel_abrupt,synthetic,NB,13,13042
synthetic_dataset_with_parallel_drifts_abrupt,2500,KS90,0.6264875,0.6269274643063937,0.6264875,0.6261635458874344,22,32,0.6264875,1.0,parallel_abrupt,synthetic,NB,13,13042
synthetic_dataset_with_parallel_drifts_abrupt,2500,HD,0.6325125,0.6327463859403548,0.6325125,0.632350559555275,5,32,0.6325124999999999,1.0,parallel_abrupt,synthetic,NB,13,13042
synthetic_dataset_with_parallel_drifts_abrupt,2500,JS,0.6325125,0.6327463859403548,0.6325125,0.632350559555275,5,32,0.6325124999999999,1.0,parallel_abrupt,synthetic,NB,13,13042
synthetic_dataset_with_switching_drifts_incremental,1000,Base,0.6303,0.6303307088474454,0.6303,0.6302782213075501,0,80,0.6303,1.0,switching_incremental,synthetic,NB,13,13042
synthetic_dataset_with_switching_drifts_incremental,1000,KS95,0.6312125,0.6313811185510952,0.6312125,0.6310941337283712,44,80,0.6312125,1.0,switching_incremental,synthetic,NB,13,13042
synthetic_dataset_with_switching_drifts_incremental,1000,KS90,0.6292625,0.6293188527106758,0.6292625,0.6292221069349231,46,80,0.6292625,1.0,switching_incremental,synthetic,NB,13,13042
synthetic_dataset_with_switching_drifts_incremental,1000,HD,0.6301375,0.630137695287879,0.6301375,0.6301373612437194,4,80,0.6301375,1.0,switching_incremental,synthetic,NB,13,13042
synthetic_dataset_with_switching_drifts_incremental,1000,JS,0.630325,0.6303500040636545,0.630325,0.6303072711541303,4,80,0.630325,1.0,switching_incremental,synthetic,NB,13,13042
synthetic_dataset_with_switching_drifts_incremental,1500,Base,0.6311125,0.631130068888586,0.6311125,0.6311001436416707,0,53,0.6311125,1.0,switching_incremental,synthetic,NB,13,13042
synthetic_dataset_with_switching_drifts_incremental,1500,KS95,0.6287875,0.6287956914864758,0.6287875,0.6287815975693984,28,53,0.6287874999999999,1.0,switching_incremental,synthetic,NB,13,13042
synthetic_dataset_with_switching_drifts_incremental,1500,KS90,0.628175,0.6282252694346292,0.628175,0.6281385538596638,35,53,0.628175,1.0,switching_incremental,synthetic,NB,13,13042
synthetic_dataset_with_switching_drifts_incremental,1500,HD,0.6281625,0.6281730557721162,0.6281625,0.628154844114946,3,53,0.6281625000000001,1.0,switching_incremental,synthetic,NB,13,13042
synthetic_dataset_with_switching_drifts_incremental,1500,JS,0.6279,0.6279276438845671,0.6279,0.6278798971417433,2,53,0.6279,1.0,switching_incremental,synthetic,NB,13,13042
synthetic_dataset_with_switching_drifts_incremental,2000,Base,0.6320125,0.6320176982793808,0.6320125,0.6320088775298895,0,40,0.6320125,1.0,switching_incremental,synthetic,NB,13,13042
synthetic_dataset_with_switching_drifts_incremental,2000,KS95,0.625775,0.6258040657713558,0.625775,0.6257533835154317,16,40,0.625775,1.0,switching_incremental,synthetic,NB,13,13042
synthetic_dataset_with_switching_drifts_incremental,2000,KS90,0.627075,0.6271139286406462,0.627075,0.6270464457435022,19,40,0.627075,1.0,switching_incremental,synthetic,NB,13,13042
synthetic_dataset_with_switching_drifts_incremental,2000,HD,0.6310375,0.6310462579033196,0.6310375,0.6310313353983847,2,40,0.6310374999999999,1.0,switching_incremental,synthetic,NB,13,13042
synthetic_dataset_with_switching_drifts_incremental,2000,JS,0.6310375,0.6310462579033196,0.6310375,0.6310313353983847,2,40,0.6310374999999999,1.0,switching_incremental,synthetic,NB,13,13042
synthetic_dataset_with_switching_drifts_incremental,2500,Base,0.6306125,0.6306705380544987,0.6306125,0.6305714790610973,0,32,0.6306125,1.0,switching_incremental,synthetic,NB,13,13042
synthetic_dataset_with_switching_drifts_incremental,2500,KS95,0.6301375,0.6301978239881729,0.6301375,0.6300946533435173,11,32,0.6301375,1.0,switching_incremental,synthetic,NB,13,13042
synthetic_dataset_with_switching_drifts_incremental,2500,KS90,0.6282125,0.6282356119844952,0.6282125,0.6281957473717928,19,32,0.6282125,1.0,switching_incremental,synthetic,NB,13,13042
synthetic_dataset_with_switching_drifts_incremental,2500,HD,0.6290375,0.6292751420497971,0.6290375,0.6288669397132434,2,32,0.6290374999999999,1.0,switching_incremental,synthetic,NB,13,13042
synthetic_dataset_with_switching_drifts_incremental,2500,JS,0.626175,0.6264043936373974,0.626175,0.6260053223546991,2,32,0.626175,1.0,switching_incremental,synthetic,NB,13,13042
synthetic_dataset_with_parallel_drifts_incremental,1000,Base,0.6309,0.6309177684868335,0.6309,0.6308874757813578,0,80,0.6309,1.0,parallel_incremental,synthetic,NB,13,13042
synthetic_dataset_with_parallel_drifts_incremental,1000,KS95,0.6279875,0.6280067875027112,0.6279875,0.627973486168128,21,80,0.6279875,1.0,parallel_incremental,synthetic,NB,13,13042
synthetic_dataset_with_parallel_drifts_incremental,1000,KS90,0.628225,0.6282802326576737,0.628225,0.6281849775986043,23,80,0.6282249999999999,1.0,parallel_incremental,synthetic,NB,13,13042
synthetic_dataset_with_parallel_drifts_incremental,1000,HD,0.6284,0.6284670755506542,0.6284,0.628351488487512,5,80,0.6284000000000001,1.0,parallel_incremental,synthetic,NB,13,13042
synthetic_dataset_with_parallel_drifts_incremental,1000,JS,0.6271875,0.6273616225218318,0.6271875,0.6270600337230042,6,80,0.6271875,1.0,parallel_incremental,synthetic,NB,13,13042
synthetic_dataset_with_parallel_drifts_incremental,1500,Base,0.631175,0.631186964579137,0.631175,0.6311665903677396,0,53,0.631175,1.0,parallel_incremental,synthetic,NB,13,13042
synthetic_dataset_with_parallel_drifts_incremental,1500,KS95,0.62535,0.6253679028499468,0.62535,0.6253366242833223,18,53,0.62535,1.0,parallel_incremental,synthetic,NB,13,13042
synthetic_dataset_with_parallel_drifts_incremental,1500,KS90,0.6274375,0.6274385903167893,0.6274375,0.6274367031220358,21,53,0.6274374999999999,1.0,parallel_incremental,synthetic,NB,13,13042
synthetic_dataset_with_parallel_drifts_incremental,1500,HD,0.631825,0.6318259610112559,0.631825,0.6318243289998396,3,53,0.6318250000000001,1.0,parallel_incremental,synthetic,NB,13,13042
synthetic_dataset_with_parallel_drifts_incremental,1500,JS,0.631825,0.6318259610112559,0.631825,0.6318243289998396,3,53,0.6318250000000001,1.0,parallel_incremental,synthetic,NB,13,13042
synthetic_dataset_with_parallel_drifts_incremental,2000,Base,0.6324375,0.6324420713208679,0.6324375,0.6324343283102782,0,40,0.6324375,1.0,parallel_incremental,synthetic,NB,13,13042
synthetic_dataset_with_parallel_drifts_incremental,2000,KS95,0.6304125,0.630412746561599,0.6304125,0.6304123253120757,15,40,0.6304125,1.0,parallel_incremental,synthetic,NB,13,13042
synthetic_dataset_with_parallel_drifts_incremental,2000,KS90,0.630525,0.6305287360587478,0.630525,0.6305223561565347,17,40,0.630525,1.0,parallel_incremental,synthetic,NB,13,13042
synthetic_dataset_with_parallel_drifts_incremental,2000,HD,0.628675,0.6288114760809363,0.628675,0.628576618999818,2,40,0.6286750000000001,1.0,parallel_incremental,synthetic,NB,13,13042
synthetic_dataset_with_parallel_drifts_incremental,2000,JS,0.628675,0.6288114760809363,0.628675,0.628576618999818,2,40,0.6286750000000001,1.0,parallel_incremental,synthetic,NB,13,13042
synthetic_dataset_with_parallel_drifts_incremental,2500,Base,0.6310125,0.6310611925914907,0.6310125,0.6309782247385769,0,32,0.6310125,1.0,parallel_incremental,synthetic,NB,13,13042
synthetic_dataset_with_parallel_drifts_incremental,2500,KS95,0.63185,0.6318686739229142,0.63185,0.6318369661081926,12,32,0.6318499999999999,1.0,parallel_incremental,synthetic,NB,13,13042
synthetic_dataset_with_parallel_drifts_incremental,2500,KS90,0.6309125,0.6309202119369093,0.6309125,0.6309070645874891,14,32,0.6309125,1.0,parallel_incremental,synthetic,NB,13,13042
synthetic_dataset_with_parallel_drifts_incremental,2500,HD,0.632275,0.6322945296492031,0.632275,0.6322614283781777,1,32,0.6322749999999999,1.0,parallel_incremental,synthetic,NB,13,13042
synthetic_dataset_with_parallel_drifts_incremental,2500,JS,0.632275,0.6322945296492031,0.632275,0.6322614283781777,1,32,0.6322749999999999,1.0,parallel_incremental,synthetic,NB,13,13042
synthetic_dataset_with_switching_drifts_abrupt,1000,Base,0.608275,0.6083025524400971,0.608275,0.608250084460528,0,80,0.608275,1.0,switching_abrupt,synthetic,NB,13,13042
synthetic_dataset_with_switching_drifts_abrupt,1000,KS95,0.5978125,0.5980400343141123,0.5978125,0.5975790122618786,75,80,0.5978125000000001,1.0,switching_abrupt,synthetic,NB,13,13042
synthetic_dataset_with_switching_drifts_abrupt,1000,KS90,0.5978125,0.5980400343141123,0.5978125,0.5975790122618786,75,80,0.5978125000000001,1.0,switching_abrupt,synthetic,NB,13,13042
synthetic_dataset_with_switching_drifts_abrupt,1000,HD,0.6118875,0.6120341112690514,0.6118875,0.6117604844700356,2,80,0.6118874999999999,1.0,switching_abrupt,synthetic,NB,13,13042
synthetic_dataset_with_switching_drifts_abrupt,1000,JS,0.6118875,0.6120341112690514,0.6118875,0.6117604844700356,2,80,0.6118874999999999,1.0,switching_abrupt,synthetic,NB,13,13042
synthetic_dataset_with_switching_drifts_abrupt,1500,Base,0.610675,0.610702461129264,0.610675,0.6106508542693843,0,53,0.610675,1.0,switching_abrupt,synthetic,NB,13,13042
synthetic_dataset_with_switching_drifts_abrupt,1500,KS95,0.60255,0.6027312178683197,0.60255,0.6023746472194238,49,53,0.60255,1.0,switching_abrupt,synthetic,NB,13,13042
synthetic_dataset_with_switching_drifts_abrupt,1500,KS90,0.6025625,0.602749184029189,0.6025625,0.6023818928471959,50,53,0.6025625,1.0,switching_abrupt,synthetic,NB,13,13042
synthetic_dataset_with_switching_drifts_abrupt,1500,HD,0.61035,0.6103800509688763,0.61035,0.610323477641697,5,53,0.6103500000000001,1.0,switching_abrupt,synthetic,NB,13,13042
synthetic_dataset_with_switching_drifts_abrupt,1500,JS,0.61035,0.6103800509688763,0.61035,0.610323477641697,5,53,0.6103500000000001,1.0,switching_abrupt,synthetic,NB,13,13042
synthetic_dataset_with_switching_drifts_abrupt,2000,Base,0.6121375,0.6121542615244813,0.6121375,0.6121230078852763,0,40,0.6121375,1.0,switching_abrupt,synthetic,NB,13,13042
synthetic_dataset_with_switching_drifts_abrupt,2000,KS95,0.6083125,0.6086517123436198,0.6083125,0.6080065475791611,37,40,0.6083124999999999,1.0,switching_abrupt,synthetic,NB,13,13042
synthetic_dataset_with_switching_drifts_abrupt,2000,KS90,0.6083125,0.6086517123436198,0.6083125,0.6080065475791611,37,40,0.6083124999999999,1.0,switching_abrupt,synthetic,NB,13,13042
synthetic_dataset_with_switching_drifts_abrupt,2000,HD,0.61615,0.6162430979347049,0.61615,0.6160731292021117,2,40,0.61615,1.0,switching_abrupt,synthetic,NB,13,13042
synthetic_dataset_with_switching_drifts_abrupt,2000,JS,0.61615,0.6162430979347049,0.61615,0.6160731292021117,2,40,0.61615,1.0,switching_abrupt,synthetic,NB,13,13042
synthetic_dataset_with_switching_drifts_abrupt,2500,Base,0.6100625,0.6101314699018582,0.6100625,0.6100014407896364,0,32,0.6100625,1.0,switching_abrupt,synthetic,NB,13,13042
synthetic_dataset_with_switching_drifts_abrupt,2500,KS95,0.6095625,0.6098259230363399,0.6095625,0.6093282385005714,29,32,0.6095625,1.0,switching_abrupt,synthetic,NB,13,13042
synthetic_dataset_with_switching_drifts_abrupt,2500,KS90,0.6095625,0.6098259230363399,0.6095625,0.6093282385005714,29,32,0.6095625,1.0,switching_abrupt,synthetic,NB,13,13042
synthetic_dataset_with_switching_drifts_abrupt,2500,HD,0.6104,0.6104198269841332,0.6104,0.6103825100708771,4,32,0.6103999999999999,1.0,switching_abrupt,synthetic,NB,13,13042
synthetic_dataset_with_switching_drifts_abrupt,2500,JS,0.6104,0.6104198269841332,0.6104,0.6103825100708771,4,32,0.6103999999999999,1.0,switching_abrupt,synthetic,NB,13,13042
synthetic_dataset_no_drifts,1000,Base,0.631225,0.6312445344365054,0.631225,0.631211277371631,0,80,0.631225,1.0,no_drifts,synthetic,NB,13,13042
synthetic_dataset_no_drifts,1000,KS95,0.6277375,0.6278146912063445,0.6277375,0.6276812863316388,3,80,0.6277375000000001,1.0,no_drifts,synthetic,NB,13,13042
synthetic_dataset_no_drifts,1000,KS90,0.628725,0.6287862043557579,0.628725,0.6286808835757777,8,80,0.628725,1.0,no_drifts,synthetic,NB,13,13042
synthetic_dataset_no_drifts,1000,HD,0.6296125,0.6296176037741595,0.6296125,0.629608853904282,4,80,0.6296125,1.0,no_drifts,synthetic,NB,13,13042
synthetic_dataset_no_drifts,1000,JS,0.6296125,0.6296176037741595,0.6296125,0.629608853904282,4,80,0.6296125,1.0,no_drifts,synthetic,NB,13,13042
synthetic_dataset_no_drifts,1500,Base,0.63135,0.6313635333996197,0.63135,0.6313405049442926,0,53,0.6313500000000001,1.0,no_drifts,synthetic,NB,13,13042
synthetic_dataset_no_drifts,1500,KS95,0.6316625,0.6316726388754887,0.6316625,0.6316554093090754,2,53,0.6316625,1.0,no_drifts,synthetic,NB,13,13042
synthetic_dataset_no_drifts,1500,KS90,0.6316625,0.6316726388754887,0.6316625,0.6316554093090754,2,53,0.6316625,1.0,no_drifts,synthetic,NB,13,13042
synthetic_dataset_no_drifts,1500,HD,0.6326,0.6326856034439179,0.6326,0.6325407324947441,2,53,0.6326,1.0,no_drifts,synthetic,NB,13,13042
synthetic_dataset_no_drifts,1500,JS,0.6320125,0.6320137080079369,0.6320125,0.6320116581691699,3,53,0.6320125000000001,1.0,no_drifts,synthetic,NB,13,13042
synthetic_dataset_no_drifts,2000,Base,0.6321625,0.6321669845083887,0.6321625,0.6321593797344636,0,40,0.6321625000000001,1.0,no_drifts,synthetic,NB,13,13042
synthetic_dataset_no_drifts,2000,KS95,0.6300125,0.6301365547041554,0.6300125,0.629924304890301,3,40,0.6300125,1.0,no_drifts,synthetic,NB,13,13042
synthetic_dataset_no_drifts,2000,KS90,0.6302625,0.630361624453478,0.6302625,0.6301922013287291,4,40,0.6302625,1.0,no_drifts,synthetic,NB,13,13042
synthetic_dataset_no_drifts,2000,HD,0.6319625,0.6319920993107655,0.6319625,0.6319418656833358,3,40,0.6319625000000001,1.0,no_drifts,synthetic,NB,13,13042
synthetic_dataset_no_drifts,2000,JS,0.6319625,0.6319920993107655,0.6319625,0.6319418656833358,3,40,0.6319625000000001,1.0,no_drifts,synthetic,NB,13,13042
synthetic_dataset_no_drifts,2500,Base,0.6312875,0.6313368026044153,0.6312875,0.631252893948348,0,32,0.6312874999999999,1.0,no_drifts,synthetic,NB,13,13042
synthetic_dataset_no_drifts,2500,KS95,0.63355,0.6335839840995149,0.63355,0.6335266920685697,1,32,0.6335500000000001,1.0,no_drifts,synthetic,NB,13,13042
synthetic_dataset_no_drifts,2500,KS90,0.631425,0.631434054492014,0.631425,0.631418652107736,2,32,0.631425,1.0,no_drifts,synthetic,NB,13,13042
synthetic_dataset_no_drifts,2500,HD,0.6293375,0.6295576833638504,0.6293375,0.6291799477723692,2,32,0.6293375,1.0,no_drifts,synthetic,NB,13,13042
synthetic_dataset_no_drifts,2500,JS,0.6309625,0.6310557534585621,0.6309625,0.6308968406426885,2,32,0.6309625,1.0,no_drifts,synthetic,NB,13,13042
synthetic_dataset_with_parallel_drifts_abrupt,1000,Base,0.8871625,0.8877284013691322,0.8871625,0.8871218058539223,0,80,0.8871663129866525,1.0,parallel_abrupt,synthetic,NB,25,25042
synthetic_dataset_with_parallel_drifts_abrupt,1000,KS95,0.8603125,0.8638797080726733,0.8603125,0.8599709564042163,28,80,0.8603223919128957,1.0,parallel_abrupt,synthetic,NB,25,25042
synthetic_dataset_with_parallel_drifts_abrupt,1000,KS90,0.8642,0.866938260806162,0.8642,0.8639475642730449,33,80,0.8642086295683451,1.0,parallel_abrupt,synthetic,NB,25,25042
synthetic_dataset_with_parallel_drifts_abrupt,1000,HD,0.8706125,0.872852435906302,0.8706125,0.8704190570459541,12,80,0.8706202423248097,1.0,parallel_abrupt,synthetic,NB,25,25042
synthetic_dataset_with_parallel_drifts_abrupt,1000,JS,0.8732625,0.8749510807152768,0.8732625,0.8731206426675475,14,80,0.8732692024307681,1.0,parallel_abrupt,synthetic,NB,25,25042
synthetic_dataset_with_parallel_drifts_abrupt,1500,Base,0.8884125,0.8888621159282215,0.8884125,0.8883806687676002,0,53,0.8884158930366357,1.0,parallel_abrupt,synthetic,NB,25,25042
synthetic_dataset_with_parallel_drifts_abrupt,1500,KS95,0.86415,0.8665660823861836,0.86415,0.8639270850245863,25,53,0.8641581095663244,1.0,parallel_abrupt,synthetic,NB,25,25042
synthetic_dataset_with_parallel_drifts_abrupt,1500,KS90,0.868,0.8698478800428484,0.868,0.8678360133163667,30,53,0.8680070597202825,1.0,parallel_abrupt,synthetic,NB,25,25042
synthetic_dataset_with_parallel_drifts_abrupt,1500,HD,0.88665,0.8872129373423279,0.88665,0.8866092823972446,2,53,0.8866538054661522,1.0,parallel_abrupt,synthetic,NB,25,25042
synthetic_dataset_with_parallel_drifts_abrupt,1500,JS,0.880525,0.8815699323104629,0.880525,0.8804438705282733,3,53,0.880530225221209,1.0,parallel_abrupt,synthetic,NB,25,25042
synthetic_dataset_with_parallel_drifts_abrupt,2000,Base,0.8896875,0.8901124108971686,0.8896875,0.889657868803371,0,40,0.8896907930876318,1.0,parallel_abrupt,synthetic,NB,25,25042
synthetic_dataset_with_parallel_drifts_abrupt,2000,KS95,0.86665,0.8689841180052347,0.86665,0.866440030363094,22,40,0.8666579446663177,1.0,parallel_abrupt,synthetic,NB,25,25042
synthetic_dataset_with_parallel_drifts_abrupt,2000,KS90,0.86745,0.8695895099006242,0.86745,0.867259080760904,23,40,0.8674575996983039,1.0,parallel_abrupt,synthetic,NB,25,25042
synthetic_dataset_with_parallel_drifts_abrupt,2000,HD,0.8866125,0.8872415382879115,0.8866125,0.8865669577899674,3,40,0.8866165229646609,1.0,parallel_abrupt,synthetic,NB,25,25042
synthetic_dataset_with_parallel_drifts_abrupt,2000,JS,0.888225,0.888749415451235,0.888225,0.8881877607893787,1,40,0.8882286655291467,1.0,parallel_abrupt,synthetic,NB,25,25042
synthetic_dataset_with_parallel_drifts_abrupt,2500,Base,0.890375,0.8906742822070788,0.890375,0.8903543465842464,0,32,0.8903777606151104,1.0,parallel_abrupt,synthetic,NB,25,25042
synthetic_dataset_with_parallel_drifts_abrupt,2500,KS95,0.8714875,0.87294471949744,0.8714875,0.8713627826303375,22,32,0.8714937423597497,1.0,parallel_abrupt,synthetic,NB,25,25042
synthetic_dataset_with_parallel_drifts_abrupt,2500,KS90,0.8714875,0.87294471949744,0.8714875,0.8713627826303375,22,32,0.8714937423597497,1.0,parallel_abrupt,synthetic,NB,25,25042
synthetic_dataset_with_parallel_drifts_abrupt,2500,HD,0.8913,0.8914681888363586,0.8913,0.8912885796166935,6,32,0.8913020656520826,1.0,parallel_abrupt,synthetic,NB,25,25042
synthetic_dataset_with_parallel_drifts_abrupt,2500,JS,0.8905625,0.8908339234485962,0.8905625,0.890543824755513,2,32,0.8905651281226051,1.0,parallel_abrupt,synthetic,NB,25,25042
synthetic_dataset_with_switching_drifts_incremental,1000,Base,0.940775,0.9427633048835836,0.940775,0.9407088582072776,0,80,0.940781697631268,1.0,switching_incremental,synthetic,NB,25,25042
synthetic_dataset_with_switching_drifts_incremental,1000,KS95,0.939775,0.9413752481934968,0.939775,0.9397207496018516,42,80,0.9397810175912408,1.0,switching_incremental,synthetic,NB,25,25042
synthetic_dataset_with_switching_drifts_incremental,1000,KS90,0.939425,0.9411268762317384,0.939425,0.9393669203861372,45,80,0.9394312075772484,1.0,switching_incremental,synthetic,NB,25,25042
synthetic_dataset_with_switching_drifts_incremental,1000,HD,0.940325,0.9423023600277683,0.940325,0.9402586549514876,6,80,0.9403316826132672,1.0,switching_incremental,synthetic,NB,25,25042
synthetic_dataset_with_switching_drifts_incremental,1000,JS,0.9398,0.9415982213976244,0.9398,0.9397390627187356,11,80,0.9398063775922552,1.0,switching_incremental,synthetic,NB,25,25042
synthetic_dataset_with_switching_drifts_incremental,1500,Base,0.941225,0.9432422703465342,0.941225,0.9411584724129558,0,53,0.9412317426492696,1.0,switching_incremental,synthetic,NB,25,25042
synthetic_dataset_with_switching_drifts_incremental,1500,KS95,0.9385625,0.9405572021745152,0.9385625,0.9384933205847046,25,53,0.9385692250427692,1.0,switching_incremental,synthetic,NB,25,25042
synthetic_dataset_with_switching_drifts_incremental,1500,KS90,0.9388625,0.9407440613207652,0.9388625,0.9387976071320812,28,53,0.9388690300547612,1.0,switching_incremental,synthetic,NB,25,25042
synthetic_dataset_with_switching_drifts_incremental,1500,HD,0.9404125,0.9426273134609638,0.9404125,0.9403383151598708,5,53,0.9404195701167828,1.0,switching_incremental,synthetic,NB,25,25042
synthetic_dataset_with_switching_drifts_incremental,1500,JS,0.9404125,0.9426273134609638,0.9404125,0.9403383151598708,5,53,0.9404195701167828,1.0,switching_incremental,synthetic,NB,25,25042
synthetic_dataset_with_switching_drifts_incremental,2000,Base,0.941275,0.9432924981775392,0.941275,0.9412085290080958,0,40,0.9412817426512696,1.0,switching_incremental,synthetic,NB,25,25042
synthetic_dataset_with_switching_drifts_incremental,2000,KS95,0.94095,0.942685474047427,0.94095,0.9408924633084368,21,40,0.9409562576382504,1.0,switching_incremental,synthetic,NB,25,25042
synthetic_dataset_with_switching_drifts_incremental,2000,KS90,0.940925,0.942696738515613,0.940925,0.9408662323070568,21,40,0.9409313226372528,1.0,switching_incremental,synthetic,NB,25,25042
synthetic_dataset_with_switching_drifts_incremental,2000,HD,0.9412375,0.9432653547921094,0.9412375,0.9411706395484636,1,40,0.9412442601497704,1.0,switching_incremental,synthetic,NB,25,25042
synthetic_dataset_with_switching_drifts_incremental,2000,JS,0.941275,0.9432924981775392,0.941275,0.9412085290080958,0,40,0.9412817426512696,1.0,switching_incremental,synthetic,NB,25,25042
synthetic_dataset_with_switching_drifts_incremental,2500,Base,0.941625,0.943508192126004,0.941625,0.9415633722183092,0,32,0.9416315126652606,1.0,switching_incremental,synthetic,NB,25,25042
synthetic_dataset_with_switching_drifts_incremental,2500,KS95,0.9404,0.9424648074637418,0.9404,0.9403308204705014,10,32,0.9404068276162733,1.0,switching_incremental,synthetic,NB,25,25042
synthetic_dataset_with_switching_drifts_incremental,2500,KS90,0.940375,0.9423377576600128,0.940375,0.9403092074532778,12,32,0.9403816576152664,1.0,switching_incremental,synthetic,NB,25,25042
synthetic_dataset_with_switching_drifts_incremental,2500,HD,0.9407625,0.9427492588301032,0.9407625,0.9406963938114632,2,32,0.9407691951307676,1.0,switching_incremental,synthetic,NB,25,25042
synthetic_dataset_with_switching_drifts_incremental,2500,JS,0.9407625,0.9427492588301032,0.9407625,0.9406963938114632,2,32,0.9407691951307676,1.0,switching_incremental,synthetic,NB,25,25042
synthetic_dataset_with_parallel_drifts_incremental,1000,Base,0.9411875,0.9431435029233484,0.9411875,0.9411229459958892,0,80,0.9411941401477656,1.0,parallel_incremental,synthetic,NB,25,25042
synthetic_dataset_with_parallel_drifts_incremental,1000,KS95,0.9400625,0.9419491882140314,0.9400625,0.939998880842022,22,80,0.9400690301027612,1.0,parallel_incremental,synthetic,NB,25,25042
synthetic_dataset_with_parallel_drifts_incremental,1000,KS90,0.9400375,0.9418014784417166,0.9400375,0.9399779913936992,27,80,0.9400438151017524,1.0,parallel_incremental,synthetic,NB,25,25042
synthetic_dataset_with_parallel_drifts_incremental,1000,HD,0.942,0.9437451745882354,0.942,0.94194330494251,1,80,0.9420062676802508,1.0,parallel_incremental,synthetic,NB,25,25042
synthetic_dataset_with_parallel_drifts_incremental,1000,JS,0.9408375,0.9425379354663284,0.9408375,0.9407810037877136,4,80,0.9408436951337478,1.0,parallel_incremental,synthetic,NB,25,25042
synthetic_dataset_with_parallel_drifts_incremental,1500,Base,0.9414,0.9434060659331308,0.9414,0.9413340648796392,0,53,0.9414067226562688,1.0,parallel_incremental,synthetic,NB,25,25042
synthetic_dataset_with_parallel_drifts_incremental,1500,KS95,0.93975,0.9418087390106324,0.93975,0.9396801687706892,14,53,0.9397568225902728,1.0,parallel_incremental,synthetic,NB,25,25042
synthetic_dataset_with_parallel_drifts_incremental,1500,KS90,0.9401625,0.9420207228030832,0.9401625,0.9400999595100326,18,53,0.9401689801067592,1.0,parallel_incremental,synthetic,NB,25,25042
synthetic_dataset_with_parallel_drifts_incremental,1500,HD,0.9413125,0.943219097607021,0.9413125,0.9412497279373736,4,53,0.9413190551527622,1.0,parallel_incremental,synthetic,NB,25,25042
synthetic_dataset_with_parallel_drifts_incremental,1500,JS,0.9413125,0.943219097607021,0.9413125,0.9412497279373736,4,53,0.9413190551527622,1.0,parallel_incremental,synthetic,NB,25,25042
synthetic_dataset_with_parallel_drifts_incremental,2000,Base,0.94155,0.9435777794875448,0.94155,0.9414835444783742,0,40,0.9415567576622704,1.0,parallel_incremental,synthetic,NB,25,25042
synthetic_dataset_with_parallel_drifts_incremental,2000,KS95,0.9404375,0.94236957996836,0.9404375,0.940372812743412,17,40,0.9404441051177642,1.0,parallel_incremental,synthetic,NB,25,25042
synthetic_dataset_with_parallel_drifts_incremental,2000,KS90,0.9397,0.9417797682485368,0.9397,0.9396293892040604,21,40,0.9397068575882744,1.0,parallel_incremental,synthetic,NB,25,25042
synthetic_dataset_with_parallel_drifts_incremental,2000,HD,0.9425875,0.9442100457906536,0.9425875,0.9425353941287514,2,40,0.9425935402037416,1.0,parallel_incremental,synthetic,NB,25,25042
synthetic_dataset_with_parallel_drifts_incremental,2000,JS,0.9421875,0.9439855057394316,0.9421875,0.9421293013887692,2,40,0.9421938601877544,1.0,parallel_incremental,synthetic,NB,25,25042
synthetic_dataset_with_parallel_drifts_incremental,2500,Base,0.9417375,0.9436197189772172,0.9417375,0.9416760383792264,0,32,0.9417440101697604,1.0,parallel_incremental,synthetic,NB,25,25042
synthetic_dataset_with_parallel_drifts_incremental,2500,KS95,0.94135,0.9431801821808292,0.94135,0.941289787741171,3,32,0.941356422654257,1.0,parallel_incremental,synthetic,NB,25,25042
synthetic_dataset_with_parallel_drifts_incremental,2500,KS90,0.9404625,0.9423306348458304,0.9404625,0.9403999835531358,10,32,0.9404689951187596,1.0,parallel_incremental,synthetic,NB,25,25042
synthetic_dataset_with_parallel_drifts_incremental,2500,HD,0.94105,0.9430246583926168,0.94105,0.9409846577244638,1,32,0.9410566726422668,1.0,parallel_incremental,synthetic,NB,25,25042
synthetic_dataset_with_parallel_drifts_incremental,2500,JS,0.94105,0.9430246583926168,0.94105,0.9409846577244638,1,32,0.9410566726422668,1.0,parallel_incremental,synthetic,NB,25,25042
synthetic_dataset_with_switching_drifts_abrupt,1000,Base,0.879725,0.8807028623021386,0.879725,0.8796484218038954,0,80,0.8797300601892024,1.0,switching_abrupt,synthetic,NB,25,25042
synthetic_dataset_with_switching_drifts_abrupt,1000,KS95,0.863925,0.86529931622382,0.863925,0.8637978843611243,73,80,0.863931124557245,1.0,switching_abrupt,synthetic,NB,25,25042
synthetic_dataset_with_switching_drifts_abrupt,1000,KS90,0.863925,0.86529931622382,0.863925,0.8637978843611243,73,80,0.863931124557245,1.0,switching_abrupt,synthetic,NB,25,25042
synthetic_dataset_with_switching_drifts_abrupt,1000,HD,0.8852875,0.8857737939205413,0.8852875,0.8852518052428917,2,80,0.8852910429116417,1.0,switching_abrupt,synthetic,NB,25,25042
synthetic_dataset_with_switching_drifts_abrupt,1000,JS,0.8802125,0.8807993286341054,0.8802125,0.8801668763928417,7,80,0.8802164177086567,1.0,switching_abrupt,synthetic,NB,25,25042
synthetic_dataset_with_switching_drifts_abrupt,1500,Base,0.8805625,0.8814470699675035,0.8805625,0.8804938809409265,0,53,0.8805673077226923,1.0,switching_abrupt,synthetic,NB,25,25042
synthetic_dataset_with_switching_drifts_abrupt,1500,KS95,0.86685,0.8679544001619479,0.86685,0.86675087443222,49,53,0.8668554696742188,1.0,switching_abrupt,synthetic,NB,25,25042
synthetic_dataset_with_switching_drifts_abrupt,1500,KS90,0.86685,0.8679544001619479,0.86685,0.86675087443222,49,53,0.8668554696742188,1.0,switching_abrupt,synthetic,NB,25,25042
synthetic_dataset_with_switching_drifts_abrupt,1500,HD,0.8728625,0.8743439425952276,0.8728625,0.8727375253519938,9,53,0.8728687824147514,1.0,switching_abrupt,synthetic,NB,25,25042
synthetic_dataset_with_switching_drifts_abrupt,1500,JS,0.8728625,0.8743439425952276,0.8728625,0.8727375253519938,9,53,0.8728687824147514,1.0,switching_abrupt,synthetic,NB,25,25042
synthetic_dataset_with_switching_drifts_abrupt,2000,Base,0.8823875,0.8832288458586794,0.8823875,0.8823235475394671,0,40,0.8823921777956871,1.0,switching_abrupt,synthetic,NB,25,25042
synthetic_dataset_with_switching_drifts_abrupt,2000,KS95,0.8690875,0.8703640793654663,0.8690875,0.868975498103727,37,40,0.8690933622637345,1.0,switching_abrupt,synthetic,NB,25,25042
synthetic_dataset_with_switching_drifts_abrupt,2000,KS90,0.8690875,0.8703640793654663,0.8690875,0.868975498103727,37,40,0.8690933622637345,1.0,switching_abrupt,synthetic,NB,25,25042
synthetic_dataset_with_switching_drifts_abrupt,2000,HD,0.882025,0.8827303809698184,0.882025,0.881971201226804,7,40,0.8820292852811714,1.0,switching_abrupt,synthetic,NB,25,25042
synthetic_dataset_with_switching_drifts_abrupt,2000,JS,0.882025,0.8827303809698184,0.882025,0.881971201226804,7,40,0.8820292852811714,1.0,switching_abrupt,synthetic,NB,25,25042
synthetic_dataset_with_switching_drifts_abrupt,2500,Base,0.882625,0.8832639438695169,0.882625,0.8825766123659098,0,32,0.8826290753051631,1.0,switching_abrupt,synthetic,NB,25,25042
synthetic_dataset_with_switching_drifts_abrupt,2500,KS95,0.8687625,0.8698961257382767,0.8687625,0.8686627260630511,29,32,0.8687680272507211,1.0,switching_abrupt,synthetic,NB,25,25042
synthetic_dataset_with_switching_drifts_abrupt,2500,KS90,0.8687625,0.8698961257382767,0.8687625,0.8686627260630511,29,32,0.8687680272507211,1.0,switching_abrupt,synthetic,NB,25,25042
synthetic_dataset_with_switching_drifts_abrupt,2500,HD,0.879375,0.8801424404212812,0.879375,0.8793147164605678,5,32,0.8793794851751794,1.0,switching_abrupt,synthetic,NB,25,25042
synthetic_dataset_with_switching_drifts_abrupt,2500,JS,0.879375,0.8801424404212812,0.879375,0.8793147164605678,5,32,0.8793794851751794,1.0,switching_abrupt,synthetic,NB,25,25042
synthetic_dataset_no_drifts,1000,Base,0.9422125,0.9441376276895614,0.9422125,0.9421502164289692,0,80,0.942219080188763,1.0,no_drifts,synthetic,NB,25,25042
synthetic_dataset_no_drifts,1000,KS95,0.942125,0.944016132420628,0.942125,0.9420637115895056,5,80,0.942131522685261,1.0,no_drifts,synthetic,NB,25,25042
synthetic_dataset_no_drifts,1000,KS90,0.941725,0.9436173359654952,0.941725,0.9416631929916284,9,80,0.9417315276692612,1.0,no_drifts,synthetic,NB,25,25042
synthetic_dataset_no_drifts,1000,HD,0.9429375,0.9443203198815924,0.9429375,0.94289340623547,4,80,0.942943075217723,1.0,no_drifts,synthetic,NB,25,25042
synthetic_dataset_no_drifts,1000,JS,0.9431,0.9444474960990829,0.9431,0.9430571723589384,3,80,0.94310550272422,1.0,no_drifts,synthetic,NB,25,25042
synthetic_dataset_no_drifts,1500,Base,0.9421875,0.9441657448987716,0.9421875,0.942123466759774,0,53,0.9421941701877669,1.0,no_drifts,synthetic,NB,25,25042
synthetic_dataset_no_drifts,1500,KS95,0.94205,0.9437180244169336,0.94205,0.9419958655059868,7,53,0.9420561276822452,1.0,no_drifts,synthetic,NB,25,25042
synthetic_dataset_no_drifts,1500,KS90,0.94085,0.9428775847454938,0.94085,0.940782648673135,8,53,0.9408567626342704,1.0,no_drifts,synthetic,NB,25,25042
synthetic_dataset_no_drifts,1500,HD,0.943,0.9446633963326948,0.943,0.9429470143226364,3,53,0.9430061127202446,1.0,no_drifts,synthetic,NB,25,25042
synthetic_dataset_no_drifts,1500,JS,0.9434,0.945053981845876,0.9434,0.9433477311983156,4,53,0.9434060927362438,1.0,no_drifts,synthetic,NB,25,25042
synthetic_dataset_no_drifts,2000,Base,0.942025,0.944051938661688,0.942025,0.9419591824087452,0,40,0.9420317526812702,1.0,no_drifts,synthetic,NB,25,25042
synthetic_dataset_no_drifts,2000,KS95,0.942025,0.944051938661688,0.942025,0.9419591824087452,0,40,0.9420317526812702,1.0,no_drifts,synthetic,NB,25,25042
synthetic_dataset_no_drifts,2000,KS90,0.941775,0.9436385624362164,0.941775,0.941714191973806,1,40,0.9417814776712592,1.0,no_drifts,synthetic,NB,25,25042
synthetic_dataset_no_drifts,2000,HD,0.942975,0.9446602124155946,0.942975,0.9429212923681952,3,40,0.942981152719246,1.0,no_drifts,synthetic,NB,25,25042
synthetic_dataset_no_drifts,2000,JS,0.9432625,0.9448659951564988,0.9432625,0.9432116890948752,2,40,0.94326850023074,1.0,no_drifts,synthetic,NB,25,25042
synthetic_dataset_no_drifts,2500,Base,0.942325,0.9442462121155836,0.942325,0.94226297983953,0,32,0.942331572693263,1.0,no_drifts,synthetic,NB,25,25042
synthetic_dataset_no_drifts,2500,KS95,0.942325,0.9442462121155836,0.942325,0.94226297983953,0,32,0.942331572693263,1.0,no_drifts,synthetic,NB,25,25042
synthetic_dataset_no_drifts,2500,KS90,0.9420625,0.9439987379820762,0.9420625,0.941999673144181,2,32,0.942069100182764,1.0,no_drifts,synthetic,NB,25,25042
synthetic_dataset_no_drifts,2500,HD,0.9413125,0.943370935044382,0.9413125,0.9412447296973718,2,32,0.9413193101527724,1.0,no_drifts,synthetic,NB,25,25042
synthetic_dataset_no_drifts,2500,JS,0.9413125,0.943370935044382,0.9413125,0.9412447296973718,2,32,0.9413193101527724,1.0,no_drifts,synthetic,NB,25,25042
synthetic_dataset_with_parallel_drifts_abrupt,1000,Base,0.7633625,0.7656503944258971,0.7633624999999999,0.7628511012554756,0,80,0.7633601787834006,1.0,parallel_abrupt,synthetic,NB,22,22042
synthetic_dataset_with_parallel_drifts_abrupt,1000,KS95,0.739275,0.7446167663286781,0.739275,0.7378423279298103,28,80,0.7392713043481782,1.0,parallel_abrupt,synthetic,NB,22,22042
synthetic_dataset_with_parallel_drifts_abrupt,1000,KS90,0.7398125,0.7438133278439057,0.7398125,0.738739445373238,30,80,0.7398092962245233,1.0,parallel_abrupt,synthetic,NB,22,22042
synthetic_dataset_with_parallel_drifts_abrupt,1000,HD,0.7490125,0.7531603459722827,0.7490125,0.7479790088120436,15,80,0.7490092987475233,1.0,parallel_abrupt,synthetic,NB,22,22042
synthetic_dataset_with_parallel_drifts_abrupt,1000,JS,0.7490125,0.7531603459722827,0.7490125,0.7479790088120436,15,80,0.7490092987475233,1.0,parallel_abrupt,synthetic,NB,22,22042
synthetic_dataset_with_parallel_drifts_abrupt,1500,Base,0.76475,0.7666757488465963,0.76475,0.764323808159858,0,53,0.7647478744118696,1.0,parallel_abrupt,synthetic,NB,22,22042
synthetic_dataset_with_parallel_drifts_abrupt,1500,KS95,0.7421,0.746083126207804,0.7421,0.7410509105493588,28,53,0.7420968181052421,1.0,parallel_abrupt,synthetic,NB,22,22042
synthetic_dataset_with_parallel_drifts_abrupt,1500,KS90,0.7421,0.746083126207804,0.7421,0.7410509105493588,28,53,0.7420968181052421,1.0,parallel_abrupt,synthetic,NB,22,22042
synthetic_dataset_with_parallel_drifts_abrupt,1500,HD,0.763475,0.7657082474421711,0.763475,0.7629761786678542,2,53,0.7634727069086817,1.0,parallel_abrupt,synthetic,NB,22,22042
synthetic_dataset_with_parallel_drifts_abrupt,1500,JS,0.7605125,0.7634112356385758,0.7605125,0.759850902621504,3,53,0.7605098762762748,1.0,parallel_abrupt,synthetic,NB,22,22042
synthetic_dataset_with_parallel_drifts_abrupt,2000,Base,0.764575,0.766465412354619,0.764575,0.7641559934953762,0,40,0.7645728931614322,1.0,parallel_abrupt,synthetic,NB,22,22042
synthetic_dataset_with_parallel_drifts_abrupt,2000,KS95,0.7462375,0.7501206892748989,0.7462375,0.7452475382008157,24,40,0.7462343837405859,1.0,parallel_abrupt,synthetic,NB,22,22042
synthetic_dataset_with_parallel_drifts_abrupt,2000,KS90,0.7462375,0.7501206892748989,0.7462375,0.7452475382008157,24,40,0.7462343837405859,1.0,parallel_abrupt,synthetic,NB,22,22042
synthetic_dataset_with_parallel_drifts_abrupt,2000,HD,0.7616125,0.7628225266754989,0.7616125,0.7613372137549357,5,40,0.761610802529027,1.0,parallel_abrupt,synthetic,NB,22,22042
synthetic_dataset_with_parallel_drifts_abrupt,2000,JS,0.76385,0.7658149689691414,0.76385,0.7634120392537541,1,40,0.7638478494096195,1.0,parallel_abrupt,synthetic,NB,22,22042
synthetic_dataset_with_parallel_drifts_abrupt,2500,Base,0.76565,0.7673365918861181,0.76565,0.765279125757767,0,32,0.76564801316412,1.0,parallel_abrupt,synthetic,NB,22,22042
synthetic_dataset_with_parallel_drifts_abrupt,2500,KS95,0.750975,0.7542343250414058,0.750975,0.7501732482513641,22,32,0.7509721681274304,1.0,parallel_abrupt,synthetic,NB,22,22042
synthetic_dataset_with_parallel_drifts_abrupt,2500,KS90,0.751525,0.7543088232246073,0.751525,0.7508421757441535,23,32,0.7515223831288059,1.0,parallel_abrupt,synthetic,NB,22,22042
synthetic_dataset_with_parallel_drifts_abrupt,2500,HD,0.7642625,0.7654938665941088,0.7642625,0.7639882640361956,4,32,0.7642607962856519,1.0,parallel_abrupt,synthetic,NB,22,22042
synthetic_dataset_with_parallel_drifts_abrupt,2500,JS,0.7642625,0.7654938665941088,0.7642625,0.7639882640361956,4,32,0.7642607962856519,1.0,parallel_abrupt,synthetic,NB,22,22042
synthetic_dataset_with_switching_drifts_incremental,1000,Base,0.795775,0.7962714021382444,0.795775,0.7956891383999914,0,80,0.795773975739435,1.0,switching_incremental,synthetic,NB,22,22042
synthetic_dataset_with_switching_drifts_incremental,1000,KS95,0.7914125,0.791552422532577,0.7914125,0.7913873153175616,48,80,0.7914119513535298,1.0,switching_incremental,synthetic,NB,22,22042
synthetic_dataset_with_switching_drifts_incremental,1000,KS90,0.7911125,0.7912587344876229,0.7911125,0.7910861181769331,52,80,0.7911119388527799,1.0,switching_incremental,synthetic,NB,22,22042
synthetic_dataset_with_switching_drifts_incremental,1000,HD,0.7955125,0.7961544541028105,0.7955125,0.7954013062025415,1,80,0.7955113351137784,1.0,switching_incremental,synthetic,NB,22,22042
synthetic_dataset_with_switching_drifts_incremental,1000,JS,0.794925,0.7952355520487264,0.794925,0.7948708331635097,6,80,0.7949241882373104,1.0,switching_incremental,synthetic,NB,22,22042
synthetic_dataset_with_switching_drifts_incremental,1500,Base,0.7955375,0.7960113030094311,0.7955375,0.795455375090917,0,53,0.7955364988638413,1.0,switching_incremental,synthetic,NB,22,22042
synthetic_dataset_with_switching_drifts_incremental,1500,KS95,0.79185,0.7920151617632271,0.79185,0.7918203958016965,35,53,0.7918494044796235,1.0,switching_incremental,synthetic,NB,22,22042
synthetic_dataset_with_switching_drifts_incremental,1500,KS90,0.7917125,0.79184375502785,0.7917125,0.7916889283853817,39,53,0.79171196885428,1.0,switching_incremental,synthetic,NB,22,22042
synthetic_dataset_with_switching_drifts_incremental,1500,HD,0.7951375,0.795319979508335,0.7951375,0.7951056771705426,3,53,0.7951368776128421,1.0,switching_incremental,synthetic,NB,22,22042
synthetic_dataset_with_switching_drifts_incremental,1500,JS,0.7951375,0.795319979508335,0.7951375,0.7951056771705426,3,53,0.7951368776128421,1.0,switching_incremental,synthetic,NB,22,22042
synthetic_dataset_with_switching_drifts_incremental,2000,Base,0.794575,0.795101342605185,0.794575,0.7944830676831585,0,40,0.7945739432364348,1.0,switching_incremental,synthetic,NB,22,22042
synthetic_dataset_with_switching_drifts_incremental,2000,KS95,0.790975,0.7912054642086073,0.790975,0.790933435577639,29,40,0.7909742957274358,1.0,switching_incremental,synthetic,NB,22,22042
synthetic_dataset_with_switching_drifts_incremental,2000,KS90,0.7913,0.7915612193974577,0.7913,0.7912530320273883,30,40,0.791299250728248,1.0,switching_incremental,synthetic,NB,22,22042
synthetic_dataset_with_switching_drifts_incremental,2000,HD,0.7940375,0.7945425194772654,0.7940375,0.7939488890121363,2,40,0.7940364638600912,1.0,switching_incremental,synthetic,NB,22,22042
synthetic_dataset_with_switching_drifts_incremental,2000,JS,0.7940375,0.7945425194772654,0.7940375,0.7939488890121363,2,40,0.7940364638600912,1.0,switching_incremental,synthetic,NB,22,22042
synthetic_dataset_with_switching_drifts_incremental,2500,Base,0.795075,0.795608509673723,0.795075,0.7949822037211312,0,32,0.7950739369876848,1.0,switching_incremental,synthetic,NB,22,22042
synthetic_dataset_with_switching_drifts_incremental,2500,KS95,0.79295,0.7934120346148186,0.79295,0.7928681797426099,19,32,0.7929490069823725,1.0,switching_incremental,synthetic,NB,22,22042
synthetic_dataset_with_switching_drifts_incremental,2500,KS90,0.7928875,0.7932816017219114,0.7928875,0.7928176420264516,19,32,0.7928865826072165,1.0,switching_incremental,synthetic,NB,22,22042
synthetic_dataset_with_switching_drifts_incremental,2500,HD,0.794525,0.7952464624452313,0.794525,0.7943990565445627,2,32,0.7945237632363094,1.0,switching_incremental,synthetic,NB,22,22042
synthetic_dataset_with_switching_drifts_incremental,2500,JS,0.794525,0.7952464624452313,0.794525,0.7943990565445627,2,32,0.7945237632363094,1.0,switching_incremental,synthetic,NB,22,22042
synthetic_dataset_with_parallel_drifts_incremental,1000,Base,0.7952125,0.7957393585425185,0.7952125,0.7951209613251917,0,80,0.7952114438630287,1.0,parallel_incremental,synthetic,NB,22,22042
synthetic_dataset_with_parallel_drifts_incremental,1000,KS95,0.7922125,0.7925679792873525,0.7922125,0.7921491182539446,22,80,0.7922116276055291,1.0,parallel_incremental,synthetic,NB,22,22042
synthetic_dataset_with_parallel_drifts_incremental,1000,KS90,0.791275,0.7916515573733559,0.791275,0.7912073512513323,26,80,0.7912741007281852,1.0,parallel_incremental,synthetic,NB,22,22042
synthetic_dataset_with_parallel_drifts_incremental,1000,HD,0.79285,0.7930321552845528,0.79285,0.7928176278635696,3,80,0.7928493757321234,1.0,parallel_incremental,synthetic,NB,22,22042
synthetic_dataset_with_parallel_drifts_incremental,1000,JS,0.79285,0.7930321552845528,0.79285,0.7928176278635696,3,80,0.7928493757321234,1.0,parallel_incremental,synthetic,NB,22,22042
synthetic_dataset_with_parallel_drifts_incremental,1500,Base,0.7950125,0.7955241125837618,0.7950125,0.7949234555112824,0,53,0.7950114588625287,1.0,parallel_incremental,synthetic,NB,22,22042
synthetic_dataset_with_parallel_drifts_incremental,1500,KS95,0.792475,0.7928658624154071,0.792475,0.7924054787368219,18,53,0.7924740857311852,1.0,parallel_incremental,synthetic,NB,22,22042
synthetic_dataset_with_parallel_drifts_incremental,1500,KS90,0.792175,0.7923808246335278,0.792175,0.7921382314371754,21,53,0.7921743357304358,1.0,parallel_incremental,synthetic,NB,22,22042
synthetic_dataset_with_parallel_drifts_incremental,1500,HD,0.7945125,0.7950456186556629,0.7945125,0.794419339578967,5,53,0.7945114363612785,1.0,parallel_incremental,synthetic,NB,22,22042
synthetic_dataset_with_parallel_drifts_incremental,1500,JS,0.7945125,0.7948811493547949,0.7945125,0.7944480116999901,4,53,0.7945116151112792,1.0,parallel_incremental,synthetic,NB,22,22042
synthetic_dataset_with_parallel_drifts_incremental,2000,Base,0.7945875,0.7951604301607328,0.7945875,0.7944874659892571,0,40,0.794586397611466,1.0,parallel_incremental,synthetic,NB,22,22042
synthetic_dataset_with_parallel_drifts_incremental,2000,KS95,0.791975,0.7922665178965361,0.791975,0.791922891208349,18,40,0.7919742094799356,1.0,parallel_incremental,synthetic,NB,22,22042
synthetic_dataset_with_parallel_drifts_incremental,2000,KS90,0.79125,0.7914437278157854,0.79125,0.7912151214195248,20,40,0.7912493544781232,1.0,parallel_incremental,synthetic,NB,22,22042
synthetic_dataset_with_parallel_drifts_incremental,2000,HD,0.794525,0.7948827849848144,0.794525,0.7944624133648015,1,40,0.7945241282363104,1.0,parallel_incremental,synthetic,NB,22,22042
synthetic_dataset_with_parallel_drifts_incremental,2000,JS,0.794525,0.7948827849848144,0.794525,0.7944624133648015,1,40,0.7945241282363104,1.0,parallel_incremental,synthetic,NB,22,22042
synthetic_dataset_with_parallel_drifts_incremental,2500,Base,0.7957125,0.7962617629376352,0.7957125,0.7956174741261779,0,32,0.7957114226142785,1.0,parallel_incremental,synthetic,NB,22,22042
synthetic_dataset_with_parallel_drifts_incremental,2500,KS95,0.794125,0.7945533084410595,0.794125,0.7940498673889954,10,32,0.79412404573531,1.0,parallel_incremental,synthetic,NB,22,22042
synthetic_dataset_with_parallel_drifts_incremental,2500,KS90,0.7936,0.7940197186263478,0.7936,0.7935260502524608,14,32,0.7935990544839977,1.0,parallel_incremental,synthetic,NB,22,22042
synthetic_dataset_with_parallel_drifts_incremental,2500,HD,0.7954,0.7960164110753669,0.7954,0.7952931179366652,2,32,0.7953988582384971,1.0,parallel_incremental,synthetic,NB,22,22042
synthetic_dataset_with_parallel_drifts_incremental,2500,JS,0.7954,0.7960164110753669,0.7954,0.7952931179366652,2,32,0.7953988582384971,1.0,parallel_incremental,synthetic,NB,22,22042
synthetic_dataset_with_switching_drifts_abrupt,1000,Base,0.7572,0.757911589282764,0.7572,0.7570319413541631,0,80,0.7571986856429966,1.0,switching_abrupt,synthetic,NB,22,22042
synthetic_dataset_with_switching_drifts_abrupt,1000,KS95,0.74405,0.7441258249454472,0.74405,0.7440299519369955,74,80,0.7440495581101239,1.0,switching_abrupt,synthetic,NB,22,22042
synthetic_dataset_with_switching_drifts_abrupt,1000,KS90,0.74405,0.7441258249454472,0.74405,0.7440299519369955,74,80,0.7440495581101239,1.0,switching_abrupt,synthetic,NB,22,22042
synthetic_dataset_with_switching_drifts_abrupt,1000,HD,0.758025,0.758379230870788,0.758025,0.7579417072102336,4,80,0.7580240731450603,1.0,switching_abrupt,synthetic,NB,22,22042
synthetic_dataset_with_switching_drifts_abrupt,1000,JS,0.758025,0.758379230870788,0.758025,0.7579417072102336,4,80,0.7580240731450603,1.0,switching_abrupt,synthetic,NB,22,22042
synthetic_dataset_with_switching_drifts_abrupt,1500,Base,0.7582,0.7587894817113935,0.7582,0.7580618024680803,0,53,0.758198805645497,1.0,switching_abrupt,synthetic,NB,22,22042
synthetic_dataset_with_switching_drifts_abrupt,1500,KS95,0.749525,0.749833235458062,0.749525,0.7494473889113898,49,53,0.7495241206238102,1.0,switching_abrupt,synthetic,NB,22,22042
synthetic_dataset_with_switching_drifts_abrupt,1500,KS90,0.7495125,0.7497509641611745,0.7495125,0.7494524030978696,50,53,0.7495117262487793,1.0,switching_abrupt,synthetic,NB,22,22042
synthetic_dataset_with_switching_drifts_abrupt,1500,HD,0.7580875,0.7582301269557127,0.7580875,0.7580538828903154,5,53,0.7580869112702172,1.0,switching_abrupt,synthetic,NB,22,22042
synthetic_dataset_with_switching_drifts_abrupt,1500,JS,0.7580875,0.7582301269557127,0.7580875,0.7580538828903154,5,53,0.7580869112702172,1.0,switching_abrupt,synthetic,NB,22,22042
synthetic_dataset_with_switching_drifts_abrupt,2000,Base,0.755825,0.7564464286216757,0.755825,0.7556765435401211,0,40,0.7558237681395594,1.0,switching_abrupt,synthetic,NB,22,22042
synthetic_dataset_with_switching_drifts_abrupt,2000,KS95,0.7475625,0.7478927478656133,0.7475625,0.7474780484934965,37,40,0.747561586243904,1.0,switching_abrupt,synthetic,NB,22,22042
synthetic_dataset_with_switching_drifts_abrupt,2000,KS90,0.7475625,0.7478927478656133,0.7475625,0.7474780484934965,37,40,0.747561586243904,1.0,switching_abrupt,synthetic,NB,22,22042
synthetic_dataset_with_switching_drifts_abrupt,2000,HD,0.7553625,0.7559135001030467,0.7553625,0.7552303289280567,2,40,0.7553613387634033,1.0,switching_abrupt,synthetic,NB,22,22042
synthetic_dataset_with_switching_drifts_abrupt,2000,JS,0.7553625,0.7559135001030467,0.7553625,0.7552303289280567,2,40,0.7553613387634033,1.0,switching_abrupt,synthetic,NB,22,22042
synthetic_dataset_with_switching_drifts_abrupt,2500,Base,0.7576625,0.7583096092877826,0.7576625,0.7575101850982852,0,32,0.7576612475191531,1.0,switching_abrupt,synthetic,NB,22,22042
synthetic_dataset_with_switching_drifts_abrupt,2500,KS95,0.7492375,0.7501125776039771,0.7492375,0.7490174131611078,29,32,0.7492360199980901,1.0,switching_abrupt,synthetic,NB,22,22042
synthetic_dataset_with_switching_drifts_abrupt,2500,KS90,0.7492375,0.7501125776039771,0.7492375,0.7490174131611078,29,32,0.7492360199980901,1.0,switching_abrupt,synthetic,NB,22,22042
synthetic_dataset_with_switching_drifts_abrupt,2500,HD,0.7545875,0.7555588453759636,0.7545875,0.7543535230197653,4,32,0.754585957511465,1.0,switching_abrupt,synthetic,NB,22,22042
synthetic_dataset_with_switching_drifts_abrupt,2500,JS,0.7545875,0.7555588453759636,0.7545875,0.7543535230197653,4,32,0.754585957511465,1.0,switching_abrupt,synthetic,NB,22,22042
synthetic_dataset_no_drifts,1000,Base,0.79665,0.7971663177077846,0.79665,0.7965613484633722,0,80,0.7966489569916224,1.0,no_drifts,synthetic,NB,22,22042
synthetic_dataset_no_drifts,1000,KS95,0.7962,0.7965861475693319,0.7962,0.7961333957007655,1,80,0.7961990969904977,1.0,no_drifts,synthetic,NB,22,22042
synthetic_dataset_no_drifts,1000,KS90,0.795025,0.7952005009293943,0.795025,0.7949943618886184,7,80,0.795024389487561,1.0,no_drifts,synthetic,NB,22,22042
synthetic_dataset_no_drifts,1000,HD,0.7955625,0.795931419903338,0.7955625,0.7954985222631434,7,80,0.7955616163639041,1.0,no_drifts,synthetic,NB,22,22042
synthetic_dataset_no_drifts,1000,JS,0.7934375,0.7935337433985873,0.7934375,0.7934204402325667,5,80,0.7934370463585926,1.0,no_drifts,synthetic,NB,22,22042
synthetic_dataset_no_drifts,1500,Base,0.7966625,0.7971782192488527,0.7966625,0.7965739600904291,0,53,0.7966614576166536,1.0,no_drifts,synthetic,NB,22,22042
synthetic_dataset_no_drifts,1500,KS95,0.79465,0.795226314662629,0.79465,0.794549428752233,4,53,0.7946488944866223,1.0,no_drifts,synthetic,NB,22,22042
synthetic_dataset_no_drifts,1500,KS90,0.7933875,0.7936680324684037,0.7933875,0.793337929577558,9,53,0.7933867263584669,1.0,no_drifts,synthetic,NB,22,22042
synthetic_dataset_no_drifts,1500,HD,0.7953,0.7955372404406499,0.7953,0.7952587160661077,4,53,0.7952992907382482,1.0,no_drifts,synthetic,NB,22,22042
synthetic_dataset_no_drifts,1500,JS,0.7960875,0.7962120779190623,0.7960875,0.7960659172306509,4,53,0.7960869863652176,1.0,no_drifts,synthetic,NB,22,22042
synthetic_dataset_no_drifts,2000,Base,0.7964,0.796961484983824,0.7964,0.7963034171599711,0,40,0.7963989119909972,1.0,no_drifts,synthetic,NB,22,22042
synthetic_dataset_no_drifts,2000,KS95,0.7952625,0.7956165586958317,0.7952625,0.7952009397490356,4,40,0.7952616338631541,1.0,no_drifts,synthetic,NB,22,22042
synthetic_dataset_no_drifts,2000,KS90,0.7945125,0.7949329682582437,0.7945125,0.7944389744452142,5,40,0.7945115551112788,1.0,no_drifts,synthetic,NB,22,22042
synthetic_dataset_no_drifts,2000,HD,0.7964,0.796961484983824,0.7964,0.7963034171599711,0,40,0.7963989119909972,1.0,no_drifts,synthetic,NB,22,22042
synthetic_dataset_no_drifts,2000,JS,0.7964,0.796961484983824,0.7964,0.7963034171599711,0,40,0.7963989119909972,1.0,no_drifts,synthetic,NB,22,22042
synthetic_dataset_no_drifts,2500,Base,0.7964875,0.7970562913572954,0.7964875,0.7963897349923859,0,32,0.796486405116216,1.0,no_drifts,synthetic,NB,22,22042
synthetic_dataset_no_drifts,2500,KS95,0.7964875,0.7970562913572954,0.7964875,0.7963897349923859,0,32,0.796486405116216,1.0,no_drifts,synthetic,NB,22,22042
synthetic_dataset_no_drifts,2500,KS90,0.7960375,0.7964457038343604,0.7960375,0.795967007651347,2,32,0.7960365713650914,1.0,no_drifts,synthetic,NB,22,22042
synthetic_dataset_no_drifts,2500,HD,0.7957,0.7960908616240173,0.7957,0.7956323053108542,3,32,0.7956990907392478,1.0,no_drifts,synthetic,NB,22,22042
synthetic_dataset_no_drifts,2500,JS,0.795725,0.7961511316065398,0.795725,0.7956512301516292,2,32,0.7957240507393101,1.0,no_drifts,synthetic,NB,22,22042
synthetic_dataset_with_parallel_drifts_abrupt,1000,Base,0.6683125,0.6688195646776459,0.6683125,0.6680582682918104,0,80,0.6683049021030582,1.0,parallel_abrupt,synthetic,NB,7,7042
synthetic_dataset_with_parallel_drifts_abrupt,1000,KS95,0.6632625,0.6665360379976135,0.6632625,0.6615864331182336,26,80,0.6632431592202639,1.0,parallel_abrupt,synthetic,NB,7,7042
synthetic_dataset_with_parallel_drifts_abrupt,1000,KS90,0.6633625,0.6663745624141475,0.6633625,0.6618193585572415,27,80,0.6633439361028852,1.0,parallel_abrupt,synthetic,NB,7,7042
synthetic_dataset_with_parallel_drifts_abrupt,1000,HD,0.6663,0.6682307598054691,0.6663,0.6653299587103545,13,80,0.6662852072628187,1.0,parallel_abrupt,synthetic,NB,7,7042
synthetic_dataset_with_parallel_drifts_abrupt,1000,JS,0.6679,0.6693185761443158,0.6679,0.667194632531168,9,80,0.667887352383981,1.0,parallel_abrupt,synthetic,NB,7,7042
synthetic_dataset_with_parallel_drifts_abrupt,1500,Base,0.66905,0.6694844818138793,0.66905,0.6688331831371975,0,53,0.669042976221375,1.0,parallel_abrupt,synthetic,NB,7,7042
synthetic_dataset_with_parallel_drifts_abrupt,1500,KS95,0.6645875,0.6670413509778954,0.6645875,0.6633399020138088,27,53,0.6645707718206646,1.0,parallel_abrupt,synthetic,NB,7,7042
synthetic_dataset_with_parallel_drifts_abrupt,1500,KS90,0.6645875,0.6670413509778954,0.6645875,0.6633399020138088,27,53,0.6645707718206646,1.0,parallel_abrupt,synthetic,NB,7,7042
synthetic_dataset_with_parallel_drifts_abrupt,1500,HD,0.6676,0.6682910223567926,0.6676,0.6672525823918901,2,53,0.667591126736579,1.0,parallel_abrupt,synthetic,NB,7,7042
synthetic_dataset_with_parallel_drifts_abrupt,1500,JS,0.6669625,0.6683002444287267,0.6669625,0.6662912353159792,3,53,0.6669501788756074,1.0,parallel_abrupt,synthetic,NB,7,7042
synthetic_dataset_with_parallel_drifts_abrupt,2000,Base,0.669025,0.6694811913854087,0.669025,0.6687974369360008,0,40,0.6690178043444716,1.0,parallel_abrupt,synthetic,NB,7,7042
synthetic_dataset_with_parallel_drifts_abrupt,2000,KS95,0.665825,0.6678478145012683,0.665825,0.6648050255669484,23,40,0.6658098428518695,1.0,parallel_abrupt,synthetic,NB,7,7042
synthetic_dataset_with_parallel_drifts_abrupt,2000,KS90,0.6659125,0.6678305489530292,0.6659125,0.6649453985751417,24,40,0.6658977381710163,1.0,parallel_abrupt,synthetic,NB,7,7042
synthetic_dataset_with_parallel_drifts_abrupt,2000,HD,0.667825,0.6686556690118394,0.667825,0.6674090951706263,3,40,0.6678152880035311,1.0,parallel_abrupt,synthetic,NB,7,7042
synthetic_dataset_with_parallel_drifts_abrupt,2000,JS,0.6677875,0.6684371522811487,0.6677875,0.6674611978937371,1,40,0.6677788983132791,1.0,parallel_abrupt,synthetic,NB,7,7042
synthetic_dataset_with_parallel_drifts_abrupt,2500,Base,0.6701625,0.6705515143012921,0.6701625,0.6699700240464197,0,32,0.6701558716180377,1.0,parallel_abrupt,synthetic,NB,7,7042
synthetic_dataset_with_parallel_drifts_abrupt,2500,KS95,0.666025,0.6674996112244251,0.666025,0.665279688246871,24,32,0.6660120359921603,1.0,parallel_abrupt,synthetic,NB,7,7042
synthetic_dataset_with_parallel_drifts_abrupt,2500,KS90,0.666025,0.6674996112244251,0.666025,0.665279688246871,24,32,0.6660120359921603,1.0,parallel_abrupt,synthetic,NB,7,7042
synthetic_dataset_with_parallel_drifts_abrupt,2500,HD,0.6696125,0.6703435161880338,0.6696125,0.6692517722021185,2,32,0.6696034309512595,1.0,parallel_abrupt,synthetic,NB,7,7042
synthetic_dataset_with_parallel_drifts_abrupt,2500,JS,0.6695875,0.670059049672119,0.6695875,0.6693535523305981,4,32,0.6695801978245024,1.0,parallel_abrupt,synthetic,NB,7,7042
synthetic_dataset_with_switching_drifts_incremental,1000,Base,0.6753375,0.6756787078565825,0.6753375,0.675175973404349,0,80,0.6753313807594357,1.0,switching_incremental,synthetic,NB,7,7042
synthetic_dataset_with_switching_drifts_incremental,1000,KS95,0.6761875,0.6769981166359593,0.6761875,0.6758105318244446,40,80,0.6761781358234715,1.0,switching_incremental,synthetic,NB,7,7042
synthetic_dataset_with_switching_drifts_incremental,1000,KS90,0.675475,0.6763229577343874,0.675475,0.6750783936125109,43,80,0.6754654054570713,1.0,switching_incremental,synthetic,NB,7,7042
synthetic_dataset_with_switching_drifts_incremental,1000,HD,0.6741625,0.6750896860049453,0.6741625,0.6737242407940044,8,80,0.674152434420278,1.0,switching_incremental,synthetic,NB,7,7042
synthetic_dataset_with_switching_drifts_incremental,1000,JS,0.675675,0.6762031250533838,0.675675,0.6754270852569539,4,80,0.6756674129723481,1.0,switching_incremental,synthetic,NB,7,7042
synthetic_dataset_with_switching_drifts_incremental,1500,Base,0.6744875,0.6748178238206669,0.6744875,0.6743298808599811,0,53,0.6744814631951607,1.0,switching_incremental,synthetic,NB,7,7042
synthetic_dataset_with_switching_drifts_incremental,1500,KS95,0.673875,0.6745200004049949,0.673875,0.6735680959172609,28,53,0.6738665809611601,1.0,switching_incremental,synthetic,NB,7,7042
synthetic_dataset_with_switching_drifts_incremental,1500,KS90,0.6742375,0.6748465375592495,0.6742375,0.6739484425746263,30,53,0.6742293250510927,1.0,switching_incremental,synthetic,NB,7,7042
synthetic_dataset_with_switching_drifts_incremental,1500,HD,0.673775,0.6742878044641166,0.673775,0.6735301273780706,6,53,0.6737674815786657,1.0,switching_incremental,synthetic,NB,7,7042
synthetic_dataset_with_switching_drifts_incremental,1500,JS,0.673625,0.6741710564298703,0.673625,0.673364097535258,8,53,0.6736172409423038,1.0,switching_incremental,synthetic,NB,7,7042
synthetic_dataset_with_switching_drifts_incremental,2000,Base,0.6748375,0.6751957431533571,0.6748375,0.6746672696390444,0,40,0.6748312225966111,1.0,switching_incremental,synthetic,NB,7,7042
synthetic_dataset_with_switching_drifts_incremental,2000,KS95,0.67375,0.6744455304132229,0.67375,0.6734189721100035,20,40,0.6737412578266826,1.0,switching_incremental,synthetic,NB,7,7042
synthetic_dataset_with_switching_drifts_incremental,2000,KS90,0.67395,0.6746530008368896,0.67395,0.6736160471088357,22,40,0.6739412165918045,1.0,switching_incremental,synthetic,NB,7,7042
synthetic_dataset_with_switching_drifts_incremental,2000,HD,0.6752125,0.6754276426596593,0.6752125,0.6751098563929093,3,40,0.6752076251250766,1.0,switching_incremental,synthetic,NB,7,7042
synthetic_dataset_with_switching_drifts_incremental,2000,JS,0.675175,0.6755264300359181,0.675175,0.6750084611052338,2,40,0.6751687879346396,1.0,switching_incremental,synthetic,NB,7,7042
synthetic_dataset_with_switching_drifts_incremental,2500,Base,0.674275,0.6746129476490706,0.674275,0.6741134896505672,0,32,0.6742688909915848,1.0,switching_incremental,synthetic,NB,7,7042
synthetic_dataset_with_switching_drifts_incremental,2500,KS95,0.6727375,0.6738200440375753,0.6727375,0.6722202392760103,20,32,0.6727265886874483,1.0,switching_incremental,synthetic,NB,7,7042
synthetic_dataset_with_switching_drifts_incremental,2500,KS90,0.673425,0.6743888417396882,0.673425,0.6729666424790843,23,32,0.673414717801988,1.0,switching_incremental,synthetic,NB,7,7042
synthetic_dataset_with_switching_drifts_incremental,2500,HD,0.67415,0.6744792933989057,0.67415,0.6739923967779478,2,32,0.6741439666071376,1.0,switching_incremental,synthetic,NB,7,7042
synthetic_dataset_with_switching_drifts_incremental,2500,JS,0.67415,0.6744792933989057,0.67415,0.6739923967779478,2,32,0.6741439666071376,1.0,switching_incremental,synthetic,NB,7,7042
synthetic_dataset_with_parallel_drifts_incremental,1000,Base,0.674425,0.6748151841588899,0.674425,0.6742391216507444,0,80,0.6744184441278949,1.0,parallel_incremental,synthetic,NB,7,7042
synthetic_dataset_with_parallel_drifts_incremental,1000,KS95,0.6726375,0.6740447017445084,0.6726375,0.6719665708545987,20,80,0.6726250761797714,1.0,parallel_incremental,synthetic,NB,7,7042
synthetic_dataset_with_parallel_drifts_incremental,1000,KS90,0.6728625,0.6742168088588595,0.6728625,0.6722177760782081,23,80,0.6728503168218053,1.0,parallel_incremental,synthetic,NB,7,7042
synthetic_dataset_with_parallel_drifts_incremental,1000,HD,0.6748375,0.6755115309607843,0.6748375,0.6745196515072587,4,80,0.6748289194714371,1.0,parallel_incremental,synthetic,NB,7,7042
synthetic_dataset_with_parallel_drifts_incremental,1000,JS,0.67365,0.6744493998836054,0.67365,0.6732697988624906,2,80,0.6736406321940727,1.0,parallel_incremental,synthetic,NB,7,7042
synthetic_dataset_with_parallel_drifts_incremental,1500,Base,0.67485,0.675206287078845,0.67485,0.6746807056172879,0,53,0.6748437397850579,1.0,parallel_incremental,synthetic,NB,7,7042
synthetic_dataset_with_parallel_drifts_incremental,1500,KS95,0.6736125,0.6745598564776552,0.6736125,0.6731626393609982,13,53,0.6736023106286747,1.0,parallel_incremental,synthetic,NB,7,7042
synthetic_dataset_with_parallel_drifts_incremental,1500,KS90,0.6735875,0.6744963348480151,0.6735875,0.6731556350326116,16,53,0.6735775168767997,1.0,parallel_incremental,synthetic,NB,7,7042
synthetic_dataset_with_parallel_drifts_incremental,1500,HD,0.674325,0.6747124787329744,0.674325,0.6741402309988201,6,53,0.6743184647453339,1.0,parallel_incremental,synthetic,NB,7,7042
synthetic_dataset_with_parallel_drifts_incremental,1500,JS,0.674325,0.6747124787329744,0.674325,0.6741402309988201,6,53,0.6743184647453339,1.0,parallel_incremental,synthetic,NB,7,7042
synthetic_dataset_with_parallel_drifts_incremental,2000,Base,0.6745,0.674883757808678,0.6745,0.6743172651409728,0,40,0.6744934991335709,1.0,parallel_incremental,synthetic,NB,7,7042
synthetic_dataset_with_parallel_drifts_incremental,2000,KS95,0.6740625,0.6749461373919832,0.6740625,0.6736442314292629,16,40,0.674052668162733,1.0,parallel_incremental,synthetic,NB,7,7042
synthetic_dataset_with_parallel_drifts_incremental,2000,KS90,0.6740125,0.6750039979929658,0.6740125,0.6735435759949701,18,40,0.6740020906589083,1.0,parallel_incremental,synthetic,NB,7,7042
synthetic_dataset_with_parallel_drifts_incremental,2000,HD,0.6737,0.674464430848236,0.6737,0.6733364078224288,3,40,0.6736908384478696,1.0,parallel_incremental,synthetic,NB,7,7042
synthetic_dataset_with_parallel_drifts_incremental,2000,JS,0.67345,0.6742472837494526,0.67345,0.6730701239331192,2,40,0.6734406390539482,1.0,parallel_incremental,synthetic,NB,7,7042
synthetic_dataset_with_parallel_drifts_incremental,2500,Base,0.6747125,0.6750832890658945,0.6747125,0.6745361929338602,0,32,0.6747061125871499,1.0,parallel_incremental,synthetic,NB,7,7042
synthetic_dataset_with_parallel_drifts_incremental,2500,KS95,0.6728125,0.6737865916245528,0.6728125,0.672346811148272,14,32,0.6728021455681622,1.0,parallel_incremental,synthetic,NB,7,7042
synthetic_dataset_with_parallel_drifts_incremental,2500,KS90,0.6729875,0.6739665222063186,0.6729875,0.6725202038195796,16,32,0.6729771249563952,1.0,parallel_incremental,synthetic,NB,7,7042
synthetic_dataset_with_parallel_drifts_incremental,2500,HD,0.6744875,0.6751623457040387,0.6744875,0.6741682893319554,1,32,0.6744789056949673,1.0,parallel_incremental,synthetic,NB,7,7042
synthetic_dataset_with_parallel_drifts_incremental,2500,JS,0.6744875,0.6751623457040387,0.6744875,0.6741682893319554,1,32,0.6744789056949673,1.0,parallel_incremental,synthetic,NB,7,7042
synthetic_dataset_with_switching_drifts_abrupt,1000,Base,0.6576875,0.658127956061186,0.6576875,0.6574437568575422,0,80,0.6576801762995634,1.0,switching_abrupt,synthetic,NB,7,7042
synthetic_dataset_with_switching_drifts_abrupt,1000,KS95,0.655875,0.6565746856336935,0.655875,0.6554834485573283,74,80,0.6558657408498466,1.0,switching_abrupt,synthetic,NB,7,7042
synthetic_dataset_with_switching_drifts_abrupt,1000,KS90,0.655875,0.6565746856336935,0.655875,0.6554834485573283,74,80,0.6558657408498466,1.0,switching_abrupt,synthetic,NB,7,7042
synthetic_dataset_with_switching_drifts_abrupt,1000,HD,0.657775,0.6580901991301342,0.657775,0.6575999276076887,6,80,0.6577687934937649,1.0,switching_abrupt,synthetic,NB,7,7042
synthetic_dataset_with_switching_drifts_abrupt,1000,JS,0.6574,0.6579706305490447,0.6574,0.6570843966941226,4,80,0.6573916690902449,1.0,switching_abrupt,synthetic,NB,7,7042
synthetic_dataset_with_switching_drifts_abrupt,1500,Base,0.657225,0.6575995556916582,0.657225,0.6570163890854432,0,53,0.6572182297021286,1.0,switching_abrupt,synthetic,NB,7,7042
synthetic_dataset_with_switching_drifts_abrupt,1500,KS95,0.6529125,0.6541173210793318,0.6529125,0.6522238143296379,49,53,0.6529002740630832,1.0,switching_abrupt,synthetic,NB,7,7042
synthetic_dataset_with_switching_drifts_abrupt,1500,KS90,0.6529125,0.6541173210793318,0.6529125,0.6522238143296379,49,53,0.6529002740630832,1.0,switching_abrupt,synthetic,NB,7,7042
synthetic_dataset_with_switching_drifts_abrupt,1500,HD,0.6555875,0.6560747086929547,0.6555875,0.6553129091886936,5,53,0.6555797498907185,1.0,switching_abrupt,synthetic,NB,7,7042
synthetic_dataset_with_switching_drifts_abrupt,1500,JS,0.6545625,0.655633916930469,0.6545625,0.6539586052255251,8,53,0.6545510235629213,1.0,switching_abrupt,synthetic,NB,7,7042
synthetic_dataset_with_switching_drifts_abrupt,2000,Base,0.658275,0.6587091797516998,0.658275,0.6580359919138574,0,40,0.658267741656498,1.0,switching_abrupt,synthetic,NB,7,7042
synthetic_dataset_with_switching_drifts_abrupt,2000,KS95,0.6537,0.6549761613469776,0.6537,0.6529764311294944,37,40,0.6536874544351137,1.0,switching_abrupt,synthetic,NB,7,7042
synthetic_dataset_with_switching_drifts_abrupt,2000,KS90,0.6537,0.6549761613469776,0.6537,0.6529764311294944,37,40,0.6536874544351137,1.0,switching_abrupt,synthetic,NB,7,7042
synthetic_dataset_with_switching_drifts_abrupt,2000,HD,0.6531375,0.6558666479104386,0.6531375,0.6515990784357911,7,40,0.6531192378296422,1.0,switching_abrupt,synthetic,NB,7,7042
synthetic_dataset_with_switching_drifts_abrupt,2000,JS,0.65305,0.6554262429646669,0.65305,0.6517062794146868,9,40,0.6530329306356154,1.0,switching_abrupt,synthetic,NB,7,7042
synthetic_dataset_with_switching_drifts_abrupt,2500,Base,0.6582125,0.6586102720959066,0.6582125,0.6579931569175861,0,32,0.6582055475892946,1.0,switching_abrupt,synthetic,NB,7,7042
synthetic_dataset_with_switching_drifts_abrupt,2500,KS95,0.6555625,0.6570470362331063,0.6555625,0.6547368988139532,30,32,0.655549064263398,1.0,switching_abrupt,synthetic,NB,7,7042
synthetic_dataset_with_switching_drifts_abrupt,2500,KS90,0.6555625,0.6570470362331063,0.6555625,0.6547368988139532,30,32,0.655549064263398,1.0,switching_abrupt,synthetic,NB,7,7042
synthetic_dataset_with_switching_drifts_abrupt,2500,HD,0.65595,0.6573522624723173,0.65595,0.6551723884655006,4,32,0.6559369527302321,1.0,switching_abrupt,synthetic,NB,7,7042
synthetic_dataset_with_switching_drifts_abrupt,2500,JS,0.65595,0.6573522624723173,0.65595,0.6551723884655006,4,32,0.6559369527302321,1.0,switching_abrupt,synthetic,NB,7,7042
synthetic_dataset_no_drifts,1000,Base,0.675175,0.6755619177078906,0.675175,0.6749918729684806,0,80,0.6751684854346168,1.0,no_drifts,synthetic,NB,7,7042
synthetic_dataset_no_drifts,1000,KS95,0.6747125,0.6756439314499599,0.6747125,0.674274382649172,6,80,0.6747024275868712,1.0,no_drifts,synthetic,NB,7,7042
synthetic_dataset_no_drifts,1000,KS90,0.67445,0.675112208088338,0.67445,0.6741365961500052,8,80,0.6744414847546373,1.0,no_drifts,synthetic,NB,7,7042
synthetic_dataset_no_drifts,1000,HD,0.675575,0.6757315317003183,0.6755749999999999,0.6755001566350834,2,80,0.6755708367150445,1.0,no_drifts,synthetic,NB,7,7042
synthetic_dataset_no_drifts,1000,JS,0.675575,0.6757315317003183,0.6755749999999999,0.6755001566350834,2,80,0.6755708367150445,1.0,no_drifts,synthetic,NB,7,7042
synthetic_dataset_no_drifts,1500,Base,0.6751,0.6754647786491507,0.6751,0.6749271056273328,0,53,0.6750936710539589,1.0,no_drifts,synthetic,NB,7,7042
synthetic_dataset_no_drifts,1500,KS95,0.67345,0.6743137628084145,0.67345,0.6730388194026581,3,53,0.6734402609289197,1.0,no_drifts,synthetic,NB,7,7042
synthetic_dataset_no_drifts,1500,KS90,0.6733375,0.6748113198395216,0.6733375,0.6726395219991946,6,53,0.6733248149826891,1.0,no_drifts,synthetic,NB,7,7042
synthetic_dataset_no_drifts,1500,HD,0.673775,0.6748482003098212,0.673775,0.6732668271826419,4,53,0.6737641678284153,1.0,no_drifts,synthetic,NB,7,7042
synthetic_dataset_no_drifts,1500,JS,0.674,0.6743632444897009,0.674,0.6738261437393243,7,53,0.6739936640957709,1.0,no_drifts,synthetic,NB,7,7042
synthetic_dataset_no_drifts,2000,Base,0.6748625,0.6752458352933749,0.6748625,0.6746805464702637,0,40,0.6748560094734858,1.0,no_drifts,synthetic,NB,7,7042
synthetic_dataset_no_drifts,2000,KS95,0.6745125,0.6750481924039715,0.6745125,0.6742584891358331,2,40,0.6745048338219279,1.0,no_drifts,synthetic,NB,7,7042
synthetic_dataset_no_drifts,2000,KS90,0.6737,0.6745961778875473,0.6737,0.6732745048245652,5,40,0.673690089072813,1.0,no_drifts,synthetic,NB,7,7042
synthetic_dataset_no_drifts,2000,HD,0.6748625,0.675249953725232,0.6748625,0.6746786168262382,2,40,0.674855975098483,1.0,no_drifts,synthetic,NB,7,7042
synthetic_dataset_no_drifts,2000,JS,0.6748625,0.675249953725232,0.6748625,0.6746786168262382,2,40,0.674855975098483,1.0,no_drifts,synthetic,NB,7,7042
synthetic_dataset_no_drifts,2500,Base,0.6749625,0.6753354478339519,0.6749625,0.6747855702671742,0,32,0.674956098856055,1.0,no_drifts,synthetic,NB,7,7042
synthetic_dataset_no_drifts,2500,KS95,0.6749625,0.6753354478339519,0.6749625,0.6747855702671742,1,32,0.674956098856055,1.0,no_drifts,synthetic,NB,7,7042
synthetic_dataset_no_drifts,2500,KS90,0.6731375,0.6739990735972431,0.6731375,0.6727262163804079,2,32,0.6731277643427871,1.0,no_drifts,synthetic,NB,7,7042
synthetic_dataset_no_drifts,2500,HD,0.6746375,0.6749575306911864,0.6746375,0.6744849290022649,2,32,0.6746315594565118,1.0,no_drifts,synthetic,NB,7,7042
synthetic_dataset_no_drifts,2500,JS,0.6746375,0.6749575306911864,0.6746375,0.6744849290022649,2,32,0.6746315594565118,1.0,no_drifts,synthetic,NB,7,7042
synthetic_dataset_with_parallel_drifts_abrupt,1000,Base,0.8119375,0.8119852977442256,0.8119375,0.8119305606269743,0,80,0.8119385726781188,1.0,parallel_abrupt,synthetic,NB,9,9042
synthetic_dataset_with_parallel_drifts_abrupt,1000,KS95,0.8067125,0.8067590588888445,0.8067125,0.8067048903556912,26,80,0.8067114112680369,1.0,parallel_abrupt,synthetic,NB,9,9042
synthetic_dataset_with_parallel_drifts_abrupt,1000,KS90,0.80705,0.8070748446923613,0.80705,0.8070458963452253,27,80,0.8070492022158817,1.0,parallel_abrupt,synthetic,NB,9,9042
synthetic_dataset_with_parallel_drifts_abrupt,1000,HD,0.809775,0.8097897641074803,0.809775,0.809772882535603,10,80,0.8097755935493777,1.0,parallel_abrupt,synthetic,NB,9,9042
synthetic_dataset_with_parallel_drifts_abrupt,1000,JS,0.80875,0.8087514991605351,0.80875,0.8087498149654752,13,80,0.8087501822679745,1.0,parallel_abrupt,synthetic,NB,9,9042
synthetic_dataset_with_parallel_drifts_abrupt,1500,Base,0.8122375,0.812292554462647,0.8122375,0.8122295070005264,0,53,0.8122386514373087,1.0,parallel_abrupt,synthetic,NB,9,9042
synthetic_dataset_with_parallel_drifts_abrupt,1500,KS95,0.8074125,0.8074192040913715,0.8074125,0.8074113454605953,25,53,0.8074120806644949,1.0,parallel_abrupt,synthetic,NB,9,9042
synthetic_dataset_with_parallel_drifts_abrupt,1500,KS90,0.8078,0.80780000245125,0.8078,0.80780000072075,27,53,0.807799998488875,1.0,parallel_abrupt,synthetic,NB,9,9042
synthetic_dataset_with_parallel_drifts_abrupt,1500,HD,0.811,0.8110214417043696,0.811,0.8109969204332012,4,53,0.8110007160868969,1.0,parallel_abrupt,synthetic,NB,9,9042
synthetic_dataset_with_parallel_drifts_abrupt,1500,JS,0.811,0.8110214417043696,0.811,0.8109969204332012,4,53,0.8110007160868969,1.0,parallel_abrupt,synthetic,NB,9,9042
synthetic_dataset_with_parallel_drifts_abrupt,2000,Base,0.811825,0.8119266563505857,0.811825,0.8118100530365461,0,40,0.8118265692371888,1.0,parallel_abrupt,synthetic,NB,9,9042
synthetic_dataset_with_parallel_drifts_abrupt,2000,KS95,0.8065625,0.8065626208218942,0.8065625,0.8065624937435057,23,40,0.8065625443884779,1.0,parallel_abrupt,synthetic,NB,9,9042
synthetic_dataset_with_parallel_drifts_abrupt,2000,KS90,0.8065625,0.8065626208218942,0.8065625,0.8065624937435057,23,40,0.8065625443884779,1.0,parallel_abrupt,synthetic,NB,9,9042
synthetic_dataset_with_parallel_drifts_abrupt,2000,HD,0.811125,0.8111717178485551,0.811125,0.8111181733456586,3,40,0.8111260617157356,1.0,parallel_abrupt,synthetic,NB,9,9042
synthetic_dataset_with_parallel_drifts_abrupt,2000,JS,0.8115125,0.8115557178937969,0.8115125,0.8115062150638747,1,40,0.8115135201651016,1.0,parallel_abrupt,synthetic,NB,9,9042
synthetic_dataset_with_parallel_drifts_abrupt,2500,Base,0.8119125,0.8120278569779316,0.8119125,0.8118955250392706,0,32,0.8119141720523715,1.0,parallel_abrupt,synthetic,NB,9,9042
synthetic_dataset_with_parallel_drifts_abrupt,2500,KS95,0.807675,0.8076957121635252,0.807675,0.8076719434284471,22,32,0.8076757072350685,1.0,parallel_abrupt,synthetic,NB,9,9042
synthetic_dataset_with_parallel_drifts_abrupt,2500,KS90,0.807675,0.8076957121635252,0.807675,0.8076719434284471,22,32,0.8076757072350685,1.0,parallel_abrupt,synthetic,NB,9,9042
synthetic_dataset_with_parallel_drifts_abrupt,2500,HD,0.8117375,0.8118201209229031,0.8117375,0.81172537645489,2,32,0.8117389139220041,1.0,parallel_abrupt,synthetic,NB,9,9042
synthetic_dataset_with_parallel_drifts_abrupt,2500,JS,0.8114625,0.8115110010048227,0.8114625,0.8114554280835605,4,32,0.8114635814135722,1.0,parallel_abrupt,synthetic,NB,9,9042
synthetic_dataset_with_switching_drifts_incremental,1000,Base,0.8198875,0.8199973048996566,0.8198875,0.8198724206717563,0,80,0.819889111046604,1.0,switching_incremental,synthetic,NB,9,9042
synthetic_dataset_with_switching_drifts_incremental,1000,KS95,0.8197,0.8198396983677281,0.8197,0.819680731793759,28,80,0.8197018188533681,1.0,switching_incremental,synthetic,NB,9,9042
synthetic_dataset_with_switching_drifts_incremental,1000,KS90,0.819925,0.8200491965784537,0.819925,0.819907925274115,33,80,0.8199267138602556,1.0,switching_incremental,synthetic,NB,9,9042
synthetic_dataset_with_switching_drifts_incremental,1000,HD,0.8200375,0.8201796967425453,0.8200375,0.8200179408506941,2,80,0.8200393341762046,1.0,switching_incremental,synthetic,NB,9,9042
synthetic_dataset_with_switching_drifts_incremental,1000,JS,0.819925,0.82004052376323,0.819925,0.8199091308686662,4,80,0.8199266526102537,1.0,switching_incremental,synthetic,NB,9,9042
synthetic_dataset_with_switching_drifts_incremental,1500,Base,0.819575,0.8196578509673945,0.819575,0.8195636332011432,0,53,0.8195763988495273,1.0,switching_incremental,synthetic,NB,9,9042
synthetic_dataset_with_switching_drifts_incremental,1500,KS95,0.8194,0.8194983988724751,0.8194,0.8193864483597896,14,53,0.8194015257191718,1.0,switching_incremental,synthetic,NB,9,9042
synthetic_dataset_with_switching_drifts_incremental,1500,KS90,0.81935,0.8194064944246021,0.81935,0.8193422802785278,20,53,0.8193511538426291,1.0,switching_incremental,synthetic,NB,9,9042
synthetic_dataset_with_switching_drifts_incremental,1500,HD,0.8197375,0.8198340459388486,0.8197375,0.8197242456110307,4,53,0.8197390104170071,1.0,switching_incremental,synthetic,NB,9,9042
synthetic_dataset_with_switching_drifts_incremental,1500,JS,0.8197375,0.8198340459388486,0.8197375,0.8197242456110307,4,53,0.8197390104170071,1.0,switching_incremental,synthetic,NB,9,9042
synthetic_dataset_with_switching_drifts_incremental,2000,Base,0.8199,0.8200065719197833,0.8199,0.8198853715630127,0,40,0.8199015869844861,1.0,switching_incremental,synthetic,NB,9,9042
synthetic_dataset_with_switching_drifts_incremental,2000,KS95,0.8196625,0.8197420602486014,0.8196625,0.8196515992219126,11,40,0.8196638704147061,1.0,switching_incremental,synthetic,NB,9,9042
synthetic_dataset_with_switching_drifts_incremental,2000,KS90,0.819675,0.819752807316514,0.819675,0.8196643439802583,17,40,0.8196763551025885,1.0,switching_incremental,synthetic,NB,9,9042
synthetic_dataset_with_switching_drifts_incremental,2000,HD,0.8200625,0.8201967220773313,0.8200625,0.8200440531138232,2,40,0.8200642816769687,1.0,switching_incremental,synthetic,NB,9,9042
synthetic_dataset_with_switching_drifts_incremental,2000,JS,0.8200625,0.8201967220773313,0.8200625,0.8200440531138232,2,40,0.8200642816769687,1.0,switching_incremental,synthetic,NB,9,9042
synthetic_dataset_with_switching_drifts_incremental,2500,Base,0.8201625,0.820270624703507,0.8201625,0.8201476895508536,0,32,0.8201640979300254,1.0,switching_incremental,synthetic,NB,9,9042
synthetic_dataset_with_switching_drifts_incremental,2500,KS95,0.8200625,0.8201659349115087,0.8200625,0.8200483273935871,5,32,0.820064062926962,1.0,switching_incremental,synthetic,NB,9,9042
synthetic_dataset_with_switching_drifts_incremental,2500,KS90,0.8201,0.8201980498804718,0.8201,0.8200865787037448,6,32,0.8201015213656089,1.0,switching_incremental,synthetic,NB,9,9042
synthetic_dataset_with_switching_drifts_incremental,2500,HD,0.82035,0.8204675094502957,0.82035,0.8203339142971551,1,32,0.8203516657482697,1.0,switching_incremental,synthetic,NB,9,9042
synthetic_dataset_with_switching_drifts_incremental,2500,JS,0.82035,0.8204675094502957,0.82035,0.8203339142971551,1,32,0.8203516657482697,1.0,switching_incremental,synthetic,NB,9,9042
synthetic_dataset_with_parallel_drifts_incremental,1000,Base,0.8198625,0.8199456820477848,0.8198625,0.8198511155350588,0,80,0.819863901045832,1.0,parallel_incremental,synthetic,NB,9,9042
synthetic_dataset_with_parallel_drifts_incremental,1000,KS95,0.8196,0.8196595533013288,0.8196,0.8195918726232844,19,80,0.8196011844752863,1.0,parallel_incremental,synthetic,NB,9,9042
synthetic_dataset_with_parallel_drifts_incremental,1000,KS90,0.8196625,0.8197308802573301,0.8196625,0.8196531522118262,21,80,0.8196637697897029,1.0,parallel_incremental,synthetic,NB,9,9042
synthetic_dataset_with_parallel_drifts_incremental,1000,HD,0.819925,0.8200375024767953,0.819925,0.8199095507405029,1,80,0.8199266307352531,1.0,parallel_incremental,synthetic,NB,9,9042
synthetic_dataset_with_parallel_drifts_incremental,1000,JS,0.819925,0.8200375024767953,0.819925,0.8199095507405029,1,80,0.8199266307352531,1.0,parallel_incremental,synthetic,NB,9,9042
synthetic_dataset_with_parallel_drifts_incremental,1500,Base,0.81975,0.8198258419558704,0.81975,0.8197396237757122,0,53,0.8197513376048847,1.0,parallel_incremental,synthetic,NB,9,9042
synthetic_dataset_with_parallel_drifts_incremental,1500,KS95,0.8192625,0.8193476016764242,0.8192625,0.8192507883993958,17,53,0.8192639185274576,1.0,parallel_incremental,synthetic,NB,9,9042
synthetic_dataset_with_parallel_drifts_incremental,1500,KS90,0.819425,0.8195047544207835,0.819425,0.8194140497341963,21,53,0.8194263725949328,1.0,parallel_incremental,synthetic,NB,9,9042
synthetic_dataset_with_parallel_drifts_incremental,1500,HD,0.8194125,0.8194705023653059,0.8194125,0.8194045749456728,2,53,0.8194136691570436,1.0,parallel_incremental,synthetic,NB,9,9042
synthetic_dataset_with_parallel_drifts_incremental,1500,JS,0.8194125,0.8194705023653059,0.8194125,0.8194045749456728,2,53,0.8194136691570436,1.0,parallel_incremental,synthetic,NB,9,9042
synthetic_dataset_with_parallel_drifts_incremental,2000,Base,0.8196625,0.8197635206647268,0.8196625,0.8196486142325022,0,40,0.8196640454147114,1.0,parallel_incremental,synthetic,NB,9,9042
synthetic_dataset_with_parallel_drifts_incremental,2000,KS95,0.8199875,0.8200891917020217,0.8199875,0.8199735601520796,17,40,0.8199890497996647,1.0,parallel_incremental,synthetic,NB,9,9042
synthetic_dataset_with_parallel_drifts_incremental,2000,KS90,0.819775,0.8198780560402583,0.819775,0.8197608447143779,19,40,0.8197765607306572,1.0,parallel_incremental,synthetic,NB,9,9042
synthetic_dataset_with_parallel_drifts_incremental,2000,HD,0.8199125,0.8200389090102537,0.8199125,0.8198951157715118,1,40,0.8199142291723733,1.0,parallel_incremental,synthetic,NB,9,9042
synthetic_dataset_with_parallel_drifts_incremental,2000,JS,0.820075,0.8202400022012464,0.820075,0.8200522773705973,3,40,0.8200769763648574,1.0,parallel_incremental,synthetic,NB,9,9042
synthetic_dataset_with_parallel_drifts_incremental,2500,Base,0.8197125,0.8198068280859294,0.8197125,0.8196995512070094,0,32,0.819713992916241,1.0,parallel_incremental,synthetic,NB,9,9042
synthetic_dataset_with_parallel_drifts_incremental,2500,KS95,0.8197125,0.8198465772557578,0.8197125,0.8196940172324192,9,32,0.8197142816662498,1.0,parallel_incremental,synthetic,NB,9,9042
synthetic_dataset_with_parallel_drifts_incremental,2500,KS90,0.81985,0.8199729099470544,0.81985,0.8198330931658662,13,32,0.8198517051079585,1.0,parallel_incremental,synthetic,NB,9,9042
synthetic_dataset_with_parallel_drifts_incremental,2500,HD,0.81965,0.8197153716264245,0.81965,0.8196410688620414,1,32,0.8196512413518193,1.0,parallel_incremental,synthetic,NB,9,9042
synthetic_dataset_with_parallel_drifts_incremental,2500,JS,0.81965,0.8197153716264245,0.81965,0.8196410688620414,1,32,0.8196512413518193,1.0,parallel_incremental,synthetic,NB,9,9042
synthetic_dataset_with_switching_drifts_abrupt,1000,Base,0.7971875,0.7974146248303001,0.7971875,0.7971494286200256,0,80,0.797189906601441,1.0,switching_abrupt,synthetic,NB,9,9042
synthetic_dataset_with_switching_drifts_abrupt,1000,KS95,0.7868,0.7869132194153965,0.7868,0.7867794716955228,72,80,0.7868017259708029,1.0,switching_abrupt,synthetic,NB,9,9042
synthetic_dataset_with_switching_drifts_abrupt,1000,KS90,0.7868,0.7869132194153965,0.7868,0.7867794716955228,72,80,0.7868017259708029,1.0,switching_abrupt,synthetic,NB,9,9042
synthetic_dataset_with_switching_drifts_abrupt,1000,HD,0.79415,0.7942643291623269,0.79415,0.7941304812865561,9,80,0.7941517130708962,1.0,switching_abrupt,synthetic,NB,9,9042
synthetic_dataset_with_switching_drifts_abrupt,1000,JS,0.7933625,0.7934517180899047,0.7933625,0.7933472175651625,15,80,0.7933640139842729,1.0,switching_abrupt,synthetic,NB,9,9042
synthetic_dataset_with_switching_drifts_abrupt,1500,Base,0.796,0.7962058196251101,0.796,0.7959651874042778,0,53,0.7960022950025702,1.0,switching_abrupt,synthetic,NB,9,9042
synthetic_dataset_with_switching_drifts_abrupt,1500,KS95,0.784225,0.7842564359979689,0.784225,0.7842193063617042,47,53,0.7842259077669184,1.0,switching_abrupt,synthetic,NB,9,9042
synthetic_dataset_with_switching_drifts_abrupt,1500,KS90,0.784225,0.7842564359979689,0.784225,0.7842193063617042,47,53,0.7842259077669184,1.0,switching_abrupt,synthetic,NB,9,9042
synthetic_dataset_with_switching_drifts_abrupt,1500,HD,0.7936375,0.793756609710105,0.7936375,0.7936170691892741,8,53,0.7936392502427021,1.0,switching_abrupt,synthetic,NB,9,9042
synthetic_dataset_with_switching_drifts_abrupt,1500,JS,0.7941125,0.7944034352467566,0.7941125,0.7940623847347063,9,53,0.7941152390072792,1.0,switching_abrupt,synthetic,NB,9,9042
synthetic_dataset_with_switching_drifts_abrupt,2000,Base,0.7966625,0.7969067988011386,0.7966625,0.7966213478615589,0,40,0.7966649984603656,1.0,switching_abrupt,synthetic,NB,9,9042
synthetic_dataset_with_switching_drifts_abrupt,2000,KS95,0.78515,0.785211763368571,0.78515,0.7851387469245272,37,40,0.7851512752952577,1.0,switching_abrupt,synthetic,NB,9,9042
synthetic_dataset_with_switching_drifts_abrupt,2000,KS90,0.78515,0.785211763368571,0.78515,0.7851387469245272,37,40,0.7851512752952577,1.0,switching_abrupt,synthetic,NB,9,9042
synthetic_dataset_with_switching_drifts_abrupt,2000,HD,0.7953875,0.7953995440975535,0.7953875,0.7953855668102401,2,40,0.7953880471712589,1.0,switching_abrupt,synthetic,NB,9,9042
synthetic_dataset_with_switching_drifts_abrupt,2000,JS,0.7953875,0.7953995440975535,0.7953875,0.7953855668102401,2,40,0.7953880471712589,1.0,switching_abrupt,synthetic,NB,9,9042
synthetic_dataset_with_switching_drifts_abrupt,2500,Base,0.797575,0.7978187617548353,0.797575,0.797534248300217,0,32,0.7975774919258106,1.0,switching_abrupt,synthetic,NB,9,9042
synthetic_dataset_with_switching_drifts_abrupt,2500,KS95,0.7862,0.786234729821904,0.7862,0.7861937958842263,29,32,0.786200951577404,1.0,switching_abrupt,synthetic,NB,9,9042
synthetic_dataset_with_switching_drifts_abrupt,2500,KS90,0.7862,0.786234729821904,0.7862,0.7861937958842263,29,32,0.786200951577404,1.0,switching_abrupt,synthetic,NB,9,9042
synthetic_dataset_with_switching_drifts_abrupt,2500,HD,0.7949,0.7949044594777558,0.7949,0.7948991290900993,4,32,0.7948996480938018,1.0,switching_abrupt,synthetic,NB,9,9042
synthetic_dataset_with_switching_drifts_abrupt,2500,JS,0.794425,0.794428130062642,0.794425,0.7944245312880481,6,32,0.7944252737042741,1.0,switching_abrupt,synthetic,NB,9,9042
synthetic_dataset_no_drifts,1000,Base,0.820175,0.8202637737640666,0.820175,0.8201628722509416,0,80,0.8201764469929036,1.0,no_drifts,synthetic,NB,9,9042
synthetic_dataset_no_drifts,1000,KS95,0.82,0.8200829592820353,0.82,0.8199886599761994,5,80,0.8200013988625429,1.0,no_drifts,synthetic,NB,9,9042
synthetic_dataset_no_drifts,1000,KS90,0.8200125,0.8200993734638521,0.8200125,0.8200006186231709,7,80,0.8200139316754268,1.0,no_drifts,synthetic,NB,9,9042
synthetic_dataset_no_drifts,1000,HD,0.8200125,0.8200828393024633,0.8200125,0.8200029093452469,4,80,0.8200137873004221,1.0,no_drifts,synthetic,NB,9,9042
synthetic_dataset_no_drifts,1000,JS,0.8202,0.820309022079752,0.8202,0.8201850699899412,3,80,0.8202016044936741,1.0,no_drifts,synthetic,NB,9,9042
synthetic_dataset_no_drifts,1500,Base,0.8201875,0.8202641856275606,0.8201875,0.8201770463716451,0,53,0.8201888441807833,1.0,no_drifts,synthetic,NB,9,9042
synthetic_dataset_no_drifts,1500,KS95,0.820075,0.8201324748929967,0.820075,0.8200671931742242,3,53,0.8200761626148323,1.0,no_drifts,synthetic,NB,9,9042
synthetic_dataset_no_drifts,1500,KS90,0.820075,0.8201399998221306,0.820075,0.8200661531133047,4,53,0.8200762369898347,1.0,no_drifts,synthetic,NB,9,9042
synthetic_dataset_no_drifts,1500,HD,0.820175,0.8202590385210269,0.820175,0.8201635277977073,5,53,0.8201764076179024,1.0,no_drifts,synthetic,NB,9,9042
synthetic_dataset_no_drifts,1500,JS,0.8200625,0.8201462503183998,0.8200625,0.8200510565282568,6,53,0.8200639054269571,1.0,no_drifts,synthetic,NB,9,9042
synthetic_dataset_no_drifts,2000,Base,0.8200875,0.8201813877274301,0.8200875,0.8200746542768543,0,40,0.8200889885527253,1.0,no_drifts,synthetic,NB,9,9042
synthetic_dataset_no_drifts,2000,KS95,0.820275,0.8203799476344402,0.820275,0.820260644015197,2,40,0.8202765738709701,1.0,no_drifts,synthetic,NB,9,9042
synthetic_dataset_no_drifts,2000,KS90,0.8202375,0.8203386995872415,0.8202375,0.8202236585068009,4,40,0.8202390454323207,1.0,no_drifts,synthetic,NB,9,9042
synthetic_dataset_no_drifts,2000,HD,0.8202875,0.8203992285141499,0.8202875,0.8202722064529356,2,40,0.8202891241838544,1.0,no_drifts,synthetic,NB,9,9042
synthetic_dataset_no_drifts,2000,JS,0.8202875,0.8203992285141499,0.8202875,0.8202722064529356,2,40,0.8202891241838544,1.0,no_drifts,synthetic,NB,9,9042
synthetic_dataset_no_drifts,2500,Base,0.820175,0.8202637737640666,0.820175,0.8201628722509416,0,32,0.8201764469929036,1.0,no_drifts,synthetic,NB,9,9042
synthetic_dataset_no_drifts,2500,KS95,0.820175,0.8202637737640666,0.820175,0.8201628722509416,0,32,0.8201764469929036,1.0,no_drifts,synthetic,NB,9,9042
synthetic_dataset_no_drifts,2500,KS90,0.82015,0.8202393010599084,0.82015,0.8201377965917316,3,32,0.8201514513671382,1.0,no_drifts,synthetic,NB,9,9042
synthetic_dataset_no_drifts,2500,HD,0.8203,0.8203986718231528,0.8203,0.8202865158928802,1,32,0.8203015257467342,1.0,no_drifts,synthetic,NB,9,9042
synthetic_dataset_no_drifts,2500,JS,0.8203,0.8203986718231528,0.8203,0.8202865158928802,1,32,0.8203015257467342,1.0,no_drifts,synthetic,NB,9,9042
synthetic_dataset_with_parallel_drifts_abrupt,1000,Base,0.8498,0.8515278175451887,0.8498,0.8496139304209799,0,80,0.8497929789917192,1.0,parallel_abrupt,synthetic,NB,8,8042
synthetic_dataset_with_parallel_drifts_abrupt,1000,KS95,0.8370125,0.8372918128409729,0.8370125,0.8369781670686199,29,80,0.8370096109803844,1.0,parallel_abrupt,synthetic,NB,8,8042
synthetic_dataset_with_parallel_drifts_abrupt,1000,KS90,0.836725,0.8371368555054454,0.836725,0.8366744097193208,33,80,0.8367214934688598,1.0,parallel_abrupt,synthetic,NB,8,8042
synthetic_dataset_with_parallel_drifts_abrupt,1000,HD,0.843675,0.8441124579904826,0.843675,0.8436246168424788,13,80,0.8436714237468569,1.0,parallel_abrupt,synthetic,NB,8,8042
synthetic_dataset_with_parallel_drifts_abrupt,1000,JS,0.8473,0.8486578934074267,0.8473,0.8471500156789523,9,80,0.84729374889175,1.0,parallel_abrupt,synthetic,NB,8,8042
synthetic_dataset_with_parallel_drifts_abrupt,1500,Base,0.85025,0.8522079176475549,0.85025,0.8500402422156156,0,53,0.8502425340097014,1.0,parallel_abrupt,synthetic,NB,8,8042
synthetic_dataset_with_parallel_drifts_abrupt,1500,KS95,0.8354875,0.8356837010357288,0.8354875,0.835462961682656,26,53,0.8354850709194028,1.0,parallel_abrupt,synthetic,NB,8,8042
synthetic_dataset_with_parallel_drifts_abrupt,1500,KS90,0.8357125,0.8360735389342222,0.8357125,0.8356676942114518,28,53,0.8357092109283684,1.0,parallel_abrupt,synthetic,NB,8,8042
synthetic_dataset_with_parallel_drifts_abrupt,1500,HD,0.849325,0.8507665864372764,0.849325,0.8491688554803881,2,53,0.8493185789727431,1.0,parallel_abrupt,synthetic,NB,8,8042
synthetic_dataset_with_parallel_drifts_abrupt,1500,JS,0.84785,0.849212242558046,0.84785,0.8477003170263215,3,53,0.8478437439137496,1.0,parallel_abrupt,synthetic,NB,8,8042
synthetic_dataset_with_parallel_drifts_abrupt,2000,Base,0.8493625,0.851367145575741,0.8493625,0.8491459545144975,0,40,0.8493549364741976,1.0,parallel_abrupt,synthetic,NB,8,8042
synthetic_dataset_with_parallel_drifts_abrupt,2000,KS95,0.8362375,0.8366068813641494,0.8362375,0.8361918854041432,23,40,0.8362341759493671,1.0,parallel_abrupt,synthetic,NB,8,8042
synthetic_dataset_with_parallel_drifts_abrupt,2000,KS90,0.8362375,0.8366068813641494,0.8362375,0.8361918854041432,23,40,0.8362341759493671,1.0,parallel_abrupt,synthetic,NB,8,8042
synthetic_dataset_with_parallel_drifts_abrupt,2000,HD,0.8475125,0.8491595739341202,0.8475125,0.8473311810274172,3,40,0.8475056214002249,1.0,parallel_abrupt,synthetic,NB,8,8042
synthetic_dataset_with_parallel_drifts_abrupt,2000,JS,0.84885,0.8504998134876212,0.84885,0.8486706628094715,1,40,0.8488431289537252,1.0,parallel_abrupt,synthetic,NB,8,8042
synthetic_dataset_with_parallel_drifts_abrupt,2500,Base,0.8513375,0.8534266637942682,0.8513375,0.8511160995300395,0,32,0.851329801553192,1.0,parallel_abrupt,synthetic,NB,8,8042
synthetic_dataset_with_parallel_drifts_abrupt,2500,KS95,0.8409875,0.8420383738756558,0.8409875,0.8408641823550476,23,32,0.8409819461392778,1.0,parallel_abrupt,synthetic,NB,8,8042
synthetic_dataset_with_parallel_drifts_abrupt,2500,KS90,0.8409875,0.8420383738756558,0.8409875,0.8408641823550476,23,32,0.8409819461392778,1.0,parallel_abrupt,synthetic,NB,8,8042
synthetic_dataset_with_parallel_drifts_abrupt,2500,HD,0.8525625,0.854887165258629,0.8525625,0.8523192182766597,4,32,0.8525543966021759,1.0,parallel_abrupt,synthetic,NB,8,8042
synthetic_dataset_with_parallel_drifts_abrupt,2500,JS,0.8535875,0.8554550800512319,0.8535875,0.8533936525354576,2,32,0.8535802416432096,1.0,parallel_abrupt,synthetic,NB,8,8042
synthetic_dataset_with_switching_drifts_incremental,1000,Base,0.8672875,0.8700332225008267,0.8672875,0.8670395065678967,0,80,0.8672788771911552,1.0,switching_incremental,synthetic,NB,8,8042
synthetic_dataset_with_switching_drifts_incremental,1000,KS95,0.8619875,0.8645529640832698,0.8619875,0.8617428873833113,38,80,0.861979101979164,1.0,switching_incremental,synthetic,NB,8,8042
synthetic_dataset_with_switching_drifts_incremental,1000,KS90,0.8624875,0.8655607264744459,0.8624875,0.8621963814679906,40,80,0.8624783219991329,1.0,switching_incremental,synthetic,NB,8,8042
synthetic_dataset_with_switching_drifts_incremental,1000,HD,0.8652125,0.8677054788546611,0.8652125,0.8649823405581352,11,80,0.8652042571081702,1.0,switching_incremental,synthetic,NB,8,8042
synthetic_dataset_with_switching_drifts_incremental,1000,JS,0.864825,0.8674778195733961,0.864825,0.8645792430826201,10,80,0.8648164945926597,1.0,switching_incremental,synthetic,NB,8,8042
synthetic_dataset_with_switching_drifts_incremental,1500,Base,0.867,0.8699312545790528,0.867,0.8667346155215022,0,53,0.8669910896796437,1.0,switching_incremental,synthetic,NB,8,8042
synthetic_dataset_with_switching_drifts_incremental,1500,KS95,0.8638375,0.8664347271654844,0.8638375,0.8635944388985386,23,53,0.8638290720531628,1.0,switching_incremental,synthetic,NB,8,8042
synthetic_dataset_with_switching_drifts_incremental,1500,KS90,0.8629625,0.8661112673752673,0.8629625,0.8626657071629455,28,53,0.8629532170181288,1.0,switching_incremental,synthetic,NB,8,8042
synthetic_dataset_with_switching_drifts_incremental,1500,HD,0.867775,0.8709120824963684,0.867775,0.867493394359657,2,53,0.8677657947106318,1.0,switching_incremental,synthetic,NB,8,8042
synthetic_dataset_with_switching_drifts_incremental,1500,JS,0.867775,0.8709120824963684,0.867775,0.867493394359657,2,53,0.8677657947106318,1.0,switching_incremental,synthetic,NB,8,8042
synthetic_dataset_with_switching_drifts_incremental,2000,Base,0.867675,0.870377215274268,0.867675,0.8674318718599247,0,40,0.867666449706658,1.0,switching_incremental,synthetic,NB,8,8042
synthetic_dataset_with_switching_drifts_incremental,2000,KS95,0.8658125,0.8684930622234557,0.8658125,0.86556667022809,21,40,0.8658039621321585,1.0,switching_incremental,synthetic,NB,8,8042
synthetic_dataset_with_switching_drifts_incremental,2000,KS90,0.8659625,0.8685468953870447,0.8659625,0.8657257805940746,22,40,0.8659541171381646,1.0,switching_incremental,synthetic,NB,8,8042
synthetic_dataset_with_switching_drifts_incremental,2000,HD,0.86855,0.8711044413359937,0.86855,0.8683221229493755,4,40,0.8685416947416678,1.0,switching_incremental,synthetic,NB,8,8042
synthetic_dataset_with_switching_drifts_incremental,2000,JS,0.8687125,0.8711410026625385,0.8687125,0.8684961340873715,3,40,0.868704402248176,1.0,switching_incremental,synthetic,NB,8,8042
synthetic_dataset_with_switching_drifts_incremental,2500,Base,0.8671125,0.8699671571256328,0.8671125,0.8668542893882776,0,32,0.8671037071841483,1.0,switching_incremental,synthetic,NB,8,8042
synthetic_dataset_with_switching_drifts_incremental,2500,KS95,0.8654875,0.8686033034128701,0.8654875,0.8652011782336645,15,32,0.8654782971191319,1.0,switching_incremental,synthetic,NB,8,8042
synthetic_dataset_with_switching_drifts_incremental,2500,KS90,0.8658875,0.8685025343587491,0.8658875,0.8656478141537386,21,32,0.8658790671351627,1.0,switching_incremental,synthetic,NB,8,8042
synthetic_dataset_with_switching_drifts_incremental,2500,HD,0.8671125,0.8699671571256328,0.8671125,0.8668542893882776,0,32,0.8671037071841483,1.0,switching_incremental,synthetic,NB,8,8042
synthetic_dataset_with_switching_drifts_incremental,2500,JS,0.8671125,0.8699671571256328,0.8671125,0.8668542893882776,0,32,0.8671037071841483,1.0,switching_incremental,synthetic,NB,8,8042
synthetic_dataset_with_parallel_drifts_incremental,1000,Base,0.8672375,0.8699764293530082,0.8672375,0.8669899883200378,0,80,0.8672288871891555,1.0,parallel_incremental,synthetic,NB,8,8042
synthetic_dataset_with_parallel_drifts_incremental,1000,KS95,0.866925,0.8696121528226719,0.866925,0.8666813510818018,18,80,0.8669164646766587,1.0,parallel_incremental,synthetic,NB,8,8042
synthetic_dataset_with_parallel_drifts_incremental,1000,KS90,0.8656375,0.8686327332903143,0.8656375,0.8653625813437329,25,80,0.865628477125139,1.0,parallel_incremental,synthetic,NB,8,8042
synthetic_dataset_with_parallel_drifts_incremental,1000,HD,0.8663375,0.8688904432741372,0.8663375,0.8661045302904741,3,80,0.8663291721531668,1.0,parallel_incremental,synthetic,NB,8,8042
synthetic_dataset_with_parallel_drifts_incremental,1000,JS,0.8658625,0.8681537420186832,0.8658625,0.8656522196842303,8,80,0.8658546021341841,1.0,parallel_incremental,synthetic,NB,8,8042
synthetic_dataset_with_parallel_drifts_incremental,1500,Base,0.8670125,0.869952159538438,0.8670125,0.866746395143657,0,53,0.8670035771801432,1.0,parallel_incremental,synthetic,NB,8,8042
synthetic_dataset_with_parallel_drifts_incremental,1500,KS95,0.8644625,0.8665652727890085,0.8644625,0.8642666298042232,18,53,0.8644549170781965,1.0,parallel_incremental,synthetic,NB,8,8042
synthetic_dataset_with_parallel_drifts_incremental,1500,KS90,0.8645125,0.866845033184086,0.8645125,0.8642955081135822,18,53,0.8645045170801806,1.0,parallel_incremental,synthetic,NB,8,8042
synthetic_dataset_with_parallel_drifts_incremental,1500,HD,0.8660625,0.8683520755692662,0.8660625,0.8658527989088365,4,53,0.8660546071421843,1.0,parallel_incremental,synthetic,NB,8,8042
synthetic_dataset_with_parallel_drifts_incremental,1500,JS,0.8660625,0.8683520755692662,0.8660625,0.8658527989088365,4,53,0.8660546071421843,1.0,parallel_incremental,synthetic,NB,8,8042
synthetic_dataset_with_parallel_drifts_incremental,2000,Base,0.86745,0.8701569302756248,0.86745,0.867205888379207,0,40,0.8674414396976575,1.0,parallel_incremental,synthetic,NB,8,8042
synthetic_dataset_with_parallel_drifts_incremental,2000,KS95,0.8646875,0.8676615767317677,0.8646875,0.8644118640949473,10,40,0.86467849708714,1.0,parallel_incremental,synthetic,NB,8,8042
synthetic_dataset_with_parallel_drifts_incremental,2000,KS90,0.8642625,0.8670046810908932,0.8642625,0.8640070855574271,13,40,0.8642538470701538,1.0,parallel_incremental,synthetic,NB,8,8042
synthetic_dataset_with_parallel_drifts_incremental,2000,HD,0.8683375,0.8707968494157523,0.8683375,0.8681175589857181,4,40,0.8683293472331739,1.0,parallel_incremental,synthetic,NB,8,8042
synthetic_dataset_with_parallel_drifts_incremental,2000,JS,0.86745,0.8701569302756248,0.86745,0.867205888379207,0,40,0.8674414396976575,1.0,parallel_incremental,synthetic,NB,8,8042
synthetic_dataset_with_parallel_drifts_incremental,2500,Base,0.8672,0.8700537018730152,0.8672,0.8669421061616671,0,32,0.8671912096876484,1.0,parallel_incremental,synthetic,NB,8,8042
synthetic_dataset_with_parallel_drifts_incremental,2500,KS95,0.86615,0.8691343666185319,0.86615,0.8658774947246075,10,32,0.86614099964564,1.0,parallel_incremental,synthetic,NB,8,8042
synthetic_dataset_with_parallel_drifts_incremental,2500,KS90,0.8659875,0.8688924656317926,0.8659875,0.8657217438196796,12,32,0.8659786171391447,1.0,parallel_incremental,synthetic,NB,8,8042
synthetic_dataset_with_parallel_drifts_incremental,2500,HD,0.8672,0.8700537018730152,0.8672,0.8669421061616671,0,32,0.8671912096876484,1.0,parallel_incremental,synthetic,NB,8,8042
synthetic_dataset_with_parallel_drifts_incremental,2500,JS,0.8672,0.8700537018730152,0.8672,0.8669421061616671,0,32,0.8671912096876484,1.0,parallel_incremental,synthetic,NB,8,8042
synthetic_dataset_with_switching_drifts_abrupt,1000,Base,0.8517,0.8535795363254635,0.8517,0.8515013488344448,0,80,0.8516926990677081,1.0,switching_abrupt,synthetic,NB,8,8042
synthetic_dataset_with_switching_drifts_abrupt,1000,KS95,0.839825,0.842327774522802,0.839825,0.8395300126076156,74,80,0.8398164385926576,1.0,switching_abrupt,synthetic,NB,8,8042
synthetic_dataset_with_switching_drifts_abrupt,1000,KS90,0.839825,0.842327774522802,0.839825,0.8395300126076156,74,80,0.8398164385926576,1.0,switching_abrupt,synthetic,NB,8,8042
synthetic_dataset_with_switching_drifts_abrupt,1000,HD,0.851725,0.8541447261569886,0.851725,0.8514698092726528,2,80,0.8517167240686689,1.0,switching_abrupt,synthetic,NB,8,8042
synthetic_dataset_with_switching_drifts_abrupt,1000,JS,0.8495625,0.8517990381154734,0.8495625,0.8493215647335514,5,80,0.8495545164821807,1.0,switching_abrupt,synthetic,NB,8,8042
synthetic_dataset_with_switching_drifts_abrupt,1500,Base,0.8516,0.8536539658891706,0.8516,0.8513828477768431,0,53,0.8515923690636947,1.0,switching_abrupt,synthetic,NB,8,8042
synthetic_dataset_with_switching_drifts_abrupt,1500,KS95,0.838675,0.8409678929022267,0.838675,0.8384016937020727,48,53,0.8386667885466715,1.0,switching_abrupt,synthetic,NB,8,8042
synthetic_dataset_with_switching_drifts_abrupt,1500,KS90,0.8386875,0.8409762569838704,0.8386875,0.8384147138912633,49,53,0.8386792960471718,1.0,switching_abrupt,synthetic,NB,8,8042
synthetic_dataset_with_switching_drifts_abrupt,1500,HD,0.8489625,0.8512949340093721,0.8489625,0.8487098836935635,7,53,0.8489543414581736,1.0,switching_abrupt,synthetic,NB,8,8042
synthetic_dataset_with_switching_drifts_abrupt,1500,JS,0.8489625,0.8512949340093721,0.8489625,0.8487098836935635,7,53,0.8489543414581736,1.0,switching_abrupt,synthetic,NB,8,8042
synthetic_dataset_with_switching_drifts_abrupt,2000,Base,0.850925,0.8530487270641228,0.850925,0.8506990760797173,0,40,0.8509172340366893,1.0,switching_abrupt,synthetic,NB,8,8042
synthetic_dataset_with_switching_drifts_abrupt,2000,KS95,0.838775,0.8404794663850471,0.838775,0.8385715599742489,37,40,0.8387679135507166,1.0,switching_abrupt,synthetic,NB,8,8042
synthetic_dataset_with_switching_drifts_abrupt,2000,KS90,0.838775,0.8404794663850471,0.838775,0.8385715599742489,37,40,0.8387679135507166,1.0,switching_abrupt,synthetic,NB,8,8042
synthetic_dataset_with_switching_drifts_abrupt,2000,HD,0.8524,0.8549047934655682,0.8524,0.8521376151505187,2,40,0.8523915890956636,1.0,switching_abrupt,synthetic,NB,8,8042
synthetic_dataset_with_switching_drifts_abrupt,2000,JS,0.8524,0.8549047934655682,0.8524,0.8521376151505187,2,40,0.8523915890956636,1.0,switching_abrupt,synthetic,NB,8,8042
synthetic_dataset_with_switching_drifts_abrupt,2500,Base,0.8516125,0.8539050017287687,0.8516125,0.8513703623161469,0,32,0.8516044415641777,1.0,switching_abrupt,synthetic,NB,8,8042
synthetic_dataset_with_switching_drifts_abrupt,2500,KS95,0.8422,0.8440285688235608,0.8422,0.8419886233720526,29,32,0.842192698687708,1.0,switching_abrupt,synthetic,NB,8,8042
synthetic_dataset_with_switching_drifts_abrupt,2500,KS90,0.8422,0.8440285688235608,0.8422,0.8419886233720526,29,32,0.842192698687708,1.0,switching_abrupt,synthetic,NB,8,8042
synthetic_dataset_with_switching_drifts_abrupt,2500,HD,0.8523625,0.8548058599563428,0.8523625,0.8521064067733387,4,32,0.8523541915941677,1.0,switching_abrupt,synthetic,NB,8,8042
synthetic_dataset_with_switching_drifts_abrupt,2500,JS,0.8523625,0.8548058599563428,0.8523625,0.8521064067733387,4,32,0.8523541915941677,1.0,switching_abrupt,synthetic,NB,8,8042
synthetic_dataset_no_drifts,1000,Base,0.8673,0.870105558735737,0.8673,0.867046680161246,0,80,0.8672912846916514,1.0,no_drifts,synthetic,NB,8,8042
synthetic_dataset_no_drifts,1000,KS95,0.8670875,0.8701964210415181,0.8670875,0.8668064264851543,6,80,0.867078327183133,1.0,no_drifts,synthetic,NB,8,8042
synthetic_dataset_no_drifts,1000,KS90,0.8668375,0.8701741611802825,0.8668375,0.8665352581807807,10,80,0.8668279971731198,1.0,no_drifts,synthetic,NB,8,8042
synthetic_dataset_no_drifts,1000,HD,0.8670125,0.8700358695221497,0.8670125,0.8667388841051423,3,80,0.8670034521801381,1.0,no_drifts,synthetic,NB,8,8042
synthetic_dataset_no_drifts,1000,JS,0.866025,0.8692716227889632,0.866025,0.8657283925678566,6,80,0.8660156146406246,1.0,no_drifts,synthetic,NB,8,8042
synthetic_dataset_no_drifts,1500,Base,0.867,0.869967884499318,0.867,0.8667313279390765,0,53,0.8669910346796413,1.0,no_drifts,synthetic,NB,8,8042
synthetic_dataset_no_drifts,1500,KS95,0.8666625,0.8698712016301633,0.8666625,0.8663712249421609,3,53,0.866653177166127,1.0,no_drifts,synthetic,NB,8,8042
synthetic_dataset_no_drifts,1500,KS90,0.8661125,0.868785770272636,0.8661125,0.8658680810280268,8,53,0.866103977144159,1.0,no_drifts,synthetic,NB,8,8042
synthetic_dataset_no_drifts,1500,HD,0.8667375,0.8700449459398812,0.8667375,0.8664375740214915,4,53,0.8667280371691216,1.0,no_drifts,synthetic,NB,8,8042
synthetic_dataset_no_drifts,1500,JS,0.8662625,0.8687291558274661,0.8662625,0.8660371706378681,5,53,0.8662543121501725,1.0,no_drifts,synthetic,NB,8,8042
synthetic_dataset_no_drifts,2000,Base,0.867275,0.8700126064111304,0.867275,0.8670277018827149,0,40,0.8672663896906555,1.0,no_drifts,synthetic,NB,8,8042
synthetic_dataset_no_drifts,2000,KS95,0.8668625,0.8695603150141058,0.8668625,0.8666177359206435,6,40,0.8668539471741579,1.0,no_drifts,synthetic,NB,8,8042
synthetic_dataset_no_drifts,2000,KS90,0.8668625,0.8695603150141058,0.8668625,0.8666177359206435,6,40,0.8668539471741579,1.0,no_drifts,synthetic,NB,8,8042
synthetic_dataset_no_drifts,2000,HD,0.86895,0.8716138616599838,0.86895,0.8687134205551987,2,40,0.868941524757661,1.0,no_drifts,synthetic,NB,8,8042
synthetic_dataset_no_drifts,2000,JS,0.86895,0.8716138616599838,0.86895,0.8687134205551987,2,40,0.868941524757661,1.0,no_drifts,synthetic,NB,8,8042
synthetic_dataset_no_drifts,2500,Base,0.8670875,0.8699386880865441,0.8670875,0.8668295345263272,0,32,0.8670787121831485,1.0,no_drifts,synthetic,NB,8,8042
synthetic_dataset_no_drifts,2500,KS95,0.86715,0.8700891016909443,0.86715,0.8668843192718289,3,32,0.8671410796856431,1.0,no_drifts,synthetic,NB,8,8042
synthetic_dataset_no_drifts,2500,KS90,0.86715,0.8700891016909443,0.86715,0.8668843192718289,3,32,0.8671410796856431,1.0,no_drifts,synthetic,NB,8,8042
synthetic_dataset_no_drifts,2500,HD,0.8670875,0.8699386880865441,0.8670875,0.8668295345263272,0,32,0.8670787121831485,1.0,no_drifts,synthetic,NB,8,8042
synthetic_dataset_no_drifts,2500,JS,0.8670875,0.8699386880865441,0.8670875,0.8668295345263272,0,32,0.8670787121831485,1.0,no_drifts,synthetic,NB,8,8042
synthetic_dataset_with_parallel_drifts_abrupt,1000,Base,0.8056875,0.8209793771824978,0.8056875,0.8033121990202169,0,80,0.8055560750007481,1.0,parallel_abrupt,synthetic,NB,30,30042
synthetic_dataset_with_parallel_drifts_abrupt,1000,KS95,0.79255,0.8042732128321778,0.79255,0.7904996272933187,28,80,0.7924317111016638,1.0,parallel_abrupt,synthetic,NB,30,30042
synthetic_dataset_with_parallel_drifts_abrupt,1000,KS90,0.7919625,0.8036340275548277,0.7919625,0.7899110411845517,31,80,0.7918443452558572,1.0,parallel_abrupt,synthetic,NB,30,30042
synthetic_dataset_with_parallel_drifts_abrupt,1000,HD,0.79605,0.8068423993938695,0.79605,0.794210164101421,14,80,0.7959369661492313,1.0,parallel_abrupt,synthetic,NB,30,30042
synthetic_dataset_with_parallel_drifts_abrupt,1000,JS,0.7954,0.8072763093460964,0.7954,0.7933715971990475,12,80,0.7952815352054108,1.0,parallel_abrupt,synthetic,NB,30,30042
synthetic_dataset_with_parallel_drifts_abrupt,1500,Base,0.804225,0.8198453350429711,0.804225,0.8017713527923286,0,53,0.8040919378923904,1.0,parallel_abrupt,synthetic,NB,30,30042
synthetic_dataset_with_parallel_drifts_abrupt,1500,KS95,0.7962375,0.8111739286512926,0.7962375,0.7937271370971973,26,53,0.7961055513919939,1.0,parallel_abrupt,synthetic,NB,30,30042
synthetic_dataset_with_parallel_drifts_abrupt,1500,KS90,0.7958375,0.8109475189667646,0.7958375,0.7932909447341769,28,53,0.7957047408148268,1.0,parallel_abrupt,synthetic,NB,30,30042
synthetic_dataset_with_parallel_drifts_abrupt,1500,HD,0.7990375,0.8138214708340019,0.7990375,0.7966079879524046,9,53,0.798906785425771,1.0,parallel_abrupt,synthetic,NB,30,30042
synthetic_dataset_with_parallel_drifts_abrupt,1500,JS,0.7985875,0.8165260186166589,0.7985875,0.7956549942041332,7,53,0.7984441847596262,1.0,parallel_abrupt,synthetic,NB,30,30042
synthetic_dataset_with_parallel_drifts_abrupt,2000,Base,0.80565,0.8212546449458207,0.80565,0.8032274962256024,0,40,0.8055172999449121,1.0,parallel_abrupt,synthetic,NB,30,30042
synthetic_dataset_with_parallel_drifts_abrupt,2000,KS95,0.8001,0.8136460153062693,0.8001,0.7978852508458844,22,40,0.7999748219637437,1.0,parallel_abrupt,synthetic,NB,30,30042
synthetic_dataset_with_parallel_drifts_abrupt,2000,KS90,0.7999125,0.8136724063056684,0.7999125,0.7976607331948051,24,40,0.7997863466923393,1.0,parallel_abrupt,synthetic,NB,30,30042
synthetic_dataset_with_parallel_drifts_abrupt,2000,HD,0.8069125,0.8202891737564747,0.8069125,0.8048444196208911,4,40,0.8067894167767602,1.0,parallel_abrupt,synthetic,NB,30,30042
synthetic_dataset_with_parallel_drifts_abrupt,2000,JS,0.8079125,0.8227953215107967,0.8079125,0.8056405394380425,6,40,0.8077832082078198,1.0,parallel_abrupt,synthetic,NB,30,30042
synthetic_dataset_with_parallel_drifts_abrupt,2500,Base,0.8067375,0.8229758943126783,0.8067375,0.8042436981362404,0,32,0.8066025065076095,1.0,parallel_abrupt,synthetic,NB,30,30042
synthetic_dataset_with_parallel_drifts_abrupt,2500,KS95,0.800575,0.8164581492993198,0.800575,0.7980057193813016,22,32,0.8004401026337478,1.0,parallel_abrupt,synthetic,NB,30,30042
synthetic_dataset_with_parallel_drifts_abrupt,2500,KS90,0.800575,0.8164581492993198,0.800575,0.7980057193813016,22,32,0.8004401026337478,1.0,parallel_abrupt,synthetic,NB,30,30042
synthetic_dataset_with_parallel_drifts_abrupt,2500,HD,0.8047875,0.8224076631130818,0.8047875,0.802047804975773,2,32,0.8046467736913541,1.0,parallel_abrupt,synthetic,NB,30,30042
synthetic_dataset_with_parallel_drifts_abrupt,2500,JS,0.8047875,0.8224076631130818,0.8047875,0.802047804975773,2,32,0.8046467736913541,1.0,parallel_abrupt,synthetic,NB,30,30042
synthetic_dataset_with_switching_drifts_incremental,1000,Base,0.805275,0.8200760776147484,0.805275,0.8029648321213337,0,80,0.8051455094095334,1.0,switching_incremental,synthetic,NB,30,30042
synthetic_dataset_with_switching_drifts_incremental,1000,KS95,0.797675,0.8093792363287867,0.797675,0.7957118567382587,41,80,0.7975577984832298,1.0,switching_incremental,synthetic,NB,30,30042
synthetic_dataset_with_switching_drifts_incremental,1000,KS90,0.7939125,0.8044932858042626,0.7939125,0.7920756352623867,47,80,0.7938001380721988,1.0,switching_incremental,synthetic,NB,30,30042
synthetic_dataset_with_switching_drifts_incremental,1000,HD,0.79995,0.8136944578059238,0.79995,0.797701352448341,5,80,0.7998239217464473,1.0,switching_incremental,synthetic,NB,30,30042
synthetic_dataset_with_switching_drifts_incremental,1000,JS,0.79995,0.8136944578059238,0.79995,0.797701352448341,5,80,0.7998239217464473,1.0,switching_incremental,synthetic,NB,30,30042
synthetic_dataset_with_switching_drifts_incremental,1500,Base,0.8050375,0.8201135537694714,0.8050375,0.802681615580287,0,53,0.8049068240658267,1.0,switching_incremental,synthetic,NB,30,30042
synthetic_dataset_with_switching_drifts_incremental,1500,KS95,0.799825,0.8155121377664641,0.799825,0.7972703203943362,20,53,0.7996907315546535,1.0,switching_incremental,synthetic,NB,30,30042
synthetic_dataset_with_switching_drifts_incremental,1500,KS90,0.797725,0.8129795185092311,0.797725,0.795194501208245,26,53,0.79759204853255,1.0,switching_incremental,synthetic,NB,30,30042
synthetic_dataset_with_switching_drifts_incremental,1500,HD,0.8018375,0.8177692120571374,0.8018375,0.7992873503913616,4,53,0.8017026794518584,1.0,switching_incremental,synthetic,NB,30,30042
synthetic_dataset_with_switching_drifts_incremental,1500,JS,0.8023375,0.8194686129797154,0.8023375,0.7996157736031677,5,53,0.8021980901652498,1.0,switching_incremental,synthetic,NB,30,30042
synthetic_dataset_with_switching_drifts_incremental,2000,Base,0.804575,0.8195734125039157,0.804575,0.8022217229888913,0,40,0.8044445484001497,1.0,switching_incremental,synthetic,NB,30,30042
synthetic_dataset_with_switching_drifts_incremental,2000,KS95,0.8028125,0.8157539098021681,0.8028125,0.8007397207009556,16,40,0.8026905508743933,1.0,switching_incremental,synthetic,NB,30,30042
synthetic_dataset_with_switching_drifts_incremental,2000,KS90,0.79795,0.8122031080154267,0.79795,0.7955830761848341,24,40,0.7978213088626849,1.0,switching_incremental,synthetic,NB,30,30042
synthetic_dataset_with_switching_drifts_incremental,2000,HD,0.8040375,0.8188392342513707,0.8040375,0.8017034066193802,1,40,0.8039077526271639,1.0,switching_incremental,synthetic,NB,30,30042
synthetic_dataset_with_switching_drifts_incremental,2000,JS,0.8040375,0.8188392342513707,0.8040375,0.8017034066193802,1,40,0.8039077526271639,1.0,switching_incremental,synthetic,NB,30,30042
synthetic_dataset_with_switching_drifts_incremental,2500,Base,0.8057375,0.8209436936334988,0.8057375,0.8033759173024453,0,32,0.8056064350732665,1.0,switching_incremental,synthetic,NB,30,30042
synthetic_dataset_with_switching_drifts_incremental,2500,KS95,0.8025875,0.8175268971372616,0.8025875,0.8002042196417217,12,32,0.802456880537908,1.0,switching_incremental,synthetic,NB,30,30042
synthetic_dataset_with_switching_drifts_incremental,2500,KS90,0.80185,0.8165406824242171,0.80185,0.7994904018581809,14,32,0.8017202644771808,1.0,switching_incremental,synthetic,NB,30,30042
synthetic_dataset_with_switching_drifts_incremental,2500,HD,0.800525,0.8167587376079649,0.800525,0.7979005307222291,3,32,0.8003886925597172,1.0,switching_incremental,synthetic,NB,30,30042
synthetic_dataset_with_switching_drifts_incremental,2500,JS,0.800525,0.8167587376079649,0.800525,0.7979005307222291,3,32,0.8003886925597172,1.0,switching_incremental,synthetic,NB,30,30042
synthetic_dataset_with_parallel_drifts_incremental,1000,Base,0.8059625,0.8214234378666435,0.8059625,0.8035675594751407,0,80,0.8058304453958414,1.0,parallel_incremental,synthetic,NB,30,30042
synthetic_dataset_with_parallel_drifts_incremental,1000,KS95,0.7981375,0.8129408274435432,0.7981375,0.7956869255663609,24,80,0.7980065141293804,1.0,parallel_incremental,synthetic,NB,30,30042
synthetic_dataset_with_parallel_drifts_incremental,1000,KS90,0.797125,0.8114081188946718,0.797125,0.7947372240260026,27,80,0.7969960076742509,1.0,parallel_incremental,synthetic,NB,30,30042
synthetic_dataset_with_parallel_drifts_incremental,1000,HD,0.8037125,0.8169416031371014,0.8037125,0.8016111778294404,10,80,0.8035894421687968,1.0,parallel_incremental,synthetic,NB,30,30042
synthetic_dataset_with_parallel_drifts_incremental,1000,JS,0.803025,0.8192959986487164,0.803025,0.8004483794015147,12,80,0.8028890861602841,1.0,parallel_incremental,synthetic,NB,30,30042
synthetic_dataset_with_parallel_drifts_incremental,1500,Base,0.8058125,0.8213994493636281,0.8058125,0.8033958858766828,0,53,0.8056799051790635,1.0,parallel_incremental,synthetic,NB,30,30042
synthetic_dataset_with_parallel_drifts_incremental,1500,KS95,0.8037125,0.8202924601449371,0.8037125,0.801104066503769,17,53,0.8035755221487518,1.0,parallel_incremental,synthetic,NB,30,30042
synthetic_dataset_with_parallel_drifts_incremental,1500,KS90,0.7998875,0.8177845803049864,0.7998875,0.7969924007175018,23,53,0.7997446366322767,1.0,parallel_incremental,synthetic,NB,30,30042
synthetic_dataset_with_parallel_drifts_incremental,1500,HD,0.80165,0.8171295678787353,0.80165,0.7991652115736204,5,53,0.8015169641844284,1.0,parallel_incremental,synthetic,NB,30,30042
synthetic_dataset_with_parallel_drifts_incremental,1500,JS,0.80165,0.8171295678787353,0.80165,0.7991652115736204,5,53,0.8015169641844284,1.0,parallel_incremental,synthetic,NB,30,30042
synthetic_dataset_with_parallel_drifts_incremental,2000,Base,0.8059,0.8213614562319071,0.8059,0.8035037388320905,0,40,0.8057679303058196,1.0,parallel_incremental,synthetic,NB,30,30042
synthetic_dataset_with_parallel_drifts_incremental,2000,KS95,0.8016625,0.8178030082409786,0.8016625,0.7990767244293164,16,40,0.8015268091986053,1.0,parallel_incremental,synthetic,NB,30,30042
synthetic_dataset_with_parallel_drifts_incremental,2000,KS90,0.8028,0.817301532381133,0.8028,0.8004877189005593,19,40,0.8026712558466086,1.0,parallel_incremental,synthetic,NB,30,30042
synthetic_dataset_with_parallel_drifts_incremental,2000,HD,0.8029625,0.8195165079674738,0.8029625,0.800341782168373,2,40,0.802825461068664,1.0,parallel_incremental,synthetic,NB,30,30042
synthetic_dataset_with_parallel_drifts_incremental,2000,JS,0.8029625,0.8195165079674738,0.8029625,0.800341782168373,2,40,0.802825461068664,1.0,parallel_incremental,synthetic,NB,30,30042
synthetic_dataset_with_parallel_drifts_incremental,2500,Base,0.806525,0.8223169846605424,0.806525,0.8040924472984241,0,32,0.8063917312040929,1.0,parallel_incremental,synthetic,NB,30,30042
synthetic_dataset_with_parallel_drifts_incremental,2500,KS95,0.8079875,0.8232992192238741,0.8079875,0.8056543477107282,7,32,0.8078564683133144,1.0,parallel_incremental,synthetic,NB,30,30042
synthetic_dataset_with_parallel_drifts_incremental,2500,KS90,0.8049625,0.8198893449602062,0.8049625,0.8026274896522594,10,32,0.8048324239586905,1.0,parallel_incremental,synthetic,NB,30,30042
synthetic_dataset_with_parallel_drifts_incremental,2500,HD,0.806525,0.8223169846605424,0.806525,0.8040924472984241,0,32,0.8063917312040929,1.0,parallel_incremental,synthetic,NB,30,30042
synthetic_dataset_with_parallel_drifts_incremental,2500,JS,0.806525,0.8223169846605424,0.806525,0.8040924472984241,0,32,0.8063917312040929,1.0,parallel_incremental,synthetic,NB,30,30042
synthetic_dataset_with_switching_drifts_abrupt,1000,Base,0.72945,0.7301938221392275,0.72945,0.7292164324788425,0,80,0.7294150803577157,1.0,switching_abrupt,synthetic,NB,30,30042
synthetic_dataset_with_switching_drifts_abrupt,1000,KS95,0.6764375,0.6764444567234935,0.6764375,0.6764315288623892,74,80,0.6764325490628706,1.0,switching_abrupt,synthetic,NB,30,30042
synthetic_dataset_with_switching_drifts_abrupt,1000,KS90,0.6764375,0.6764444567234935,0.6764375,0.6764315288623892,74,80,0.6764325490628706,1.0,switching_abrupt,synthetic,NB,30,30042
synthetic_dataset_with_switching_drifts_abrupt,1000,HD,0.724375,0.7263635588946514,0.724375,0.7237431997245796,2,80,0.7243179330178235,1.0,switching_abrupt,synthetic,NB,30,30042
synthetic_dataset_with_switching_drifts_abrupt,1000,JS,0.724375,0.7263635588946514,0.724375,0.7237431997245796,2,80,0.7243179330178235,1.0,switching_abrupt,synthetic,NB,30,30042
synthetic_dataset_with_switching_drifts_abrupt,1500,Base,0.7304125,0.7314461320381616,0.7304125,0.7300938836750643,0,53,0.7303715967350992,1.0,switching_abrupt,synthetic,NB,30,30042
synthetic_dataset_with_switching_drifts_abrupt,1500,KS95,0.6769375,0.6769394298636981,0.6769375,0.6769349226870807,50,53,0.6769342897853773,1.0,switching_abrupt,synthetic,NB,30,30042
synthetic_dataset_with_switching_drifts_abrupt,1500,KS90,0.6769375,0.6769394298636981,0.6769375,0.6769349226870807,50,53,0.6769342897853773,1.0,switching_abrupt,synthetic,NB,30,30042
synthetic_dataset_with_switching_drifts_abrupt,1500,HD,0.721,0.7231434468519091,0.721,0.7203015111494518,8,53,0.7209403481541015,1.0,switching_abrupt,synthetic,NB,30,30042
synthetic_dataset_with_switching_drifts_abrupt,1500,JS,0.721,0.7231434468519091,0.721,0.7203015111494518,8,53,0.7209403481541015,1.0,switching_abrupt,synthetic,NB,30,30042
synthetic_dataset_with_switching_drifts_abrupt,2000,Base,0.7315375,0.7326511004066567,0.7315375,0.7311981084040416,0,40,0.7314951883530714,1.0,switching_abrupt,synthetic,NB,30,30042
synthetic_dataset_with_switching_drifts_abrupt,2000,KS95,0.679175,0.6791783824975526,0.679175,0.6791714610438166,37,40,0.6791712080065395,1.0,switching_abrupt,synthetic,NB,30,30042
synthetic_dataset_with_switching_drifts_abrupt,2000,KS90,0.679175,0.6791783824975526,0.679175,0.6791714610438166,37,40,0.6791712080065395,1.0,switching_abrupt,synthetic,NB,30,30042
synthetic_dataset_with_switching_drifts_abrupt,2000,HD,0.7263875,0.7288397482232447,0.7263875,0.7256251700015612,2,40,0.7263245709073822,1.0,switching_abrupt,synthetic,NB,30,30042
synthetic_dataset_with_switching_drifts_abrupt,2000,JS,0.7269625,0.728760922306093,0.7269625,0.7264014285151584,7,40,0.7269084817482138,1.0,switching_abrupt,synthetic,NB,30,30042
synthetic_dataset_with_switching_drifts_abrupt,2500,Base,0.7317375,0.7328683511170735,0.7317375,0.7313935652902153,0,32,0.7316948886406396,1.0,switching_abrupt,synthetic,NB,30,30042
synthetic_dataset_with_switching_drifts_abrupt,2500,KS95,0.6922375,0.692358663605672,0.6922375,0.6921803611095398,29,32,0.692221411798833,1.0,switching_abrupt,synthetic,NB,30,30042
synthetic_dataset_with_switching_drifts_abrupt,2500,KS90,0.6922375,0.692358663605672,0.6922375,0.6921803611095398,29,32,0.692221411798833,1.0,switching_abrupt,synthetic,NB,30,30042
synthetic_dataset_with_switching_drifts_abrupt,2500,HD,0.722625,0.7248002556589521,0.722625,0.7219256943837412,5,32,0.7225651404938023,1.0,switching_abrupt,synthetic,NB,30,30042
synthetic_dataset_with_switching_drifts_abrupt,2500,JS,0.722625,0.7248002556589521,0.722625,0.7219256943837412,5,32,0.7225651404938023,1.0,switching_abrupt,synthetic,NB,30,30042
synthetic_dataset_no_drifts,1000,Base,0.8059625,0.8213716116831512,0.8059625,0.8035752393177213,0,80,0.8058306553961438,1.0,no_drifts,synthetic,NB,30,30042
synthetic_dataset_no_drifts,1000,KS95,0.806875,0.8213081356796577,0.806875,0.8046496997337427,4,80,0.8067473717162152,1.0,no_drifts,synthetic,NB,30,30042
synthetic_dataset_no_drifts,1000,KS90,0.801375,0.81185977605745,0.801375,0.7996625966270323,10,80,0.8012644938208711,1.0,no_drifts,synthetic,NB,30,30042
synthetic_dataset_no_drifts,1000,HD,0.7992375,0.8169759917406791,0.7992375,0.7963514743601401,6,80,0.7990950856969233,1.0,no_drifts,synthetic,NB,30,30042
synthetic_dataset_no_drifts,1000,JS,0.80875,0.81973216642205,0.80875,0.8070659061736254,1,80,0.8086383344392016,1.0,no_drifts,synthetic,NB,30,30042
synthetic_dataset_no_drifts,1500,Base,0.80595,0.821517967458726,0.80595,0.8035389552407102,0,53,0.8058175103772149,1.0,no_drifts,synthetic,NB,30,30042
synthetic_dataset_no_drifts,1500,KS95,0.80595,0.821517967458726,0.80595,0.8035389552407102,0,53,0.8058175103772149,1.0,no_drifts,synthetic,NB,30,30042
synthetic_dataset_no_drifts,1500,KS90,0.80595,0.821517967458726,0.80595,0.8035389552407102,0,53,0.8058175103772149,1.0,no_drifts,synthetic,NB,30,30042
synthetic_dataset_no_drifts,1500,HD,0.803575,0.8180072465463665,0.803575,0.8012880127153436,4,53,0.803446706963258,1.0,no_drifts,synthetic,NB,30,30042
synthetic_dataset_no_drifts,1500,JS,0.80305,0.8157065239718854,0.80305,0.8010251031436033,5,53,0.8029293862183162,1.0,no_drifts,synthetic,NB,30,30042
synthetic_dataset_no_drifts,2000,Base,0.805925,0.8213433019913102,0.805925,0.8035356330297371,0,40,0.8057931103420789,1.0,no_drifts,synthetic,NB,30,30042
synthetic_dataset_no_drifts,2000,KS95,0.8055125,0.8206414864470833,0.8055125,0.803157999056343,1,40,0.8053817047496548,1.0,no_drifts,synthetic,NB,30,30042
synthetic_dataset_no_drifts,2000,KS90,0.8022375,0.8195748015539932,0.8022375,0.799482316303704,2,40,0.8020972800200833,1.0,no_drifts,synthetic,NB,30,30042
synthetic_dataset_no_drifts,2000,HD,0.805125,0.8192350173998637,0.805125,0.8029155676270929,3,40,0.8049983891976804,1.0,no_drifts,synthetic,NB,30,30042
synthetic_dataset_no_drifts,2000,JS,0.8053625,0.8208965935119923,0.8053625,0.8029447082133051,1,40,0.8052300245312354,1.0,no_drifts,synthetic,NB,30,30042
synthetic_dataset_no_drifts,2500,Base,0.8063875,0.8221161163749398,0.8063875,0.8039615075406363,0,32,0.8062544560064167,1.0,no_drifts,synthetic,NB,30,30042
synthetic_dataset_no_drifts,2500,KS95,0.8063875,0.8221161163749398,0.8063875,0.8039615075406363,0,32,0.8062544560064167,1.0,no_drifts,synthetic,NB,30,30042
synthetic_dataset_no_drifts,2500,KS90,0.8096125,0.8241647816055722,0.8096125,0.8074203020935269,2,32,0.8094849206582858,1.0,no_drifts,synthetic,NB,30,30042
synthetic_dataset_no_drifts,2500,HD,0.8037375,0.820272726066822,0.8037375,0.8011363181199276,1,32,0.8036007021850111,1.0,no_drifts,synthetic,NB,30,30042
synthetic_dataset_no_drifts,2500,JS,0.8063875,0.8221161163749398,0.8063875,0.8039615075406363,0,32,0.8062544560064167,1.0,no_drifts,synthetic,NB,30,30042
synthetic_dataset_with_parallel_drifts_abrupt,1000,Base,0.7291125,0.7296249916386802,0.7291125,0.7289589741256496,0,80,0.7291071565985497,1.0,parallel_abrupt,synthetic,NB,6,6042
synthetic_dataset_with_parallel_drifts_abrupt,1000,KS95,0.7258375,0.7273046652776679,0.7258375,0.7253904013388174,28,80,0.7258284326825645,1.0,parallel_abrupt,synthetic,NB,6,6042
synthetic_dataset_with_parallel_drifts_abrupt,1000,KS90,0.7251125,0.7262174613132188,0.7251125,0.7247729350993793,32,80,0.7251046082709208,1.0,parallel_abrupt,synthetic,NB,6,6042
synthetic_dataset_with_parallel_drifts_abrupt,1000,HD,0.7262375,0.7269162000648527,0.7262375,0.7260299354353092,12,80,0.7262313183279604,1.0,parallel_abrupt,synthetic,NB,6,6042
synthetic_dataset_with_parallel_drifts_abrupt,1000,JS,0.7268125,0.7273784525926215,0.7268125,0.7266399396705063,10,80,0.7268068583570972,1.0,parallel_abrupt,synthetic,NB,6,6042
synthetic_dataset_with_parallel_drifts_abrupt,1500,Base,0.7291375,0.7295707573862376,0.7291375,0.7290075320885068,0,53,0.7291325840998371,1.0,parallel_abrupt,synthetic,NB,6,6042
synthetic_dataset_with_parallel_drifts_abrupt,1500,KS95,0.7210875,0.7226187372598161,0.7210875,0.7206028224114178,25,53,0.7210781399420809,1.0,parallel_abrupt,synthetic,NB,6,6042
synthetic_dataset_with_parallel_drifts_abrupt,1500,KS90,0.72125,0.7228245244814374,0.72125,0.7207524088655678,26,53,0.7212405133878009,1.0,parallel_abrupt,synthetic,NB,6,6042
synthetic_dataset_with_parallel_drifts_abrupt,1500,HD,0.7294625,0.7302235015967067,0.7294625,0.7292359656944601,2,53,0.7294560034912103,1.0,parallel_abrupt,synthetic,NB,6,6042
synthetic_dataset_with_parallel_drifts_abrupt,1500,JS,0.7286125,0.7293059582476497,0.7286125,0.7284044856046356,3,53,0.7286062846981932,1.0,parallel_abrupt,synthetic,NB,6,6042
synthetic_dataset_with_parallel_drifts_abrupt,2000,Base,0.7289375,0.7293228448200717,0.7289375,0.728821586151573,0,40,0.728932859714726,1.0,parallel_abrupt,synthetic,NB,6,6042
synthetic_dataset_with_parallel_drifts_abrupt,2000,KS95,0.7250375,0.7266076390823661,0.7250375,0.724556232579395,22,40,0.7250281063920478,1.0,parallel_abrupt,synthetic,NB,6,6042
synthetic_dataset_with_parallel_drifts_abrupt,2000,KS90,0.7248625,0.7262995980226751,0.7248625,0.7244210218055301,23,40,0.7248535057582087,1.0,parallel_abrupt,synthetic,NB,6,6042
synthetic_dataset_with_parallel_drifts_abrupt,2000,HD,0.7282125,0.729264607111053,0.7282125,0.7278970241484187,6,40,0.7282048503028706,1.0,parallel_abrupt,synthetic,NB,6,6042
synthetic_dataset_with_parallel_drifts_abrupt,2000,JS,0.7293125,0.7301092609904375,0.7293125,0.7290751283064059,5,40,0.7293058516086087,1.0,parallel_abrupt,synthetic,NB,6,6042
synthetic_dataset_with_parallel_drifts_abrupt,2500,Base,0.7281875,0.728457708758417,0.7281875,0.7281054206937284,0,32,0.7281836021767948,1.0,parallel_abrupt,synthetic,NB,6,6042
synthetic_dataset_with_parallel_drifts_abrupt,2500,KS95,0.7222375,0.7230671408503525,0.7222375,0.7219758933595154,22,32,0.7222306093754246,1.0,parallel_abrupt,synthetic,NB,6,6042
synthetic_dataset_with_parallel_drifts_abrupt,2500,KS90,0.7222375,0.7230671408503525,0.7222375,0.7219758933595154,22,32,0.7222306093754246,1.0,parallel_abrupt,synthetic,NB,6,6042
synthetic_dataset_with_parallel_drifts_abrupt,2500,HD,0.729425,0.7300547028338539,0.729425,0.7292371839164296,2,32,0.7294190856768412,1.0,parallel_abrupt,synthetic,NB,6,6042
synthetic_dataset_with_parallel_drifts_abrupt,2500,JS,0.729425,0.7300547028338539,0.729425,0.7292371839164296,2,32,0.7294190856768412,1.0,parallel_abrupt,synthetic,NB,6,6042
synthetic_dataset_with_switching_drifts_incremental,1000,Base,0.739125,0.7393123163940591,0.739125,0.7390726672675836,0,80,0.7391218255430424,1.0,switching_incremental,synthetic,NB,6,6042
synthetic_dataset_with_switching_drifts_incremental,1000,KS95,0.73305,0.7330916703515535,0.73305,0.7330374310488251,49,80,0.7330484677355787,1.0,switching_incremental,synthetic,NB,6,6042
synthetic_dataset_with_switching_drifts_incremental,1000,KS90,0.7329125,0.7329497500511961,0.7329125,0.7329012184401632,51,80,0.7329110492911219,1.0,switching_incremental,synthetic,NB,6,6042
synthetic_dataset_with_switching_drifts_incremental,1000,HD,0.7369875,0.7371206884879137,0.7369875,0.7369494659537351,3,80,0.7369848063723559,1.0,switching_incremental,synthetic,NB,6,6042
synthetic_dataset_with_switching_drifts_incremental,1000,JS,0.7369875,0.7371206884879137,0.7369875,0.7369494659537351,3,80,0.7369848063723559,1.0,switching_incremental,synthetic,NB,6,6042
synthetic_dataset_with_switching_drifts_incremental,1500,Base,0.7389375,0.7391111935703623,0.7389375,0.7388888522722247,0,53,0.7389344408460561,1.0,switching_incremental,synthetic,NB,6,6042
synthetic_dataset_with_switching_drifts_incremental,1500,KS95,0.7349875,0.7350615405872181,0.7349875,0.7349657963457309,28,53,0.7349854756461397,1.0,switching_incremental,synthetic,NB,6,6042
synthetic_dataset_with_switching_drifts_incremental,1500,KS90,0.7344,0.7344675392802948,0.7344,0.7343800714934925,32,53,0.734398062803902,1.0,switching_incremental,synthetic,NB,6,6042
synthetic_dataset_with_switching_drifts_incremental,1500,HD,0.7334875,0.7335514921280315,0.7334875,0.7334700163724656,5,53,0.7334893343203975,1.0,switching_incremental,synthetic,NB,6,6042
synthetic_dataset_with_switching_drifts_incremental,1500,JS,0.7376125,0.7377640977435973,0.7376125,0.7375695065844354,3,53,0.7376096320289877,1.0,switching_incremental,synthetic,NB,6,6042
synthetic_dataset_with_switching_drifts_incremental,2000,Base,0.7386625,0.7388511236457785,0.7386625,0.738609610628946,0,40,0.7386593114571277,1.0,switching_incremental,synthetic,NB,6,6042
synthetic_dataset_with_switching_drifts_incremental,2000,KS95,0.736525,0.7367176072053607,0.736525,0.7364700726068273,20,40,0.7365217635364143,1.0,switching_incremental,synthetic,NB,6,6042
synthetic_dataset_with_switching_drifts_incremental,2000,KS90,0.7364125,0.7366212157928984,0.7364125,0.7363529846555836,25,40,0.7364091313432122,1.0,switching_incremental,synthetic,NB,6,6042
synthetic_dataset_with_switching_drifts_incremental,2000,HD,0.7339375,0.733948643934587,0.7339375,0.7339346496522445,4,40,0.7339382487181239,1.0,switching_incremental,synthetic,NB,6,6042
synthetic_dataset_with_switching_drifts_incremental,2000,JS,0.7344125,0.7344144642761383,0.7344125,0.7344118020422425,5,40,0.7344121462421149,1.0,switching_incremental,synthetic,NB,6,6042
synthetic_dataset_with_switching_drifts_incremental,2500,Base,0.7381,0.7382818589660656,0.7381,0.7380487523502048,0,32,0.7380968648661538,1.0,switching_incremental,synthetic,NB,6,6042
synthetic_dataset_with_switching_drifts_incremental,2500,KS95,0.7347125,0.7347771753721305,0.7347125,0.734693447512024,20,32,0.7347106050072245,1.0,switching_incremental,synthetic,NB,6,6042
synthetic_dataset_with_switching_drifts_incremental,2500,KS90,0.7349375,0.7349991554451586,0.7349375,0.734919351757614,23,32,0.7349356500186173,1.0,switching_incremental,synthetic,NB,6,6042
synthetic_dataset_with_switching_drifts_incremental,2500,HD,0.7369125,0.7369962620024578,0.7369125,0.7368883810397636,3,32,0.7369103576185869,1.0,switching_incremental,synthetic,NB,6,6042
synthetic_dataset_with_switching_drifts_incremental,2500,JS,0.7385625,0.7389780992606048,0.7385625,0.7384468830415925,2,32,0.7385577814519876,1.0,switching_incremental,synthetic,NB,6,6042
synthetic_dataset_with_parallel_drifts_incremental,1000,Base,0.7390375,0.7392443245602405,0.7390375,0.7389797482996578,0,80,0.7390341652261045,1.0,parallel_incremental,synthetic,NB,6,6042
synthetic_dataset_with_parallel_drifts_incremental,1000,KS95,0.7374,0.737616365894967,0.7374,0.7373388177908493,24,80,0.7373965779557018,1.0,parallel_incremental,synthetic,NB,6,6042
synthetic_dataset_with_parallel_drifts_incremental,1000,KS90,0.7373125,0.7374615122407997,0.7373125,0.7372701275018877,28,80,0.7373096545138013,1.0,parallel_incremental,synthetic,NB,6,6042
synthetic_dataset_with_parallel_drifts_incremental,1000,HD,0.7368125,0.7368376224407782,0.7368125,0.7368050402643544,3,80,0.7368113138635728,1.0,parallel_incremental,synthetic,NB,6,6042
synthetic_dataset_with_parallel_drifts_incremental,1000,JS,0.737175,0.7373954811297726,0.737175,0.7371125554699556,3,80,0.7371715441943094,1.0,parallel_incremental,synthetic,NB,6,6042
synthetic_dataset_with_parallel_drifts_incremental,1500,Base,0.7391375,0.7393565602595772,0.7391375,0.7390764234904871,0,53,0.7391340696061621,1.0,parallel_incremental,synthetic,NB,6,6042
synthetic_dataset_with_parallel_drifts_incremental,1500,KS95,0.7362125,0.7364331555363314,0.7362125,0.736149521349954,20,53,0.7362090357080824,1.0,parallel_incremental,synthetic,NB,6,6042
synthetic_dataset_with_parallel_drifts_incremental,1500,KS90,0.7362125,0.7364331555363314,0.7362125,0.736149521349954,20,53,0.7362090357080824,1.0,parallel_incremental,synthetic,NB,6,6042
synthetic_dataset_with_parallel_drifts_incremental,1500,HD,0.7375,0.7376697577074673,0.7375,0.7374518875824492,3,53,0.7374969660857839,1.0,parallel_incremental,synthetic,NB,6,6042
synthetic_dataset_with_parallel_drifts_incremental,1500,JS,0.73505,0.7351410051428691,0.73505,0.7350234393514935,4,53,0.7350477590867928,1.0,parallel_incremental,synthetic,NB,6,6042
synthetic_dataset_with_parallel_drifts_incremental,2000,Base,0.73895,0.7391634879445451,0.73895,0.73889036888372,0,40,0.7389466117841722,1.0,parallel_incremental,synthetic,NB,6,6042
synthetic_dataset_with_parallel_drifts_incremental,2000,KS95,0.7375375,0.7377279033733574,0.7375375,0.7374836333123913,17,40,0.7375342889001733,1.0,parallel_incremental,synthetic,NB,6,6042
synthetic_dataset_with_parallel_drifts_incremental,2000,KS90,0.7375,0.7376961384473647,0.7375,0.7374445149510351,20,40,0.7374967410857726,1.0,parallel_incremental,synthetic,NB,6,6042
synthetic_dataset_with_parallel_drifts_incremental,2000,HD,0.737375,0.7374282441099912,0.737375,0.7373595826522304,5,40,0.7373732879545227,1.0,parallel_incremental,synthetic,NB,6,6042
synthetic_dataset_with_parallel_drifts_incremental,2000,JS,0.7391125,0.7396207027662276,0.7391125,0.7389720068596772,2,40,0.7391072921048067,1.0,parallel_incremental,synthetic,NB,6,6042
synthetic_dataset_with_parallel_drifts_incremental,2500,Base,0.738775,0.7389777438878542,0.738775,0.7387182543142682,0,32,0.7387716961503171,1.0,parallel_incremental,synthetic,NB,6,6042
synthetic_dataset_with_parallel_drifts_incremental,2500,KS95,0.7372,0.7373733699993521,0.7372,0.737150758984541,14,32,0.7371969323205946,1.0,parallel_incremental,synthetic,NB,6,6042
synthetic_dataset_with_parallel_drifts_incremental,2500,KS90,0.737,0.7370612561707279,0.737,0.7369822640232971,16,32,0.7369981641855321,1.0,parallel_incremental,synthetic,NB,6,6042
synthetic_dataset_with_parallel_drifts_incremental,2500,HD,0.7376,0.7377506898502988,0.7376,0.7375572561545397,2,32,0.7375971404658552,1.0,parallel_incremental,synthetic,NB,6,6042
synthetic_dataset_with_parallel_drifts_incremental,2500,JS,0.7357125,0.7357444980764907,0.7357125,0.7357040663685619,1,32,0.7357137831830103,1.0,parallel_incremental,synthetic,NB,6,6042
synthetic_dataset_with_switching_drifts_abrupt,1000,Base,0.688275,0.688306994813267,0.688275,0.6882625819572755,0,80,0.6882764298439943,1.0,switching_abrupt,synthetic,NB,6,6042
synthetic_dataset_with_switching_drifts_abrupt,1000,KS95,0.6631375,0.6631563713930972,0.6631375,0.6631285696011383,74,80,0.663138667008895,1.0,switching_abrupt,synthetic,NB,6,6042
synthetic_dataset_with_switching_drifts_abrupt,1000,KS90,0.6631375,0.6631563713930972,0.6631375,0.6631285696011383,74,80,0.663138667008895,1.0,switching_abrupt,synthetic,NB,6,6042
synthetic_dataset_with_switching_drifts_abrupt,1000,HD,0.6899,0.6902350413156724,0.6899,0.689760733701523,2,80,0.6898952424259466,1.0,switching_abrupt,synthetic,NB,6,6042
synthetic_dataset_with_switching_drifts_abrupt,1000,JS,0.6899,0.6902350413156724,0.6899,0.689760733701523,2,80,0.6898952424259466,1.0,switching_abrupt,synthetic,NB,6,6042
synthetic_dataset_with_switching_drifts_abrupt,1500,Base,0.687775,0.6877831411784283,0.687775,0.6877720275916923,0,53,0.6877757041936452,1.0,switching_abrupt,synthetic,NB,6,6042
synthetic_dataset_with_switching_drifts_abrupt,1500,KS95,0.66855,0.6685500794256309,0.66855,0.6685499979284375,49,53,0.6685500394703457,1.0,switching_abrupt,synthetic,NB,6,6042
synthetic_dataset_with_switching_drifts_abrupt,1500,KS90,0.66855,0.6685500794256309,0.66855,0.6685499979284375,49,53,0.6685500394703457,1.0,switching_abrupt,synthetic,NB,6,6042
synthetic_dataset_with_switching_drifts_abrupt,1500,HD,0.683075,0.6831457487150364,0.683075,0.6830430700821563,7,53,0.683072750830558,1.0,switching_abrupt,synthetic,NB,6,6042
synthetic_dataset_with_switching_drifts_abrupt,1500,JS,0.6756875,0.6760287774716977,0.6756875,0.6755333053069676,15,53,0.6756924138944285,1.0,switching_abrupt,synthetic,NB,6,6042
synthetic_dataset_with_switching_drifts_abrupt,2000,Base,0.6875375,0.6875523908882104,0.6875375,0.6875318600041467,0,40,0.6875384657441349,1.0,switching_abrupt,synthetic,NB,6,6042
synthetic_dataset_with_switching_drifts_abrupt,2000,KS95,0.6708375,0.6708412526209848,0.6708375,0.6708360177855457,37,40,0.6708379867736731,1.0,switching_abrupt,synthetic,NB,6,6042
synthetic_dataset_with_switching_drifts_abrupt,2000,KS90,0.6708375,0.6708412526209848,0.6708375,0.6708360177855457,37,40,0.6708379867736731,1.0,switching_abrupt,synthetic,NB,6,6042
synthetic_dataset_with_switching_drifts_abrupt,2000,HD,0.68905,0.6895298261982286,0.68905,0.6888498534657154,2,40,0.689044303007868,1.0,switching_abrupt,synthetic,NB,6,6042
synthetic_dataset_with_switching_drifts_abrupt,2000,JS,0.68905,0.6895298261982286,0.68905,0.6888498534657154,2,40,0.689044303007868,1.0,switching_abrupt,synthetic,NB,6,6042
synthetic_dataset_with_switching_drifts_abrupt,2500,Base,0.689,0.6890316214543855,0.689,0.6889878063950573,0,32,0.6890014186306967,1.0,switching_abrupt,synthetic,NB,6,6042
synthetic_dataset_with_switching_drifts_abrupt,2500,KS95,0.677625,0.6776307722559292,0.677625,0.6776227614943219,29,32,0.6776256024297962,1.0,switching_abrupt,synthetic,NB,6,6042
synthetic_dataset_with_switching_drifts_abrupt,2500,KS90,0.677625,0.6776307722559292,0.677625,0.6776227614943219,29,32,0.6776256024297962,1.0,switching_abrupt,synthetic,NB,6,6042
synthetic_dataset_with_switching_drifts_abrupt,2500,HD,0.6879875,0.6880280601529641,0.6879875,0.6879697174122917,4,32,0.6879858107667816,1.0,switching_abrupt,synthetic,NB,6,6042
synthetic_dataset_with_switching_drifts_abrupt,2500,JS,0.6879875,0.6880280601529641,0.6879875,0.6879697174122917,4,32,0.6879858107667816,1.0,switching_abrupt,synthetic,NB,6,6042
synthetic_dataset_no_drifts,1000,Base,0.73905,0.7392585995492946,0.73905,0.7389917646241042,0,80,0.7390466511642367,1.0,no_drifts,synthetic,NB,6,6042
synthetic_dataset_no_drifts,1000,KS95,0.739125,0.739539092263864,0.739125,0.7390103170008695,3,80,0.7391202955429649,1.0,no_drifts,synthetic,NB,6,6042
synthetic_dataset_no_drifts,1000,KS90,0.738225,0.7382657381945202,0.738225,0.7382132077958368,7,80,0.7382235017475648,1.0,no_drifts,synthetic,NB,6,6042
synthetic_dataset_no_drifts,1000,HD,0.7360625,0.7360793498936057,0.7360625,0.7360573934064752,5,80,0.7360615219506146,1.0,no_drifts,synthetic,NB,6,6042
synthetic_dataset_no_drifts,1000,JS,0.738675,0.7390599323987758,0.738675,0.7385679316401145,9,80,0.738670458645192,1.0,no_drifts,synthetic,NB,6,6042
synthetic_dataset_no_drifts,1500,Base,0.7393375,0.739559657577189,0.7393375,0.7392756697018117,0,53,0.7393340471162861,1.0,no_drifts,synthetic,NB,6,6042
synthetic_dataset_no_drifts,1500,KS95,0.7393375,0.739559657577189,0.7393375,0.7392756697018117,0,53,0.7393340471162861,1.0,no_drifts,synthetic,NB,6,6042
synthetic_dataset_no_drifts,1500,KS90,0.73915,0.739525189935743,0.73915,0.7390460123019353,3,53,0.7391455205442419,1.0,no_drifts,synthetic,NB,6,6042
synthetic_dataset_no_drifts,1500,HD,0.7355875,0.7355956938493692,0.7355875,0.7355849211661206,6,53,0.7355868088015822,1.0,no_drifts,synthetic,NB,6,6042
synthetic_dataset_no_drifts,1500,JS,0.7355875,0.7355956938493692,0.7355875,0.7355849211661206,6,53,0.7355868088015822,1.0,no_drifts,synthetic,NB,6,6042
synthetic_dataset_no_drifts,2000,Base,0.73915,0.7393643858766814,0.73915,0.7390902172102025,0,40,0.739146606169297,1.0,no_drifts,synthetic,NB,6,6042
synthetic_dataset_no_drifts,2000,KS95,0.73895,0.7392622815126392,0.73895,0.7388631471562558,1,40,0.7389459086591367,1.0,no_drifts,synthetic,NB,6,6042
synthetic_dataset_no_drifts,2000,KS90,0.7377875,0.7378110448637182,0.7377875,0.7377805485950841,6,40,0.7377863532879342,1.0,no_drifts,synthetic,NB,6,6042
synthetic_dataset_no_drifts,2000,HD,0.7392125,0.7397342811674112,0.7392125,0.7390684030624468,3,40,0.7392072246098657,1.0,no_drifts,synthetic,NB,6,6042
synthetic_dataset_no_drifts,2000,JS,0.737475,0.7375227266577239,0.737475,0.7374611559756086,5,40,0.7374733779595898,1.0,no_drifts,synthetic,NB,6,6042
synthetic_dataset_no_drifts,2500,Base,0.7391,0.7393143403467624,0.7391,0.739040205750975,0,32,0.7390966061667656,1.0,no_drifts,synthetic,NB,6,6042
synthetic_dataset_no_drifts,2500,KS95,0.7387375,0.7390818660405699,0.7387375,0.7386416569074518,1,32,0.7387332033358683,1.0,no_drifts,synthetic,NB,6,6042
synthetic_dataset_no_drifts,2500,KS90,0.7357,0.7357026792259259,0.7357,0.7356990865095618,3,32,0.7356995928697918,1.0,no_drifts,synthetic,NB,6,6042
synthetic_dataset_no_drifts,2500,HD,0.739175,0.7395972018316737,0.739175,0.7390581395640035,1,32,0.7391702505454938,1.0,no_drifts,synthetic,NB,6,6042
synthetic_dataset_no_drifts,2500,JS,0.739175,0.7395972018316737,0.739175,0.7390581395640035,1,32,0.7391702505454938,1.0,no_drifts,synthetic,NB,6,6042
synthetic_dataset_with_parallel_drifts_abrupt,1000,Base,0.6402125,0.6414391680601325,0.6402125,0.6394095940205702,0,80,0.6401865892814432,1.0,parallel_abrupt,synthetic,NB,1,1042
synthetic_dataset_with_parallel_drifts_abrupt,1000,KS95,0.62815,0.6298303803919869,0.62815,0.6269143282380183,27,80,0.6281183862558118,1.0,parallel_abrupt,synthetic,NB,1,1042
synthetic_dataset_with_parallel_drifts_abrupt,1000,KS90,0.627775,0.6291212757254266,0.627775,0.626776449153511,28,80,0.6277465898933434,1.0,parallel_abrupt,synthetic,NB,1,1042
synthetic_dataset_with_parallel_drifts_abrupt,1000,HD,0.635275,0.6362205441339034,0.635275,0.6346212437685116,11,80,0.6352517759136622,1.0,parallel_abrupt,synthetic,NB,1,1042
synthetic_dataset_with_parallel_drifts_abrupt,1000,JS,0.6363375,0.6371347154820174,0.6363375,0.6357902792503006,11,80,0.6363162218606572,1.0,parallel_abrupt,synthetic,NB,1,1042
synthetic_dataset_with_parallel_drifts_abrupt,1500,Base,0.637725,0.6387245230315247,0.637725,0.6370515766982793,0,53,0.6377013504046585,1.0,parallel_abrupt,synthetic,NB,1,1042
synthetic_dataset_with_parallel_drifts_abrupt,1500,KS95,0.62555,0.6265139012898948,0.62555,0.624812878042988,25,53,0.6255256592215119,1.0,parallel_abrupt,synthetic,NB,1,1042
synthetic_dataset_with_parallel_drifts_abrupt,1500,KS90,0.6254875,0.626459271750756,0.6254875,0.6247439918226697,26,53,0.6254630560775744,1.0,parallel_abrupt,synthetic,NB,1,1042
synthetic_dataset_with_parallel_drifts_abrupt,1500,HD,0.6363125,0.6378292602408137,0.6363125,0.6352846264022742,2,53,0.6362833431007112,1.0,parallel_abrupt,synthetic,NB,1,1042
synthetic_dataset_with_parallel_drifts_abrupt,1500,JS,0.6366,0.637643625206758,0.6366,0.6358894737334262,2,53,0.6365757450641628,1.0,parallel_abrupt,synthetic,NB,1,1042
synthetic_dataset_with_parallel_drifts_abrupt,2000,Base,0.640425,0.6413733071025634,0.640425,0.6398024183686478,0,40,0.6404021762216584,1.0,parallel_abrupt,synthetic,NB,1,1042
synthetic_dataset_with_parallel_drifts_abrupt,2000,KS95,0.6291,0.6299183204089802,0.6291,0.6284951591904608,25,40,0.6290778465460485,1.0,parallel_abrupt,synthetic,NB,1,1042
synthetic_dataset_with_parallel_drifts_abrupt,2000,KS90,0.6291,0.6299183204089802,0.6291,0.6284951591904608,25,40,0.6290778465460485,1.0,parallel_abrupt,synthetic,NB,1,1042
synthetic_dataset_with_parallel_drifts_abrupt,2000,HD,0.6373625,0.6378662807590294,0.6373625,0.6370167822269731,6,40,0.6373455671720342,1.0,parallel_abrupt,synthetic,NB,1,1042
synthetic_dataset_with_parallel_drifts_abrupt,2000,JS,0.6386875,0.6403294942368558,0.6386875,0.6376026735462783,1,40,0.6386574500688786,1.0,parallel_abrupt,synthetic,NB,1,1042
synthetic_dataset_with_parallel_drifts_abrupt,2500,Base,0.639,0.6396618141563826,0.639,0.6385559838300496,0,32,0.6389807645416813,1.0,parallel_abrupt,synthetic,NB,1,1042
synthetic_dataset_with_parallel_drifts_abrupt,2500,KS95,0.6279,0.6287197878181642,0.6279,0.6272864045940403,22,32,0.627877722433011,1.0,parallel_abrupt,synthetic,NB,1,1042
synthetic_dataset_with_parallel_drifts_abrupt,2500,KS90,0.6275125,0.6281764924969931,0.6275125,0.6270111692233887,23,32,0.6274923741914431,1.0,parallel_abrupt,synthetic,NB,1,1042
synthetic_dataset_with_parallel_drifts_abrupt,2500,HD,0.6397875,0.6402450146820625,0.6397875,0.6394803919721955,2,32,0.6397714891558756,1.0,parallel_abrupt,synthetic,NB,1,1042
synthetic_dataset_with_parallel_drifts_abrupt,2500,JS,0.6397875,0.6402450146820625,0.6397875,0.6394803919721955,2,32,0.6397714891558756,1.0,parallel_abrupt,synthetic,NB,1,1042
synthetic_dataset_with_switching_drifts_incremental,1000,Base,0.657475,0.6576298954614562,0.657475,0.6573845531968233,0,80,0.6574661101334984,1.0,switching_incremental,synthetic,NB,1,1042
synthetic_dataset_with_switching_drifts_incremental,1000,KS95,0.647025,0.647161915090361,0.647025,0.6469492546647334,39,80,0.6470331019775134,1.0,switching_incremental,synthetic,NB,1,1042
synthetic_dataset_with_switching_drifts_incremental,1000,KS90,0.647175,0.6473184162120909,0.647175,0.6470956238466066,40,80,0.6471832945229465,1.0,switching_incremental,synthetic,NB,1,1042
synthetic_dataset_with_switching_drifts_incremental,1000,HD,0.6550625,0.6555684693314633,0.6550625,0.6547930948671823,5,80,0.6550779125360685,1.0,switching_incremental,synthetic,NB,1,1042
synthetic_dataset_with_switching_drifts_incremental,1000,JS,0.655525,0.6559124855700266,0.655525,0.6553206606364899,4,80,0.6555384395503778,1.0,switching_incremental,synthetic,NB,1,1042
synthetic_dataset_with_switching_drifts_incremental,1500,Base,0.6577625,0.6579442740207225,0.6577625,0.6576572325795558,0,53,0.6577529020952528,1.0,switching_incremental,synthetic,NB,1,1042
synthetic_dataset_with_switching_drifts_incremental,1500,KS95,0.650275,0.6503035198425602,0.650275,0.6502611453597711,25,53,0.6502785104592496,1.0,switching_incremental,synthetic,NB,1,1042
synthetic_dataset_with_switching_drifts_incremental,1500,KS90,0.6485125,0.6485209610816371,0.6485125,0.6485089553832545,30,53,0.6485142980505753,1.0,switching_incremental,synthetic,NB,1,1042
synthetic_dataset_with_switching_drifts_incremental,1500,HD,0.6547625,0.6549756009208331,0.6547625,0.6546510998924581,3,53,0.6547724261936589,1.0,switching_incremental,synthetic,NB,1,1042
synthetic_dataset_with_switching_drifts_incremental,1500,JS,0.6557,0.6557616731194561,0.6557,0.6556697627915568,5,53,0.6557052033508239,1.0,switching_incremental,synthetic,NB,1,1042
synthetic_dataset_with_switching_drifts_incremental,2000,Base,0.65745,0.65759180235952,0.65745,0.6573669090379308,0,40,0.6574414813760482,1.0,switching_incremental,synthetic,NB,1,1042
synthetic_dataset_with_switching_drifts_incremental,2000,KS95,0.65285,0.653152161609676,0.65285,0.6526876107895941,17,40,0.6528619399907368,1.0,switching_incremental,synthetic,NB,1,1042
synthetic_dataset_with_switching_drifts_incremental,2000,KS90,0.652575,0.6526370726419737,0.652575,0.6525436685014355,19,40,0.652580271155532,1.0,switching_incremental,synthetic,NB,1,1042
synthetic_dataset_with_switching_drifts_incremental,2000,HD,0.656725,0.6568675272769229,0.656725,0.6566409288680725,1,40,0.6567164399067229,1.0,switching_incremental,synthetic,NB,1,1042
synthetic_dataset_with_switching_drifts_incremental,2000,JS,0.656725,0.6568675272769229,0.656725,0.6566409288680725,1,40,0.6567164399067229,1.0,switching_incremental,synthetic,NB,1,1042
synthetic_dataset_with_switching_drifts_incremental,2500,Base,0.656275,0.6563646026369323,0.656275,0.6562208795456245,0,32,0.6562681447711138,1.0,switching_incremental,synthetic,NB,1,1042
synthetic_dataset_with_switching_drifts_incremental,2500,KS95,0.6519875,0.6524180312926672,0.6519875,0.6517523405506019,12,32,0.6520018391055563,1.0,switching_incremental,synthetic,NB,1,1042
synthetic_dataset_with_switching_drifts_incremental,2500,KS90,0.6521625,0.6525399973817503,0.6521625,0.6519572246349601,13,32,0.652175904158211,1.0,switching_incremental,synthetic,NB,1,1042
synthetic_dataset_with_switching_drifts_incremental,2500,HD,0.6562625,0.6566102029208302,0.6562625,0.6560621386194581,1,32,0.6562492716404046,1.0,switching_incremental,synthetic,NB,1,1042
synthetic_dataset_with_switching_drifts_incremental,2500,JS,0.6558125,0.655873045817966,0.6558125,0.6557750254584255,1,32,0.655806806506559,1.0,switching_incremental,synthetic,NB,1,1042
synthetic_dataset_with_parallel_drifts_incremental,1000,Base,0.6582125,0.658363475338863,0.6582125,0.6581248682320872,0,80,0.6582037409816317,1.0,parallel_incremental,synthetic,NB,1,1042
synthetic_dataset_with_parallel_drifts_incremental,1000,KS95,0.651475,0.6515153558487004,0.651475,0.6514550267104985,21,80,0.6514792120724617,1.0,parallel_incremental,synthetic,NB,1,1042
synthetic_dataset_with_parallel_drifts_incremental,1000,KS90,0.650925,0.6509385208773283,0.650925,0.6509190143647313,23,80,0.6509273281555168,1.0,parallel_incremental,synthetic,NB,1,1042
synthetic_dataset_with_parallel_drifts_incremental,1000,HD,0.655175,0.6552436618495558,0.655175,0.6551325346945283,5,80,0.6551689419386049,1.0,parallel_incremental,synthetic,NB,1,1042
synthetic_dataset_with_parallel_drifts_incremental,1000,JS,0.6577,0.6577447493187792,0.6577,0.657672297203287,1,80,0.657695097702767,1.0,parallel_incremental,synthetic,NB,1,1042
synthetic_dataset_with_parallel_drifts_incremental,1500,Base,0.6575625,0.657723736117091,0.6575625,0.6574685630412108,0,53,0.6575534382849151,1.0,parallel_incremental,synthetic,NB,1,1042
synthetic_dataset_with_parallel_drifts_incremental,1500,KS95,0.6506375,0.6506396864215279,0.6506375,0.6506369014431037,14,53,0.6506382811930801,1.0,parallel_incremental,synthetic,NB,1,1042
synthetic_dataset_with_parallel_drifts_incremental,1500,KS90,0.6519875,0.6519875358749603,0.6519875,0.6519871869513819,17,53,0.6519870028510683,1.0,parallel_incremental,synthetic,NB,1,1042
synthetic_dataset_with_parallel_drifts_incremental,1500,HD,0.6555375,0.6555443913543395,0.6555375,0.6555348973005966,5,53,0.6555390664255676,1.0,parallel_incremental,synthetic,NB,1,1042
synthetic_dataset_with_parallel_drifts_incremental,1500,JS,0.6555375,0.6555443913543395,0.6555375,0.6555348973005966,5,53,0.6555390664255676,1.0,parallel_incremental,synthetic,NB,1,1042
synthetic_dataset_with_parallel_drifts_incremental,2000,Base,0.6577625,0.6579076998681811,0.6577625,0.657677742562588,0,40,0.6577538920955524,1.0,parallel_incremental,synthetic,NB,1,1042
synthetic_dataset_with_parallel_drifts_incremental,2000,KS95,0.6532625,0.6533641021873522,0.6532625,0.6532101673216383,18,40,0.6532693044889646,1.0,parallel_incremental,synthetic,NB,1,1042
synthetic_dataset_with_parallel_drifts_incremental,2000,KS90,0.654175,0.6542411366147044,0.654175,0.6541419793780139,19,40,0.654180422889578,1.0,parallel_incremental,synthetic,NB,1,1042
synthetic_dataset_with_parallel_drifts_incremental,2000,HD,0.65705,0.657210934218734,0.65705,0.656955780316662,1,40,0.6570409312548817,1.0,parallel_incremental,synthetic,NB,1,1042
synthetic_dataset_with_parallel_drifts_incremental,2000,JS,0.65705,0.657210934218734,0.65705,0.656955780316662,1,40,0.6570409312548817,1.0,parallel_incremental,synthetic,NB,1,1042
synthetic_dataset_with_parallel_drifts_incremental,2500,Base,0.6573125,0.6573977215092747,0.6573125,0.6572614077678068,0,32,0.6573058307100138,1.0,parallel_incremental,synthetic,NB,1,1042
synthetic_dataset_with_parallel_drifts_incremental,2500,KS95,0.654775,0.6549440637069242,0.654775,0.6546740483890456,8,32,0.6547656418166066,1.0,parallel_incremental,synthetic,NB,1,1042
synthetic_dataset_with_parallel_drifts_incremental,2500,KS90,0.654275,0.6543856999022905,0.654275,0.6542074921285579,12,32,0.6542673604158765,1.0,parallel_incremental,synthetic,NB,1,1042
synthetic_dataset_with_parallel_drifts_incremental,2500,HD,0.65755,0.657816583897669,0.65755,0.6573971322271748,2,32,0.6575384289053748,1.0,parallel_incremental,synthetic,NB,1,1042
synthetic_dataset_with_parallel_drifts_incremental,2500,JS,0.65755,0.657816583897669,0.65755,0.6573971322271748,2,32,0.6575384289053748,1.0,parallel_incremental,synthetic,NB,1,1042
synthetic_dataset_with_switching_drifts_abrupt,1000,Base,0.61815,0.6188421256880421,0.61815,0.6175720662864939,0,80,0.618128654483918,1.0,switching_abrupt,synthetic,NB,1,1042
synthetic_dataset_with_switching_drifts_abrupt,1000,KS95,0.5992625,0.5993054839245359,0.5992625,0.5992256912600066,73,80,0.5992678031535104,1.0,switching_abrupt,synthetic,NB,1,1042
synthetic_dataset_with_switching_drifts_abrupt,1000,KS90,0.599525,0.5995876471198078,0.599525,0.5994699675201043,74,80,0.5995314788582724,1.0,switching_abrupt,synthetic,NB,1,1042
synthetic_dataset_with_switching_drifts_abrupt,1000,HD,0.61835,0.6191319700536294,0.61835,0.6177002954951666,2,80,0.6183273620440269,1.0,switching_abrupt,synthetic,NB,1,1042
synthetic_dataset_with_switching_drifts_abrupt,1000,JS,0.612425,0.6127129813441525,0.612425,0.6121623428432962,10,80,0.6124107202542428,1.0,switching_abrupt,synthetic,NB,1,1042
synthetic_dataset_with_switching_drifts_abrupt,1500,Base,0.6197625,0.6203650583510012,0.6197625,0.6192666869684557,0,53,0.619742688097163,1.0,switching_abrupt,synthetic,NB,1,1042
synthetic_dataset_with_switching_drifts_abrupt,1500,KS95,0.605975,0.6060027844761737,0.605975,0.6059538870911356,49,53,0.6059790608086659,1.0,switching_abrupt,synthetic,NB,1,1042
synthetic_dataset_with_switching_drifts_abrupt,1500,KS90,0.605975,0.6060027844761737,0.605975,0.6059538870911356,49,53,0.6059790608086659,1.0,switching_abrupt,synthetic,NB,1,1042
synthetic_dataset_with_switching_drifts_abrupt,1500,HD,0.618075,0.6181473458533375,0.618075,0.6180094750120221,6,53,0.6180678307155187,1.0,switching_abrupt,synthetic,NB,1,1042
synthetic_dataset_with_switching_drifts_abrupt,1500,JS,0.6194125,0.6195682344451238,0.6194125,0.6192785014644958,5,53,0.6194022167441706,1.0,switching_abrupt,synthetic,NB,1,1042
synthetic_dataset_with_switching_drifts_abrupt,2000,Base,0.6200125,0.6204483312659804,0.6200125,0.6196520020887263,0,40,0.61999560317367,1.0,switching_abrupt,synthetic,NB,1,1042
synthetic_dataset_with_switching_drifts_abrupt,2000,KS95,0.6074,0.6074125482122948,0.6074,0.6073915405349556,37,40,0.6074025899892834,1.0,switching_abrupt,synthetic,NB,1,1042
synthetic_dataset_with_switching_drifts_abrupt,2000,KS90,0.6074,0.6074125482122948,0.6074,0.6073915405349556,37,40,0.6074025899892834,1.0,switching_abrupt,synthetic,NB,1,1042
synthetic_dataset_with_switching_drifts_abrupt,2000,HD,0.617225,0.6173051029218667,0.617225,0.6171666386380069,7,40,0.617231827962628,1.0,switching_abrupt,synthetic,NB,1,1042
synthetic_dataset_with_switching_drifts_abrupt,2000,JS,0.617225,0.6173051029218667,0.617225,0.6171666386380069,7,40,0.617231827962628,1.0,switching_abrupt,synthetic,NB,1,1042
synthetic_dataset_with_switching_drifts_abrupt,2500,Base,0.6173375,0.6176053455536549,0.6173375,0.6171060491080396,0,32,0.6173240123655137,1.0,switching_abrupt,synthetic,NB,1,1042
synthetic_dataset_with_switching_drifts_abrupt,2500,KS95,0.6031,0.6031391355799313,0.6031,0.6030682349428133,29,32,0.6031049536892484,1.0,switching_abrupt,synthetic,NB,1,1042
synthetic_dataset_with_switching_drifts_abrupt,2500,KS90,0.6031,0.6031391355799313,0.6031,0.6030682349428133,29,32,0.6031049536892484,1.0,switching_abrupt,synthetic,NB,1,1042
synthetic_dataset_with_switching_drifts_abrupt,2500,HD,0.61605,0.6162409695653132,0.61605,0.615880630425209,4,32,0.6160384851016417,1.0,switching_abrupt,synthetic,NB,1,1042
synthetic_dataset_with_switching_drifts_abrupt,2500,JS,0.61605,0.6162409695653132,0.61605,0.615880630425209,4,32,0.6160384851016417,1.0,switching_abrupt,synthetic,NB,1,1042
synthetic_dataset_no_drifts,1000,Base,0.65825,0.6583897254586127,0.65825,0.6581686930123906,0,80,0.6582415641180731,1.0,no_drifts,synthetic,NB,1,1042
synthetic_dataset_no_drifts,1000,KS95,0.652925,0.6529401550926104,0.652925,0.6529183067616572,5,80,0.6529274662605585,1.0,no_drifts,synthetic,NB,1,1042
synthetic_dataset_no_drifts,1000,KS90,0.6531375,0.6531575279005799,0.6531375,0.6531237039751299,11,80,0.6531340744480576,1.0,no_drifts,synthetic,NB,1,1042
synthetic_dataset_no_drifts,1000,HD,0.657775,0.6577988315625642,0.657775,0.6577595477840914,5,80,0.657771348975833,1.0,no_drifts,synthetic,NB,1,1042
synthetic_dataset_no_drifts,1000,JS,0.6557,0.6558545209433023,0.6557,0.6556082428664043,5,80,0.6556910683465482,1.0,no_drifts,synthetic,NB,1,1042
synthetic_dataset_no_drifts,1500,Base,0.65765,0.657804088346783,0.65765,0.6575601551700296,0,53,0.657641137686444,1.0,no_drifts,synthetic,NB,1,1042
synthetic_dataset_no_drifts,1500,KS95,0.6534375,0.6534450589220338,0.6534375,0.6534345357324535,6,53,0.6534391620403465,1.0,no_drifts,synthetic,NB,1,1042
synthetic_dataset_no_drifts,1500,KS90,0.6531375,0.6531375652097573,0.6531375,0.6531371528659157,9,53,0.6531369756989351,1.0,no_drifts,synthetic,NB,1,1042
synthetic_dataset_no_drifts,1500,HD,0.6554625,0.6556035763210131,0.6554625,0.6553782544846581,3,53,0.6554539463998187,1.0,no_drifts,synthetic,NB,1,1042
synthetic_dataset_no_drifts,1500,JS,0.6572,0.6573172006484979,0.6572,0.6571306455482265,2,53,0.6571922238006477,1.0,no_drifts,synthetic,NB,1,1042
synthetic_dataset_no_drifts,2000,Base,0.6575125,0.6576508332317323,0.6575125,0.6574314134776394,0,40,0.6575040845199855,1.0,no_drifts,synthetic,NB,1,1042
synthetic_dataset_no_drifts,2000,KS95,0.6543625,0.6546209518078342,0.6543625,0.6542261132828638,6,40,0.654373471072975,1.0,no_drifts,synthetic,NB,1,1042
synthetic_dataset_no_drifts,2000,KS90,0.6562125,0.6562967827914393,0.6562125,0.656170638754444,7,40,0.6562186178811319,1.0,no_drifts,synthetic,NB,1,1042
synthetic_dataset_no_drifts,2000,HD,0.6568,0.6569581595354628,0.6568,0.6567071291981569,1,40,0.6567909999292775,1.0,no_drifts,synthetic,NB,1,1042
synthetic_dataset_no_drifts,2000,JS,0.6568,0.6569581595354628,0.6568,0.6567071291981569,1,40,0.6567909999292775,1.0,no_drifts,synthetic,NB,1,1042
synthetic_dataset_no_drifts,2500,Base,0.657725,0.6578185481678211,0.657725,0.6576693753681059,0,32,0.6577180352097056,1.0,no_drifts,synthetic,NB,1,1042
synthetic_dataset_no_drifts,2500,KS95,0.65615,0.6561529734839074,0.65615,0.6561491180231427,3,32,0.6561509409856596,1.0,no_drifts,synthetic,NB,1,1042
synthetic_dataset_no_drifts,2500,KS90,0.6568125,0.656816886822475,0.6568125,0.6568089288218872,4,32,0.656810766810257,1.0,no_drifts,synthetic,NB,1,1042
synthetic_dataset_no_drifts,2500,HD,0.6565625,0.656571794240663,0.6565625,0.6565588141845682,1,32,0.6565643554857176,1.0,no_drifts,synthetic,NB,1,1042
synthetic_dataset_no_drifts,2500,JS,0.6569,0.6569302588562066,0.6569,0.6568805965144919,1,32,0.6568959087110124,1.0,no_drifts,synthetic,NB,1,1042
synthetic_dataset_with_parallel_drifts_abrupt,1000,Base,0.728525,0.7326878388273903,0.728525,0.7272800959260621,0,80,0.7284660577318255,1.0,parallel_abrupt,synthetic,NB,27,27042
synthetic_dataset_with_parallel_drifts_abrupt,1000,KS95,0.6939125,0.704434194674674,0.6939125,0.6898693117493083,28,80,0.693812745262883,1.0,parallel_abrupt,synthetic,NB,27,27042
synthetic_dataset_with_parallel_drifts_abrupt,1000,KS90,0.6939125,0.704434194674674,0.6939125,0.6898693117493083,28,80,0.693812745262883,1.0,parallel_abrupt,synthetic,NB,27,27042
synthetic_dataset_with_parallel_drifts_abrupt,1000,HD,0.7092625,0.7178618921550378,0.7092625,0.7063225860675085,11,80,0.7091751163996984,1.0,parallel_abrupt,synthetic,NB,27,27042
synthetic_dataset_with_parallel_drifts_abrupt,1000,JS,0.7119875,0.7196504896810687,0.7119875,0.7094142612555215,12,80,0.7119053247400143,1.0,parallel_abrupt,synthetic,NB,27,27042
synthetic_dataset_with_parallel_drifts_abrupt,1500,Base,0.7292625,0.7325769341965963,0.7292625,0.7282720125797759,0,53,0.7292098473637894,1.0,parallel_abrupt,synthetic,NB,27,27042
synthetic_dataset_with_parallel_drifts_abrupt,1500,KS95,0.6974625,0.7067800208244988,0.6974625,0.6939666359461913,25,53,0.6973691354857444,1.0,parallel_abrupt,synthetic,NB,27,27042
synthetic_dataset_with_parallel_drifts_abrupt,1500,KS90,0.7001875,0.7075442743771054,0.7001875,0.6974641250101631,26,53,0.7001046375801132,1.0,parallel_abrupt,synthetic,NB,27,27042
synthetic_dataset_with_parallel_drifts_abrupt,1500,HD,0.7089125,0.7162881999216912,0.7089125,0.7063700109548138,9,53,0.708831241136419,1.0,parallel_abrupt,synthetic,NB,27,27042
synthetic_dataset_with_parallel_drifts_abrupt,1500,JS,0.7228125,0.726303464337928,0.7228125,0.7217149809471346,7,53,0.7227577205488798,1.0,parallel_abrupt,synthetic,NB,27,27042
synthetic_dataset_with_parallel_drifts_abrupt,2000,Base,0.730875,0.7336693648457077,0.730875,0.730047605454372,0,40,0.7308267345392186,1.0,parallel_abrupt,synthetic,NB,27,27042
synthetic_dataset_with_parallel_drifts_abrupt,2000,KS95,0.6953375,0.7054078329124788,0.6953375,0.6915053400818159,22,40,0.6952401307307251,1.0,parallel_abrupt,synthetic,NB,27,27042
synthetic_dataset_with_parallel_drifts_abrupt,2000,KS90,0.6975875,0.7048036808354152,0.6975875,0.6948565537837084,25,40,0.6975048762146709,1.0,parallel_abrupt,synthetic,NB,27,27042
synthetic_dataset_with_parallel_drifts_abrupt,2000,HD,0.7287,0.7320924740853534,0.7287,0.7276821292043496,4,40,0.7286466797451142,1.0,parallel_abrupt,synthetic,NB,27,27042
synthetic_dataset_with_parallel_drifts_abrupt,2000,JS,0.7273625,0.731499128733227,0.7273625,0.7261136589796404,1,40,0.7273035896543109,1.0,parallel_abrupt,synthetic,NB,27,27042
synthetic_dataset_with_parallel_drifts_abrupt,2500,Base,0.730925,0.7334723420025838,0.730925,0.7301695632972155,0,32,0.7308788783291411,1.0,parallel_abrupt,synthetic,NB,27,27042
synthetic_dataset_with_parallel_drifts_abrupt,2500,KS95,0.70615,0.7117884249460347,0.70615,0.7041453936687967,23,32,0.7060781343410716,1.0,parallel_abrupt,synthetic,NB,27,27042
synthetic_dataset_with_parallel_drifts_abrupt,2500,KS90,0.70615,0.7117884249460347,0.70615,0.7041453936687967,23,32,0.7060781343410716,1.0,parallel_abrupt,synthetic,NB,27,27042
synthetic_dataset_with_parallel_drifts_abrupt,2500,HD,0.7273875,0.730163176963704,0.7273875,0.7265421542458101,5,32,0.7273390240564404,1.0,parallel_abrupt,synthetic,NB,27,27042
synthetic_dataset_with_parallel_drifts_abrupt,2500,JS,0.7310625,0.7333907349504055,0.7310625,0.7303714923601132,2,32,0.7310183799984471,1.0,parallel_abrupt,synthetic,NB,27,27042
synthetic_dataset_with_switching_drifts_incremental,1000,Base,0.769025,0.7691339644270127,0.769025,0.7689986583718431,0,80,0.7690158544027634,1.0,switching_incremental,synthetic,NB,27,27042
synthetic_dataset_with_switching_drifts_incremental,1000,KS95,0.7616875,0.7618168089460217,0.7616875,0.7616546387139144,45,80,0.7616774190967739,1.0,switching_incremental,synthetic,NB,27,27042
synthetic_dataset_with_switching_drifts_incremental,1000,KS90,0.76145,0.7616950317373238,0.76145,0.7613894367886677,49,80,0.7614362548496326,1.0,switching_incremental,synthetic,NB,27,27042
synthetic_dataset_with_switching_drifts_incremental,1000,HD,0.767075,0.7671174943339483,0.767075,0.7670638335504624,3,80,0.7670691341623059,1.0,switching_incremental,synthetic,NB,27,27042
synthetic_dataset_with_switching_drifts_incremental,1000,JS,0.767075,0.7671174943339483,0.767075,0.7670638335504624,3,80,0.7670691341623059,1.0,switching_incremental,synthetic,NB,27,27042
synthetic_dataset_with_switching_drifts_incremental,1500,Base,0.7688125,0.7689049846461181,0.7688125,0.7687898831469322,0,53,0.7688040433030957,1.0,switching_incremental,synthetic,NB,27,27042
synthetic_dataset_with_switching_drifts_incremental,1500,KS95,0.7664625,0.7665545988263691,0.7664625,0.7664395374773907,25,53,0.7664540196288587,1.0,switching_incremental,synthetic,NB,27,27042
synthetic_dataset_with_switching_drifts_incremental,1500,KS90,0.7643,0.7644206064904568,0.7643,0.7642698778006288,31,53,0.764290303909764,1.0,switching_incremental,synthetic,NB,27,27042
synthetic_dataset_with_switching_drifts_incremental,1500,HD,0.769975,0.7701036547463184,0.769975,0.7699444201167631,2,53,0.7699651113795384,1.0,switching_incremental,synthetic,NB,27,27042
synthetic_dataset_with_switching_drifts_incremental,1500,JS,0.769975,0.7701036547463184,0.769975,0.7699444201167631,2,53,0.7699651113795384,1.0,switching_incremental,synthetic,NB,27,27042
synthetic_dataset_with_switching_drifts_incremental,2000,Base,0.768625,0.7686840010787106,0.768625,0.7686100960657656,0,40,0.7686181728482886,1.0,switching_incremental,synthetic,NB,27,27042
synthetic_dataset_with_switching_drifts_incremental,2000,KS95,0.766825,0.7669770580835724,0.766825,0.7667882395781136,22,40,0.7668142120921311,1.0,switching_incremental,synthetic,NB,27,27042
synthetic_dataset_with_switching_drifts_incremental,2000,KS90,0.7663875,0.7665447503413377,0.7663875,0.7663494123599196,24,40,0.7663765258195276,1.0,switching_incremental,synthetic,NB,27,27042
synthetic_dataset_with_switching_drifts_incremental,2000,HD,0.767825,0.7679124527841404,0.767825,0.7678033654678739,2,40,0.7678167503596995,1.0,switching_incremental,synthetic,NB,27,27042
synthetic_dataset_with_switching_drifts_incremental,2000,JS,0.7687375,0.7689415815328866,0.7687375,0.7686895791232395,5,40,0.7687251057426591,1.0,switching_incremental,synthetic,NB,27,27042
synthetic_dataset_with_switching_drifts_incremental,2500,Base,0.7690875,0.7691398360164632,0.7690875,0.7690742058332738,0,32,0.7690810560151835,1.0,switching_incremental,synthetic,NB,27,27042
synthetic_dataset_with_switching_drifts_incremental,2500,KS95,0.7672125,0.7672128108120403,0.7672125,0.7672122093422031,14,32,0.7672116545839229,1.0,switching_incremental,synthetic,NB,27,27042
synthetic_dataset_with_switching_drifts_incremental,2500,KS90,0.7680375,0.7680941917280855,0.7680375,0.7680230666161264,23,32,0.7680307927110758,1.0,switching_incremental,synthetic,NB,27,27042
synthetic_dataset_with_switching_drifts_incremental,2500,HD,0.7690875,0.7691398360164632,0.7690875,0.7690742058332738,0,32,0.7690810560151835,1.0,switching_incremental,synthetic,NB,27,27042
synthetic_dataset_with_switching_drifts_incremental,2500,JS,0.7690875,0.7691398360164632,0.7690875,0.7690742058332738,0,32,0.7690810560151835,1.0,switching_incremental,synthetic,NB,27,27042
synthetic_dataset_with_parallel_drifts_incremental,1000,Base,0.7677,0.7678251605171963,0.7677,0.767669651532892,0,80,0.7676901971378072,1.0,parallel_incremental,synthetic,NB,27,27042
synthetic_dataset_with_parallel_drifts_incremental,1000,KS95,0.7648625,0.7652554000492121,0.7648625,0.7647696236997199,20,80,0.7648453121471921,1.0,parallel_incremental,synthetic,NB,27,27042
synthetic_dataset_with_parallel_drifts_incremental,1000,KS90,0.7642875,0.7649077092519223,0.7642875,0.7641421873323663,22,80,0.7642659804536414,1.0,parallel_incremental,synthetic,NB,27,27042
synthetic_dataset_with_parallel_drifts_incremental,1000,HD,0.765575,0.7656840619199009,0.765575,0.7655478876920321,4,80,0.765565786136305,1.0,parallel_incremental,synthetic,NB,27,27042
synthetic_dataset_with_parallel_drifts_incremental,1000,JS,0.765575,0.7656840619199009,0.765575,0.7655478876920321,4,80,0.765565786136305,1.0,parallel_incremental,synthetic,NB,27,27042
synthetic_dataset_with_parallel_drifts_incremental,1500,Base,0.7678,0.7679133355584474,0.7678,0.7677723898949472,0,53,0.7677906565897215,1.0,parallel_incremental,synthetic,NB,27,27042
synthetic_dataset_with_parallel_drifts_incremental,1500,KS95,0.7659625,0.7664900006030592,0.7659625,0.7658400144499821,10,53,0.7659426879873705,1.0,parallel_incremental,synthetic,NB,27,27042
synthetic_dataset_with_parallel_drifts_incremental,1500,KS90,0.76595,0.7661802880751096,0.76595,0.7658949734392311,12,53,0.7659367832953498,1.0,parallel_incremental,synthetic,NB,27,27042
synthetic_dataset_with_parallel_drifts_incremental,1500,HD,0.7692,0.7693646408302711,0.7692,0.7691611069407797,2,53,0.7691888420352072,1.0,parallel_incremental,synthetic,NB,27,27042
synthetic_dataset_with_parallel_drifts_incremental,1500,JS,0.7692,0.7693646408302711,0.7692,0.7691611069407797,2,53,0.7691888420352072,1.0,parallel_incremental,synthetic,NB,27,27042
synthetic_dataset_with_parallel_drifts_incremental,2000,Base,0.7682375,0.7683069864467806,0.7682375,0.76822010148427,0,40,0.7682301147386815,1.0,parallel_incremental,synthetic,NB,27,27042
synthetic_dataset_with_parallel_drifts_incremental,2000,KS95,0.768125,0.768237932814352,0.7681250000000001,0.7680975549432983,15,40,0.7681156787135666,1.0,parallel_incremental,synthetic,NB,27,27042
synthetic_dataset_with_parallel_drifts_incremental,2000,KS90,0.768225,0.76831901513466,0.768225,0.7682019222626157,18,40,0.7682164662907319,1.0,parallel_incremental,synthetic,NB,27,27042
synthetic_dataset_with_parallel_drifts_incremental,2000,HD,0.768925,0.7691310918431811,0.768925,0.7688767009566919,2,40,0.768912551198672,1.0,parallel_incremental,synthetic,NB,27,27042
synthetic_dataset_with_parallel_drifts_incremental,2000,JS,0.768925,0.7691310918431811,0.768925,0.7688767009566919,2,40,0.768912551198672,1.0,parallel_incremental,synthetic,NB,27,27042
synthetic_dataset_with_parallel_drifts_incremental,2500,Base,0.7682125,0.7682768921335961,0.7682125,0.7681962853862294,0,32,0.7682053772197419,1.0,parallel_incremental,synthetic,NB,27,27042
synthetic_dataset_with_parallel_drifts_incremental,2500,KS95,0.7677625,0.7677659231443178,0.7677625,0.7677611787392343,10,32,0.7677605831291965,1.0,parallel_incremental,synthetic,NB,27,27042
synthetic_dataset_with_parallel_drifts_incremental,2500,KS90,0.7655125,0.7655900216884999,0.7655125,0.7654928037581326,16,32,0.7655046751520169,1.0,parallel_incremental,synthetic,NB,27,27042
synthetic_dataset_with_parallel_drifts_incremental,2500,HD,0.7682125,0.7682768921335961,0.7682125,0.7681962853862294,0,32,0.7682053772197419,1.0,parallel_incremental,synthetic,NB,27,27042
synthetic_dataset_with_parallel_drifts_incremental,2500,JS,0.7682125,0.7682768921335961,0.7682125,0.7681962853862294,0,32,0.7682053772197419,1.0,parallel_incremental,synthetic,NB,27,27042
synthetic_dataset_with_switching_drifts_abrupt,1000,Base,0.7335,0.7337238555948453,0.7335,0.7334304149976568,0,80,0.7334860365752467,1.0,switching_abrupt,synthetic,NB,27,27042
synthetic_dataset_with_switching_drifts_abrupt,1000,KS95,0.717775,0.7177875654165334,0.717775,0.717772363647205,75,80,0.7177778682986804,1.0,switching_abrupt,synthetic,NB,27,27042
synthetic_dataset_with_switching_drifts_abrupt,1000,KS90,0.717775,0.7177875654165334,0.717775,0.717772363647205,75,80,0.7177778682986804,1.0,switching_abrupt,synthetic,NB,27,27042
synthetic_dataset_with_switching_drifts_abrupt,1000,HD,0.73465,0.7348468558235351,0.73465,0.7345890316142337,2,80,0.734636912456386,1.0,switching_abrupt,synthetic,NB,27,27042
synthetic_dataset_with_switching_drifts_abrupt,1000,JS,0.7321375,0.7321432914317171,0.7321375,0.7321348083229419,13,80,0.7321348777282659,1.0,switching_abrupt,synthetic,NB,27,27042
synthetic_dataset_with_switching_drifts_abrupt,1500,Base,0.7334125,0.7335298901681743,0.7334125,0.7333747938312355,0,53,0.73340226619861,1.0,switching_abrupt,synthetic,NB,27,27042
synthetic_dataset_with_switching_drifts_abrupt,1500,KS95,0.723,0.7231178887511797,0.723,0.7229678150385165,49,53,0.7230096098042325,1.0,switching_abrupt,synthetic,NB,27,27042
synthetic_dataset_with_switching_drifts_abrupt,1500,KS90,0.723,0.7231178887511797,0.723,0.7229678150385165,49,53,0.7230096098042325,1.0,switching_abrupt,synthetic,NB,27,27042
synthetic_dataset_with_switching_drifts_abrupt,1500,HD,0.7305125,0.7307315323047674,0.7305125,0.730442678631347,5,53,0.7304985889754823,1.0,switching_abrupt,synthetic,NB,27,27042
synthetic_dataset_with_switching_drifts_abrupt,1500,JS,0.7305125,0.7307315323047674,0.7305125,0.730442678631347,5,53,0.7304985889754823,1.0,switching_abrupt,synthetic,NB,27,27042
synthetic_dataset_with_switching_drifts_abrupt,2000,Base,0.735225,0.7352511652381253,0.735225,0.7352156371724986,0,40,0.7352199629027841,1.0,switching_abrupt,synthetic,NB,27,27042
synthetic_dataset_with_switching_drifts_abrupt,2000,KS95,0.7299375,0.7300221318013024,0.7299375,0.7299161585126781,36,40,0.7299454635519954,1.0,switching_abrupt,synthetic,NB,27,27042
synthetic_dataset_with_switching_drifts_abrupt,2000,KS90,0.7303125,0.7304279210178564,0.7303125,0.7302828155673333,37,40,0.7303218638401769,1.0,switching_abrupt,synthetic,NB,27,27042
synthetic_dataset_with_switching_drifts_abrupt,2000,HD,0.7319625,0.7320974722805691,0.7319625,0.7319189708878042,7,40,0.7319515213378835,1.0,switching_abrupt,synthetic,NB,27,27042
synthetic_dataset_with_switching_drifts_abrupt,2000,JS,0.735,0.7352167195667113,0.735,0.7349333540053257,2,40,0.7349863002238862,1.0,switching_abrupt,synthetic,NB,27,27042
synthetic_dataset_with_switching_drifts_abrupt,2500,Base,0.7351375,0.735150607674954,0.7351375,0.7351323644016232,0,32,0.7351338081493219,1.0,switching_abrupt,synthetic,NB,27,27042
synthetic_dataset_with_switching_drifts_abrupt,2500,KS95,0.7317,0.7317040406264966,0.7317,0.731699516053415,29,32,0.7317014133338946,1.0,switching_abrupt,synthetic,NB,27,27042
synthetic_dataset_with_switching_drifts_abrupt,2500,KS90,0.7317,0.7317040406264966,0.7317,0.731699516053415,29,32,0.7317014133338946,1.0,switching_abrupt,synthetic,NB,27,27042
synthetic_dataset_with_switching_drifts_abrupt,2500,HD,0.73515,0.7352237001659699,0.73515,0.7351259565110329,4,32,0.7351418347179673,1.0,switching_abrupt,synthetic,NB,27,27042
synthetic_dataset_with_switching_drifts_abrupt,2500,JS,0.73535,0.7353805772355989,0.73535,0.7353392523936823,5,32,0.7353445911232025,1.0,switching_abrupt,synthetic,NB,27,27042
synthetic_dataset_no_drifts,1000,Base,0.768875,0.768991612637244,0.768875,0.7688468834083553,0,80,0.7688655480376851,1.0,no_drifts,synthetic,NB,27,27042
synthetic_dataset_no_drifts,1000,KS95,0.7647875,0.7649528856974103,0.7647875,0.7647470185466068,1,80,0.7647762183442922,1.0,no_drifts,synthetic,NB,27,27042
synthetic_dataset_no_drifts,1000,KS90,0.7651875,0.7653632550707591,0.7651875,0.7651447420605583,2,80,0.7651758905252912,1.0,no_drifts,synthetic,NB,27,27042
synthetic_dataset_no_drifts,1000,HD,0.7698875,0.7699706365849196,0.7698875,0.7698672093408135,6,80,0.7698794816264781,1.0,no_drifts,synthetic,NB,27,27042
synthetic_dataset_no_drifts,1000,JS,0.7698875,0.7699706365849196,0.7698875,0.7698672093408135,6,80,0.7698794816264781,1.0,no_drifts,synthetic,NB,27,27042
synthetic_dataset_no_drifts,1500,Base,0.76905,0.7691453410549814,0.76905,0.769026773119416,0,53,0.7690414231723396,1.0,no_drifts,synthetic,NB,27,27042
synthetic_dataset_no_drifts,1500,KS95,0.767825,0.7678633471044013,0.767825,0.7678148920492033,2,53,0.7678194191117428,1.0,no_drifts,synthetic,NB,27,27042
synthetic_dataset_no_drifts,1500,KS90,0.7680125,0.768136949274836,0.7680125,0.7679823910893039,3,53,0.7680027301895903,1.0,no_drifts,synthetic,NB,27,27042
synthetic_dataset_no_drifts,1500,HD,0.7702,0.7703281803431391,0.7702,0.7701695824880532,2,53,0.770190133426821,1.0,no_drifts,synthetic,NB,27,27042
synthetic_dataset_no_drifts,1500,JS,0.7702,0.7703281803431391,0.7702,0.7701695824880532,2,53,0.770190133426821,1.0,no_drifts,synthetic,NB,27,27042
synthetic_dataset_no_drifts,2000,Base,0.76905,0.7691160834785467,0.76905,0.7690335036669504,0,40,0.7690428012983948,1.0,no_drifts,synthetic,NB,27,27042
synthetic_dataset_no_drifts,2000,KS95,0.7664125,0.7664747723078064,0.7664125,0.7663965484492079,1,40,0.7664054633416828,1.0,no_drifts,synthetic,NB,27,27042
synthetic_dataset_no_drifts,2000,KS90,0.769275,0.7693411446164662,0.769275,0.769258519738286,4,40,0.7692678014706607,1.0,no_drifts,synthetic,NB,27,27042
synthetic_dataset_no_drifts,2000,HD,0.7691625,0.7692939930052732,0.7691625,0.7691310751236022,2,40,0.7691524904448755,1.0,no_drifts,synthetic,NB,27,27042
synthetic_dataset_no_drifts,2000,JS,0.7691625,0.7692939930052732,0.7691625,0.7691310751236022,2,40,0.7691524904448755,1.0,no_drifts,synthetic,NB,27,27042
synthetic_dataset_no_drifts,2500,Base,0.7688875,0.7689508268113987,0.7688875,0.7688716216840393,0,32,0.7688804433615894,1.0,no_drifts,synthetic,NB,27,27042
synthetic_dataset_no_drifts,2500,KS95,0.7703875,0.7705862486438038,0.7703875,0.7703413979221814,1,32,0.7703753038810921,1.0,no_drifts,synthetic,NB,27,27042
synthetic_dataset_no_drifts,2500,KS90,0.7687875,0.768837544368694,0.7687875,0.768774710588073,6,32,0.7687811870355963,1.0,no_drifts,synthetic,NB,27,27042
synthetic_dataset_no_drifts,2500,HD,0.7688875,0.7689508268113987,0.7688875,0.7688716216840393,0,32,0.7688804433615894,1.0,no_drifts,synthetic,NB,27,27042
synthetic_dataset_no_drifts,2500,JS,0.7688875,0.7689508268113987,0.7688875,0.7688716216840393,0,32,0.7688804433615894,1.0,no_drifts,synthetic,NB,27,27042
synthetic_dataset_with_parallel_drifts_abrupt,1000,Base,0.6433,0.6440580711391135,0.6433,0.642841632831668,0,80,0.6433143529302966,1.0,parallel_abrupt,synthetic,NB,18,18042
synthetic_dataset_with_parallel_drifts_abrupt,1000,KS95,0.6291375,0.6297860915439892,0.6291375,0.6286862286143798,30,80,0.6291514656642345,1.0,parallel_abrupt,synthetic,NB,18,18042
synthetic_dataset_with_parallel_drifts_abrupt,1000,KS90,0.6271625,0.6275221359741001,0.6271625,0.6269090940898946,35,80,0.6271729453476713,1.0,parallel_abrupt,synthetic,NB,18,18042
synthetic_dataset_with_parallel_drifts_abrupt,1000,HD,0.6375875,0.6380486401112349,0.6375875,0.6372942007582031,14,80,0.6375988970158235,1.0,parallel_abrupt,synthetic,NB,18,18042
synthetic_dataset_with_parallel_drifts_abrupt,1000,JS,0.6395625,0.6397374811439877,0.6395625,0.6394553860235996,12,80,0.6395694173311068,1.0,parallel_abrupt,synthetic,NB,18,18042
synthetic_dataset_with_parallel_drifts_abrupt,1500,Base,0.642975,0.6436351408838913,0.642975,0.6425750959970683,0,53,0.6429884028781445,1.0,parallel_abrupt,synthetic,NB,18,18042
synthetic_dataset_with_parallel_drifts_abrupt,1500,KS95,0.632425,0.6326210647473008,0.632425,0.63229574463997,26,53,0.6324325211892033,1.0,parallel_abrupt,synthetic,NB,18,18042
synthetic_dataset_with_parallel_drifts_abrupt,1500,KS90,0.63235,0.6325469801626749,0.63235,0.6322200275247224,27,53,0.6323575411772066,1.0,parallel_abrupt,synthetic,NB,18,18042
synthetic_dataset_with_parallel_drifts_abrupt,1500,HD,0.64315,0.6436010336639121,0.64315,0.6428784689651569,2,53,0.6431610529057683,1.0,parallel_abrupt,synthetic,NB,18,18042
synthetic_dataset_with_parallel_drifts_abrupt,1500,JS,0.643425,0.644330104062697,0.643425,0.6428776533566014,3,53,0.6434406829505093,1.0,parallel_abrupt,synthetic,NB,18,18042
synthetic_dataset_with_parallel_drifts_abrupt,2000,Base,0.6461125,0.646873962855124,0.6461125,0.6456643953176948,0,40,0.6461267483802797,1.0,parallel_abrupt,synthetic,NB,18,18042
synthetic_dataset_with_parallel_drifts_abrupt,2000,KS95,0.63815,0.6384243484854969,0.63815,0.637977968617038,22,40,0.6381587421053988,1.0,parallel_abrupt,synthetic,NB,18,18042
synthetic_dataset_with_parallel_drifts_abrupt,2000,KS90,0.6378625,0.6380602402402694,0.6378625,0.6377390337043065,23,40,0.6378699070591852,1.0,parallel_abrupt,synthetic,NB,18,18042
synthetic_dataset_with_parallel_drifts_abrupt,2000,HD,0.64605,0.6467979209767345,0.64605,0.645609668212423,3,40,0.6460641233702598,1.0,parallel_abrupt,synthetic,NB,18,18042
synthetic_dataset_with_parallel_drifts_abrupt,2000,JS,0.6467625,0.6474820776279703,0.6467625,0.6463418833165666,1,40,0.6467763184842109,1.0,parallel_abrupt,synthetic,NB,18,18042
synthetic_dataset_with_parallel_drifts_abrupt,2500,Base,0.644475,0.6451389632042417,0.644475,0.644078561944504,0,32,0.6444883731181397,1.0,parallel_abrupt,synthetic,NB,18,18042
synthetic_dataset_with_parallel_drifts_abrupt,2500,KS95,0.6371125,0.6374357737182909,0.6371125,0.6369070620818348,22,32,0.6371220369395258,1.0,parallel_abrupt,synthetic,NB,18,18042
synthetic_dataset_with_parallel_drifts_abrupt,2500,KS90,0.6371125,0.6374357737182909,0.6371125,0.6369070620818348,22,32,0.6371220369395258,1.0,parallel_abrupt,synthetic,NB,18,18042
synthetic_dataset_with_parallel_drifts_abrupt,2500,HD,0.6435,0.6435562245789819,0.6435,0.6434681751957402,2,32,0.6435038029606085,1.0,parallel_abrupt,synthetic,NB,18,18042
synthetic_dataset_with_parallel_drifts_abrupt,2500,JS,0.6435,0.6435562245789819,0.6435,0.6434681751957402,2,32,0.6435038029606085,1.0,parallel_abrupt,synthetic,NB,18,18042
synthetic_dataset_with_switching_drifts_incremental,1000,Base,0.6544375,0.6551852948220754,0.6544375,0.6540307866790673,0,80,0.6544512397121984,1.0,switching_incremental,synthetic,NB,18,18042
synthetic_dataset_with_switching_drifts_incremental,1000,KS95,0.6407875,0.6408574151655759,0.6407875,0.6407464796508597,43,80,0.6407917975266875,1.0,switching_incremental,synthetic,NB,18,18042
synthetic_dataset_with_switching_drifts_incremental,1000,KS90,0.6396875,0.6398005394304364,0.6396875,0.6396192563639176,51,80,0.6396930273508843,1.0,switching_incremental,synthetic,NB,18,18042
synthetic_dataset_with_switching_drifts_incremental,1000,HD,0.6546625,0.655603500776062,0.6546625,0.6541508849664435,5,80,0.6546779097484655,1.0,switching_incremental,synthetic,NB,18,18042
synthetic_dataset_with_switching_drifts_incremental,1000,JS,0.6523375,0.6530795923722204,0.6523375,0.6519259218995532,4,80,0.6523512793762047,1.0,switching_incremental,synthetic,NB,18,18042
synthetic_dataset_with_switching_drifts_incremental,1500,Base,0.6536875,0.6544821167473592,0.6536875,0.6532520682658225,0,53,0.653701699592272,1.0,switching_incremental,synthetic,NB,18,18042
synthetic_dataset_with_switching_drifts_incremental,1500,KS95,0.6476875,0.6479331265983715,0.6476875,0.6475474139243501,24,53,0.6476954986312798,1.0,switching_incremental,synthetic,NB,18,18042
synthetic_dataset_with_switching_drifts_incremental,1500,KS90,0.6461125,0.6465780074815606,0.6461125,0.6458400375045902,28,53,0.6461236183797789,1.0,switching_incremental,synthetic,NB,18,18042
synthetic_dataset_with_switching_drifts_incremental,1500,HD,0.6514375,0.6515224678944002,0.6514375,0.6513921096587438,6,53,0.6514420892307343,1.0,switching_incremental,synthetic,NB,18,18042
synthetic_dataset_with_switching_drifts_incremental,1500,JS,0.652975,0.6536031489227824,0.652975,0.6526292445121645,5,53,0.6529876444780232,1.0,switching_incremental,synthetic,NB,18,18042
synthetic_dataset_with_switching_drifts_incremental,2000,Base,0.6532125,0.6539331537044963,0.6532125,0.6528161758399786,0,40,0.6532260395161663,1.0,switching_incremental,synthetic,NB,18,18042
synthetic_dataset_with_switching_drifts_incremental,2000,KS95,0.650225,0.6516299005718889,0.650225,0.6494273747893685,17,40,0.6502441040390566,1.0,switching_incremental,synthetic,NB,18,18042
synthetic_dataset_with_switching_drifts_incremental,2000,KS90,0.6496,0.6505493956343771,0.6496,0.6490586865294826,21,40,0.6496157339385173,1.0,switching_incremental,synthetic,NB,18,18042
synthetic_dataset_with_switching_drifts_incremental,2000,HD,0.6532125,0.6539331537044963,0.6532125,0.6528161758399786,0,40,0.6532260395161663,1.0,switching_incremental,synthetic,NB,18,18042
synthetic_dataset_with_switching_drifts_incremental,2000,JS,0.6532125,0.6539331537044963,0.6532125,0.6528161758399786,0,40,0.6532260395161663,1.0,switching_incremental,synthetic,NB,18,18042
synthetic_dataset_with_switching_drifts_incremental,2500,Base,0.6537625,0.6544793347284554,0.6537625,0.6533703140661858,0,32,0.6537759796041568,1.0,switching_incremental,synthetic,NB,18,18042
synthetic_dataset_with_switching_drifts_incremental,2500,KS95,0.6493625,0.6499823930925291,0.6493625,0.6490095334640575,13,32,0.6493752089000335,1.0,switching_incremental,synthetic,NB,18,18042
synthetic_dataset_with_switching_drifts_incremental,2500,KS90,0.6494875,0.6501694491160024,0.6494875,0.6490992847571316,19,32,0.6495008289201326,1.0,switching_incremental,synthetic,NB,18,18042
synthetic_dataset_with_switching_drifts_incremental,2500,HD,0.6537625,0.6544793347284554,0.6537625,0.6533703140661858,0,32,0.6537759796041568,1.0,switching_incremental,synthetic,NB,18,18042
synthetic_dataset_with_switching_drifts_incremental,2500,JS,0.6537625,0.6544793347284554,0.6537625,0.6533703140661858,0,32,0.6537759796041568,1.0,switching_incremental,synthetic,NB,18,18042
synthetic_dataset_with_parallel_drifts_incremental,1000,Base,0.6548625,0.6557178583351181,0.6548625,0.6543986176355842,0,80,0.6548771797803487,1.0,parallel_incremental,synthetic,NB,18,18042
synthetic_dataset_with_parallel_drifts_incremental,1000,KS95,0.6452,0.645649994869148,0.6452,0.6449344200440389,24,80,0.6452109632337542,1.0,parallel_incremental,synthetic,NB,18,18042
synthetic_dataset_with_parallel_drifts_incremental,1000,KS90,0.6431375,0.643447924286141,0.6431375,0.6429517044031526,30,80,0.6431466479034637,1.0,parallel_incremental,synthetic,NB,18,18042
synthetic_dataset_with_parallel_drifts_incremental,1000,HD,0.6529,0.6530169820051553,0.6529,0.652837677748971,4,80,0.6529053844648615,1.0,parallel_incremental,synthetic,NB,18,18042
synthetic_dataset_with_parallel_drifts_incremental,1000,JS,0.655325,0.6559241599691662,0.655325,0.6550025034929493,2,80,0.6553372548539608,1.0,parallel_incremental,synthetic,NB,18,18042
synthetic_dataset_with_parallel_drifts_incremental,1500,Base,0.654375,0.6552364102403861,0.654375,0.6539056889295143,0,53,0.6543897547023608,1.0,parallel_incremental,synthetic,NB,18,18042
synthetic_dataset_with_parallel_drifts_incremental,1500,KS95,0.6471,0.6473107678976876,0.6471,0.646979520065576,15,53,0.6471074135371863,1.0,parallel_incremental,synthetic,NB,18,18042
synthetic_dataset_with_parallel_drifts_incremental,1500,KS90,0.646775,0.6469578837052614,0.646775,0.6466704858404079,17,53,0.6467819034851046,1.0,parallel_incremental,synthetic,NB,18,18042
synthetic_dataset_with_parallel_drifts_incremental,1500,HD,0.654525,0.6552835347339669,0.654525,0.6541127303014753,5,53,0.6545388347262134,1.0,parallel_incremental,synthetic,NB,18,18042
synthetic_dataset_with_parallel_drifts_incremental,1500,JS,0.65475,0.6558179855217117,0.65475,0.6541693907854759,7,53,0.6547664147626264,1.0,parallel_incremental,synthetic,NB,18,18042
synthetic_dataset_with_parallel_drifts_incremental,2000,Base,0.654825,0.6556440091109986,0.654825,0.6543808226155305,0,40,0.6548393647742983,1.0,parallel_incremental,synthetic,NB,18,18042
synthetic_dataset_with_parallel_drifts_incremental,2000,KS95,0.6481125,0.6482843793677974,0.6481125,0.6480156679300626,20,40,0.6481191586990653,1.0,parallel_incremental,synthetic,NB,18,18042
synthetic_dataset_with_parallel_drifts_incremental,2000,KS90,0.6477625,0.6479078420279047,0.6477625,0.6476807125971246,21,40,0.647768618642979,1.0,parallel_incremental,synthetic,NB,18,18042
synthetic_dataset_with_parallel_drifts_incremental,2000,HD,0.654825,0.6556440091109986,0.654825,0.6543808226155305,0,40,0.6548393647742983,1.0,parallel_incremental,synthetic,NB,18,18042
synthetic_dataset_with_parallel_drifts_incremental,2000,JS,0.654825,0.6556440091109986,0.654825,0.6543808226155305,0,40,0.6548393647742983,1.0,parallel_incremental,synthetic,NB,18,18042
synthetic_dataset_with_parallel_drifts_incremental,2500,Base,0.6551,0.655941031857071,0.6551,0.6546449494886231,0,32,0.6551145448183273,1.0,parallel_incremental,synthetic,NB,18,18042
synthetic_dataset_with_parallel_drifts_incremental,2500,KS95,0.6513,0.6521040235957513,0.6513,0.6508494046827423,14,32,0.6513143942103031,1.0,parallel_incremental,synthetic,NB,18,18042
synthetic_dataset_with_parallel_drifts_incremental,2500,KS90,0.6517875,0.6523861690255679,0.6517875,0.6514544539545782,17,32,0.6517998892879823,1.0,parallel_incremental,synthetic,NB,18,18042
synthetic_dataset_with_parallel_drifts_incremental,2500,HD,0.6551,0.655941031857071,0.6551,0.6546449494886231,0,32,0.6551145448183273,1.0,parallel_incremental,synthetic,NB,18,18042
synthetic_dataset_with_parallel_drifts_incremental,2500,JS,0.6551,0.655941031857071,0.6551,0.6546449494886231,0,32,0.6551145448183273,1.0,parallel_incremental,synthetic,NB,18,18042
synthetic_dataset_with_switching_drifts_abrupt,1000,Base,0.6302375,0.6320679498677441,0.6302375,0.6289726749681566,0,80,0.6302608758417402,1.0,switching_abrupt,synthetic,NB,18,18042
synthetic_dataset_with_switching_drifts_abrupt,1000,KS95,0.605225,0.605836149847333,0.605225,0.6046713145938022,75,80,0.6052399868383979,1.0,switching_abrupt,synthetic,NB,18,18042
synthetic_dataset_with_switching_drifts_abrupt,1000,KS90,0.605225,0.605836149847333,0.605225,0.6046713145938022,75,80,0.6052399868383979,1.0,switching_abrupt,synthetic,NB,18,18042
synthetic_dataset_with_switching_drifts_abrupt,1000,HD,0.6308125,0.6330884819886372,0.6308125,0.62925035244394,2,80,0.6308384859341577,1.0,switching_abrupt,synthetic,NB,18,18042
synthetic_dataset_with_switching_drifts_abrupt,1000,JS,0.6308125,0.6330884819886372,0.6308125,0.62925035244394,2,80,0.6308384859341577,1.0,switching_abrupt,synthetic,NB,18,18042
synthetic_dataset_with_switching_drifts_abrupt,1500,Base,0.630125,0.6319405274889379,0.630125,0.6288690140097815,0,53,0.6301482908237266,1.0,switching_abrupt,synthetic,NB,18,18042
synthetic_dataset_with_switching_drifts_abrupt,1500,KS95,0.6042625,0.6050925416825205,0.6042625,0.6034996947487993,49,53,0.6042800616848099,1.0,switching_abrupt,synthetic,NB,18,18042
synthetic_dataset_with_switching_drifts_abrupt,1500,KS90,0.6043375,0.6051606080914964,0.6043375,0.603581791809931,50,53,0.604354981696797,1.0,switching_abrupt,synthetic,NB,18,18042
synthetic_dataset_with_switching_drifts_abrupt,1500,HD,0.624275,0.6257871054440558,0.624275,0.6231629154264123,8,53,0.62429674988748,1.0,switching_abrupt,synthetic,NB,18,18042
synthetic_dataset_with_switching_drifts_abrupt,1500,JS,0.6241875,0.6254221965711114,0.6241875,0.6232788672882383,9,53,0.6242071648731463,1.0,switching_abrupt,synthetic,NB,18,18042
synthetic_dataset_with_switching_drifts_abrupt,2000,Base,0.63095,0.6328615658540593,0.63095,0.6296388749413425,0,40,0.6309738209558113,1.0,switching_abrupt,synthetic,NB,18,18042
synthetic_dataset_with_switching_drifts_abrupt,2000,KS95,0.605925,0.6074124078996997,0.605925,0.6045822178597003,37,40,0.6059483269517324,1.0,switching_abrupt,synthetic,NB,18,18042
synthetic_dataset_with_switching_drifts_abrupt,2000,KS90,0.605925,0.6074124078996997,0.605925,0.6045822178597003,37,40,0.6059483269517324,1.0,switching_abrupt,synthetic,NB,18,18042
synthetic_dataset_with_switching_drifts_abrupt,2000,HD,0.6313375,0.6331484116873498,0.6313375,0.6301001631157745,2,40,0.631360656017705,1.0,switching_abrupt,synthetic,NB,18,18042
synthetic_dataset_with_switching_drifts_abrupt,2000,JS,0.6313375,0.6331484116873498,0.6313375,0.6301001631157745,2,40,0.631360656017705,1.0,switching_abrupt,synthetic,NB,18,18042
synthetic_dataset_with_switching_drifts_abrupt,2500,Base,0.6316625,0.6335495564684586,0.6316625,0.6303775242097027,0,32,0.6316861060697769,1.0,switching_abrupt,synthetic,NB,18,18042
synthetic_dataset_with_switching_drifts_abrupt,2500,KS95,0.609075,0.6111272184556463,0.6090750000000001,0.607291081292544,29,32,0.6091019774563163,1.0,switching_abrupt,synthetic,NB,18,18042
synthetic_dataset_with_switching_drifts_abrupt,2500,KS90,0.609075,0.6111272184556463,0.6090750000000001,0.607291081292544,29,32,0.6091019774563163,1.0,switching_abrupt,synthetic,NB,18,18042
synthetic_dataset_with_switching_drifts_abrupt,2500,HD,0.629275,0.6313860128585346,0.629275,0.6278024858516035,4,32,0.6293001806880288,1.0,switching_abrupt,synthetic,NB,18,18042
synthetic_dataset_with_switching_drifts_abrupt,2500,JS,0.629275,0.6313860128585346,0.629275,0.6278024858516035,4,32,0.6293001806880288,1.0,switching_abrupt,synthetic,NB,18,18042
synthetic_dataset_no_drifts,1000,Base,0.6550125,0.6558582517324343,0.6550125,0.6545545045788936,0,80,0.6550270898043343,1.0,no_drifts,synthetic,NB,18,18042
synthetic_dataset_no_drifts,1000,KS95,0.652625,0.652705432065075,0.652625,0.6525825935468689,5,80,0.6526294444207111,1.0,no_drifts,synthetic,NB,18,18042
synthetic_dataset_no_drifts,1000,KS90,0.6508375,0.6509544446326084,0.6508375,0.6507739856747218,9,80,0.650842919134867,1.0,no_drifts,synthetic,NB,18,18042
synthetic_dataset_no_drifts,1000,HD,0.653125,0.6540039512835176,0.653125,0.652640446702404,7,80,0.6531399645023943,1.0,no_drifts,synthetic,NB,18,18042
synthetic_dataset_no_drifts,1000,JS,0.6508375,0.6512890697767074,0.6508375,0.6505849113477387,7,80,0.6508482791357246,1.0,no_drifts,synthetic,NB,18,18042
synthetic_dataset_no_drifts,1500,Base,0.6545875,0.6554611723599878,0.6545875,0.6541123996346836,0,53,0.654602349736376,1.0,no_drifts,synthetic,NB,18,18042
synthetic_dataset_no_drifts,1500,KS95,0.6527125,0.6531333772754686,0.6527125,0.6524814180921911,4,53,0.6527228394356543,1.0,no_drifts,synthetic,NB,18,18042
synthetic_dataset_no_drifts,1500,KS90,0.651675,0.6523943324371803,0.651675,0.6512736682662403,6,53,0.651688594270175,1.0,no_drifts,synthetic,NB,18,18042
synthetic_dataset_no_drifts,1500,HD,0.6546,0.655129845580473,0.6546,0.65431329072328,3,53,0.6546115447378472,1.0,no_drifts,synthetic,NB,18,18042
synthetic_dataset_no_drifts,1500,JS,0.6546,0.655129845580473,0.6546,0.65431329072328,3,53,0.6546115447378472,1.0,no_drifts,synthetic,NB,18,18042
synthetic_dataset_no_drifts,2000,Base,0.6542125,0.6550356911102257,0.6542125,0.6537634860925987,0,40,0.6542269296763088,1.0,no_drifts,synthetic,NB,18,18042
synthetic_dataset_no_drifts,2000,KS95,0.65475,0.6552968658491521,0.65475,0.6544543813835855,1,40,0.654761724761876,1.0,no_drifts,synthetic,NB,18,18042
synthetic_dataset_no_drifts,2000,KS90,0.6546125,0.6551621290479418,0.6546125,0.654314990041751,2,40,0.6546242597398815,1.0,no_drifts,synthetic,NB,18,18042
synthetic_dataset_no_drifts,2000,HD,0.6542125,0.6550356911102257,0.6542125,0.6537634860925987,0,40,0.6542269296763088,1.0,no_drifts,synthetic,NB,18,18042
synthetic_dataset_no_drifts,2000,JS,0.6542125,0.6550356911102257,0.6542125,0.6537634860925987,0,40,0.6542269296763088,1.0,no_drifts,synthetic,NB,18,18042
synthetic_dataset_no_drifts,2500,Base,0.6546625,0.6555167727995075,0.6546625,0.654198348825406,0,32,0.6546771797483487,1.0,no_drifts,synthetic,NB,18,18042
synthetic_dataset_no_drifts,2500,KS95,0.653375,0.6548605458036607,0.653375,0.6525560687769916,2,32,0.653394444543111,1.0,no_drifts,synthetic,NB,18,18042
synthetic_dataset_no_drifts,2500,KS90,0.6524,0.6530607034883862,0.6524,0.6520341741066225,4,32,0.652412994386079,1.0,no_drifts,synthetic,NB,18,18042
synthetic_dataset_no_drifts,2500,HD,0.6546625,0.6555167727995075,0.6546625,0.654198348825406,0,32,0.6546771797483487,1.0,no_drifts,synthetic,NB,18,18042
synthetic_dataset_no_drifts,2500,JS,0.6546625,0.6555167727995075,0.6546625,0.654198348825406,0,32,0.6546771797483487,1.0,no_drifts,synthetic,NB,18,18042
synthetic_dataset_with_parallel_drifts_abrupt,1000,Base,0.724,0.724189236469552,0.724,0.7239433561383317,0,80,0.7240035952502246,1.0,parallel_abrupt,synthetic,NB,20,20042
synthetic_dataset_with_parallel_drifts_abrupt,1000,KS95,0.7126375,0.7126710229317393,0.7126375,0.7126254095472631,29,80,0.7126358914147433,1.0,parallel_abrupt,synthetic,NB,20,20042
synthetic_dataset_with_parallel_drifts_abrupt,1000,KS90,0.7126375,0.7126710229317393,0.7126375,0.7126254095472631,29,80,0.7126358914147433,1.0,parallel_abrupt,synthetic,NB,20,20042
synthetic_dataset_with_parallel_drifts_abrupt,1000,HD,0.7159,0.7159299867742315,0.7159,0.7158894326685719,12,80,0.7158984884936557,1.0,parallel_abrupt,synthetic,NB,20,20042
synthetic_dataset_with_parallel_drifts_abrupt,1000,JS,0.7193875,0.7193919072657557,0.7193875,0.7193863394438391,9,80,0.7193880230867515,1.0,parallel_abrupt,synthetic,NB,20,20042
synthetic_dataset_with_parallel_drifts_abrupt,1500,Base,0.7258375,0.7260467608639325,0.7258375,0.7257757011705659,0,53,0.7258412672400794,1.0,parallel_abrupt,synthetic,NB,20,20042
synthetic_dataset_with_parallel_drifts_abrupt,1500,KS95,0.7158125,0.7160436607101307,0.7158125,0.7157345254329437,26,53,0.7158083728630232,1.0,parallel_abrupt,synthetic,NB,20,20042
synthetic_dataset_with_parallel_drifts_abrupt,1500,KS90,0.716,0.7162395800786996,0.716,0.7159193472073474,27,53,0.7159958009997375,1.0,parallel_abrupt,synthetic,NB,20,20042
synthetic_dataset_with_parallel_drifts_abrupt,1500,HD,0.723925,0.7241683205752435,0.723925,0.7238482184361714,7,53,0.7239208452450528,1.0,parallel_abrupt,synthetic,NB,20,20042
synthetic_dataset_with_parallel_drifts_abrupt,1500,JS,0.7269625,0.7270151151648352,0.7269625,0.7269458383299859,3,53,0.726960561060035,1.0,parallel_abrupt,synthetic,NB,20,20042
synthetic_dataset_with_parallel_drifts_abrupt,2000,Base,0.7253375,0.7256663959607733,0.7253375,0.7252394873315543,0,40,0.7253422359588897,1.0,parallel_abrupt,synthetic,NB,20,20042
synthetic_dataset_with_parallel_drifts_abrupt,2000,KS95,0.7171,0.7171234203557502,0.7171,0.7170917548046227,24,40,0.7170986635686665,1.0,parallel_abrupt,synthetic,NB,20,20042
synthetic_dataset_with_parallel_drifts_abrupt,2000,KS90,0.7171,0.7171234203557502,0.7171,0.7170917548046227,24,40,0.7170986635686665,1.0,parallel_abrupt,synthetic,NB,20,20042
synthetic_dataset_with_parallel_drifts_abrupt,2000,HD,0.722,0.7224075197927826,0.722,0.7218750045062984,5,40,0.7220053138753321,1.0,parallel_abrupt,synthetic,NB,20,20042
synthetic_dataset_with_parallel_drifts_abrupt,2000,JS,0.721325,0.7220003643531087,0.721325,0.7211160127357696,7,40,0.721331857583241,1.0,parallel_abrupt,synthetic,NB,20,20042
synthetic_dataset_with_parallel_drifts_abrupt,2500,Base,0.7259125,0.7262759135829823,0.7259125,0.7258046016863308,0,32,0.725917473494842,1.0,parallel_abrupt,synthetic,NB,20,20042
synthetic_dataset_with_parallel_drifts_abrupt,2500,KS95,0.7189625,0.7189854360026439,0.7189625,0.7189557220544787,24,32,0.7189637418102338,1.0,parallel_abrupt,synthetic,NB,20,20042
synthetic_dataset_with_parallel_drifts_abrupt,2500,KS90,0.7189625,0.7189854360026439,0.7189625,0.7189557220544787,24,32,0.7189637418102338,1.0,parallel_abrupt,synthetic,NB,20,20042
synthetic_dataset_with_parallel_drifts_abrupt,2500,HD,0.7258875,0.7260819330449774,0.7258875,0.7258301580543215,2,32,0.7258911297431956,1.0,parallel_abrupt,synthetic,NB,20,20042
synthetic_dataset_with_parallel_drifts_abrupt,2500,JS,0.7258875,0.7260819330449774,0.7258875,0.7258301580543215,2,32,0.7258911297431956,1.0,parallel_abrupt,synthetic,NB,20,20042
synthetic_dataset_with_switching_drifts_incremental,1000,Base,0.7341125,0.7350369484851692,0.7341125,0.7338540514590337,0,80,0.734120305257519,1.0,switching_incremental,synthetic,NB,20,20042
synthetic_dataset_with_switching_drifts_incremental,1000,KS95,0.728,0.729103350300782,0.728,0.727675873248663,39,80,0.7280086392505399,1.0,switching_incremental,synthetic,NB,20,20042
synthetic_dataset_with_switching_drifts_incremental,1000,KS90,0.7276875,0.7288126055385131,0.7276875,0.7273561374486157,46,80,0.7276962298560143,1.0,switching_incremental,synthetic,NB,20,20042
synthetic_dataset_with_switching_drifts_incremental,1000,HD,0.7317625,0.7325850266309005,0.7317625,0.731528274026403,9,80,0.7317698988606187,1.0,switching_incremental,synthetic,NB,20,20042
synthetic_dataset_with_switching_drifts_incremental,1000,JS,0.730025,0.7310220477115514,0.730025,0.7297369000199755,11,80,0.7300331768770735,1.0,switching_incremental,synthetic,NB,20,20042
synthetic_dataset_with_switching_drifts_incremental,1500,Base,0.7345,0.7354778172172968,0.7345,0.7342274298123513,0,53,0.7345080209067513,1.0,switching_incremental,synthetic,NB,20,20042
synthetic_dataset_with_switching_drifts_incremental,1500,KS95,0.7305875,0.7313771532166978,0.7305875,0.7303605435385465,28,53,0.7305947675371731,1.0,switching_incremental,synthetic,NB,20,20042
synthetic_dataset_with_switching_drifts_incremental,1500,KS90,0.7314875,0.7323540280445517,0.7314875,0.7312401492015201,33,53,0.7314950988434438,1.0,switching_incremental,synthetic,NB,20,20042
synthetic_dataset_with_switching_drifts_incremental,1500,HD,0.7298375,0.7313074970005274,0.7298375,0.7294118424417775,5,53,0.7298474299904644,1.0,switching_incremental,synthetic,NB,20,20042
synthetic_dataset_with_switching_drifts_incremental,1500,JS,0.7302,0.7319655841413454,0.7302,0.7296902784211089,7,53,0.7302108706381795,1.0,switching_incremental,synthetic,NB,20,20042
synthetic_dataset_with_switching_drifts_incremental,2000,Base,0.7341375,0.7351811316089264,0.7341375,0.7338456849518312,0,40,0.7341457927591121,1.0,switching_incremental,synthetic,NB,20,20042
synthetic_dataset_with_switching_drifts_incremental,2000,KS95,0.730225,0.7315925540959631,0.730225,0.7298302492812843,20,40,0.7302345706396607,1.0,switching_incremental,synthetic,NB,20,20042
synthetic_dataset_with_switching_drifts_incremental,2000,KS90,0.730725,0.7318495308423125,0.730725,0.7304017882315677,24,40,0.7307336706708545,1.0,switching_incremental,synthetic,NB,20,20042
synthetic_dataset_with_switching_drifts_incremental,2000,HD,0.73135,0.7325553312740966,0.73135,0.7310052528500193,1,40,0.7313589644599353,1.0,switching_incremental,synthetic,NB,20,20042
synthetic_dataset_with_switching_drifts_incremental,2000,JS,0.73135,0.7325553312740966,0.73135,0.7310052528500193,1,40,0.7313589644599353,1.0,switching_incremental,synthetic,NB,20,20042
synthetic_dataset_with_switching_drifts_incremental,2500,Base,0.7344625,0.735501275328368,0.7344625,0.7341728013671304,0,32,0.734470767779423,1.0,switching_incremental,synthetic,NB,20,20042
synthetic_dataset_with_switching_drifts_incremental,2500,KS95,0.73175,0.7328471332339245,0.73175,0.7314372613491196,15,32,0.7317585457349092,1.0,switching_incremental,synthetic,NB,20,20042
synthetic_dataset_with_switching_drifts_incremental,2500,KS90,0.7314375,0.732671223970444,0.7314375,0.7310848668258811,17,32,0.7314465675904105,1.0,switching_incremental,synthetic,NB,20,20042
synthetic_dataset_with_switching_drifts_incremental,2500,HD,0.7344625,0.735501275328368,0.7344625,0.7341728013671304,0,32,0.734470767779423,1.0,switching_incremental,synthetic,NB,20,20042
synthetic_dataset_with_switching_drifts_incremental,2500,JS,0.7344625,0.735501275328368,0.7344625,0.7341728013671304,0,32,0.734470767779423,1.0,switching_incremental,synthetic,NB,20,20042
synthetic_dataset_with_parallel_drifts_incremental,1000,Base,0.7347,0.7356274905574105,0.7347,0.7344419153954875,0,80,0.734707808419238,1.0,parallel_incremental,synthetic,NB,20,20042
synthetic_dataset_with_parallel_drifts_incremental,1000,KS95,0.731625,0.7322123693937892,0.731625,0.7314578370656443,24,80,0.7316312519769532,1.0,parallel_incremental,synthetic,NB,20,20042
synthetic_dataset_with_parallel_drifts_incremental,1000,KS90,0.73155,0.732147762652049,0.73155,0.7313797589590713,25,80,0.7315563082222692,1.0,parallel_incremental,synthetic,NB,20,20042
synthetic_dataset_with_parallel_drifts_incremental,1000,HD,0.73165,0.7329566257432816,0.73165,0.7312771378930689,9,80,0.731659326978708,1.0,parallel_incremental,synthetic,NB,20,20042
synthetic_dataset_with_parallel_drifts_incremental,1000,JS,0.7295625,0.730700051843342,0.7295625,0.7292324732587233,8,80,0.7295712424732026,1.0,parallel_incremental,synthetic,NB,20,20042
synthetic_dataset_with_parallel_drifts_incremental,1500,Base,0.7355,0.7364850152870722,0.7355,0.7352276069855299,0,53,0.7355080334692521,1.0,parallel_incremental,synthetic,NB,20,20042
synthetic_dataset_with_parallel_drifts_incremental,1500,KS95,0.73145,0.7320701487861089,0.73145,0.7312732039215433,21,53,0.7314564269660266,1.0,parallel_incremental,synthetic,NB,20,20042
synthetic_dataset_with_parallel_drifts_incremental,1500,KS90,0.731825,0.7323782463171928,0.731825,0.7316678591034869,23,53,0.7318310644894415,1.0,parallel_incremental,synthetic,NB,20,20042
synthetic_dataset_with_parallel_drifts_incremental,1500,HD,0.7355625,0.7361929411558338,0.7355625,0.7353885810782914,4,53,0.7355689240980577,1.0,parallel_incremental,synthetic,NB,20,20042
synthetic_dataset_with_parallel_drifts_incremental,1500,JS,0.7352875,0.7355411350600896,0.7352875,0.7352179077266959,6,53,0.7352915678307229,1.0,parallel_incremental,synthetic,NB,20,20042
synthetic_dataset_with_parallel_drifts_incremental,2000,Base,0.7348875,0.7359710743942043,0.7348875,0.7345863025618494,0,40,0.734895936555996,1.0,parallel_incremental,synthetic,NB,20,20042
synthetic_dataset_with_parallel_drifts_incremental,2000,KS95,0.7326125,0.7332957503187768,0.7326125,0.7324194209562905,19,40,0.7326192301637019,1.0,parallel_incremental,synthetic,NB,20,20042
synthetic_dataset_with_parallel_drifts_incremental,2000,KS90,0.7326125,0.7332957503187768,0.7326125,0.7324194209562905,19,40,0.7326192301637019,1.0,parallel_incremental,synthetic,NB,20,20042
synthetic_dataset_with_parallel_drifts_incremental,2000,HD,0.7325375,0.7338570328588355,0.7325375,0.7321636197547047,1,40,0.7325468551591783,1.0,parallel_incremental,synthetic,NB,20,20042
synthetic_dataset_with_parallel_drifts_incremental,2000,JS,0.7325375,0.7338570328588355,0.7325375,0.7321636197547047,1,40,0.7325468551591783,1.0,parallel_incremental,synthetic,NB,20,20042
synthetic_dataset_with_parallel_drifts_incremental,2500,Base,0.7351125,0.7361842799529078,0.7351125,0.7348151249486788,0,32,0.7351208865700553,1.0,parallel_incremental,synthetic,NB,20,20042
synthetic_dataset_with_parallel_drifts_incremental,2500,KS95,0.731575,0.7327052705215017,0.731575,0.7312523424997025,18,32,0.7315836769739799,1.0,parallel_incremental,synthetic,NB,20,20042
synthetic_dataset_with_parallel_drifts_incremental,2500,KS90,0.7319,0.7328062830520521,0.7319,0.731642114255447,20,32,0.7319077644942352,1.0,parallel_incremental,synthetic,NB,20,20042
synthetic_dataset_with_parallel_drifts_incremental,2500,HD,0.7351125,0.7361842799529078,0.7351125,0.7348151249486788,0,32,0.7351208865700553,1.0,parallel_incremental,synthetic,NB,20,20042
synthetic_dataset_with_parallel_drifts_incremental,2500,JS,0.7351125,0.7361842799529078,0.7351125,0.7348151249486788,0,32,0.7351208865700553,1.0,parallel_incremental,synthetic,NB,20,20042
synthetic_dataset_with_switching_drifts_abrupt,1000,Base,0.697675,0.6976974535051214,0.697675,0.6976656920582476,0,80,0.6976736248546016,1.0,switching_abrupt,synthetic,NB,20,20042
synthetic_dataset_with_switching_drifts_abrupt,1000,KS95,0.6687125,0.6689459041464272,0.6687125,0.6686010681861324,74,80,0.6687170949198183,1.0,switching_abrupt,synthetic,NB,20,20042
synthetic_dataset_with_switching_drifts_abrupt,1000,KS90,0.6687125,0.6689459041464272,0.6687125,0.6686010681861324,74,80,0.6687170949198183,1.0,switching_abrupt,synthetic,NB,20,20042
synthetic_dataset_with_switching_drifts_abrupt,1000,HD,0.694425,0.6949850761509706,0.694425,0.6942090472703054,2,80,0.6944316559019784,1.0,switching_abrupt,synthetic,NB,20,20042
synthetic_dataset_with_switching_drifts_abrupt,1000,JS,0.694425,0.6949850761509706,0.694425,0.6942090472703054,2,80,0.6944316559019784,1.0,switching_abrupt,synthetic,NB,20,20042
synthetic_dataset_with_switching_drifts_abrupt,1500,Base,0.699425,0.699429514571574,0.699425,0.6994229727944311,0,53,0.6994243624640226,1.0,switching_abrupt,synthetic,NB,20,20042
synthetic_dataset_with_switching_drifts_abrupt,1500,KS95,0.669825,0.6701424005694092,0.669825,0.669674436135932,49,53,0.6698303481143968,1.0,switching_abrupt,synthetic,NB,20,20042
synthetic_dataset_with_switching_drifts_abrupt,1500,KS90,0.669825,0.6701424005694092,0.669825,0.669674436135932,49,53,0.6698303481143968,1.0,switching_abrupt,synthetic,NB,20,20042
synthetic_dataset_with_switching_drifts_abrupt,1500,HD,0.6882625,0.6882634181168743,0.6882625,0.6882619472005539,9,53,0.6882621773913861,1.0,switching_abrupt,synthetic,NB,20,20042
synthetic_dataset_with_switching_drifts_abrupt,1500,JS,0.6880125,0.6880251890760103,0.6880125,0.6880066350544345,9,53,0.6880114273757143,1.0,switching_abrupt,synthetic,NB,20,20042
synthetic_dataset_with_switching_drifts_abrupt,2000,Base,0.6987875,0.6987878474690088,0.6987875,0.6987872674542986,0,40,0.6987872905492057,1.0,switching_abrupt,synthetic,NB,20,20042
synthetic_dataset_with_switching_drifts_abrupt,2000,KS95,0.6722875,0.6724977408548403,0.6722875,0.6721903853311288,37,40,0.6722918138932384,1.0,switching_abrupt,synthetic,NB,20,20042
synthetic_dataset_with_switching_drifts_abrupt,2000,KS90,0.6722875,0.6724977408548403,0.6722875,0.6721903853311288,37,40,0.6722918138932384,1.0,switching_abrupt,synthetic,NB,20,20042
synthetic_dataset_with_switching_drifts_abrupt,2000,HD,0.6933375,0.6933548574474078,0.6933375,0.6933299526009482,7,40,0.6933362714585171,1.0,switching_abrupt,synthetic,NB,20,20042
synthetic_dataset_with_switching_drifts_abrupt,2000,JS,0.6933375,0.6933548574474078,0.6933375,0.6933299526009482,7,40,0.6933362714585171,1.0,switching_abrupt,synthetic,NB,20,20042
synthetic_dataset_with_switching_drifts_abrupt,2500,Base,0.69905,0.6990502289443468,0.69905,0.6990499729144989,0,32,0.6990500936906308,1.0,switching_abrupt,synthetic,NB,20,20042
synthetic_dataset_with_switching_drifts_abrupt,2500,KS95,0.673825,0.6740410505507932,0.673825,0.6737265066139368,29,32,0.6738293546143346,1.0,switching_abrupt,synthetic,NB,20,20042
synthetic_dataset_with_switching_drifts_abrupt,2500,KS90,0.673825,0.6740410505507932,0.673825,0.6737265066139368,29,32,0.6738293546143346,1.0,switching_abrupt,synthetic,NB,20,20042
synthetic_dataset_with_switching_drifts_abrupt,2500,HD,0.696075,0.696087997251732,0.696075,0.6960704997580719,4,32,0.6960759747547485,1.0,switching_abrupt,synthetic,NB,20,20042
synthetic_dataset_with_switching_drifts_abrupt,2500,JS,0.696075,0.696087997251732,0.696075,0.6960704997580719,4,32,0.6960759747547485,1.0,switching_abrupt,synthetic,NB,20,20042
synthetic_dataset_no_drifts,1000,Base,0.7352,0.7361609472671973,0.7352,0.7349336437134429,0,80,0.7352079397004962,1.0,no_drifts,synthetic,NB,20,20042
synthetic_dataset_no_drifts,1000,KS95,0.730875,0.7329439079987973,0.730875,0.7302811021186042,3,80,0.7308867456804217,1.0,no_drifts,synthetic,NB,20,20042
synthetic_dataset_no_drifts,1000,KS90,0.7333375,0.7340497931310027,0.7333375,0.7331373384814192,12,80,0.7333443614590226,1.0,no_drifts,synthetic,NB,20,20042
synthetic_dataset_no_drifts,1000,HD,0.7321,0.7330187711804717,0.7321,0.7318389675424766,7,80,0.7321078145067383,1.0,no_drifts,synthetic,NB,20,20042
synthetic_dataset_no_drifts,1000,JS,0.7295,0.7309521462478435,0.7295,0.7290783723718953,8,80,0.7295098768443672,1.0,no_drifts,synthetic,NB,20,20042
synthetic_dataset_no_drifts,1500,Base,0.7353375,0.7363597250352213,0.7353375,0.7350544193358943,0,53,0.7353456865841053,1.0,no_drifts,synthetic,NB,20,20042
synthetic_dataset_no_drifts,1500,KS95,0.732475,0.734227172995497,0.732475,0.7319782842022785,3,53,0.7324857770303611,1.0,no_drifts,synthetic,NB,20,20042
synthetic_dataset_no_drifts,1500,KS90,0.7324,0.7340313762722998,0.7324,0.731937224735724,5,53,0.7324104020256501,1.0,no_drifts,synthetic,NB,20,20042
synthetic_dataset_no_drifts,1500,HD,0.7307875,0.7325038114872681,0.7307875,0.7302943171891397,7,53,0.7307982050498878,1.0,no_drifts,synthetic,NB,20,20042
synthetic_dataset_no_drifts,1500,JS,0.7366625,0.737079976081091,0.7366625,0.7365486620711611,2,53,0.736667711666732,1.0,no_drifts,synthetic,NB,20,20042
synthetic_dataset_no_drifts,2000,Base,0.735475,0.7365604583720987,0.735475,0.7351746932692431,0,40,0.7354834334677145,1.0,no_drifts,synthetic,NB,20,20042
synthetic_dataset_no_drifts,2000,KS95,0.73225,0.7345017051124924,0.73225,0.7316108593359805,5,40,0.7322622145163884,1.0,no_drifts,synthetic,NB,20,20042
synthetic_dataset_no_drifts,2000,KS90,0.73225,0.7345017051124924,0.73225,0.7316108593359805,5,40,0.7322622145163884,1.0,no_drifts,synthetic,NB,20,20042
synthetic_dataset_no_drifts,2000,HD,0.73405,0.7350519825121109,0.73405,0.7337696652172023,2,40,0.7340581271286329,1.0,no_drifts,synthetic,NB,20,20042
synthetic_dataset_no_drifts,2000,JS,0.7386,0.7387726025351303,0.7386,0.7385541041405961,1,40,0.738603327412708,1.0,no_drifts,synthetic,NB,20,20042
synthetic_dataset_no_drifts,2500,Base,0.735575,0.7366512750548297,0.735575,0.735277478194825,0,32,0.7355833959739623,1.0,no_drifts,synthetic,NB,20,20042
synthetic_dataset_no_drifts,2500,KS95,0.733075,0.7346389052337698,0.733075,0.7326337498926364,5,32,0.7330851708178231,1.0,no_drifts,synthetic,NB,20,20042
synthetic_dataset_no_drifts,2500,KS90,0.7333875,0.7347855276673516,0.7333875,0.7329940479228825,8,32,0.7333971114623195,1.0,no_drifts,synthetic,NB,20,20042
synthetic_dataset_no_drifts,2500,HD,0.735575,0.7366512750548297,0.735575,0.735277478194825,0,32,0.7355833959739623,1.0,no_drifts,synthetic,NB,20,20042
synthetic_dataset_no_drifts,2500,JS,0.735575,0.7366512750548297,0.735575,0.735277478194825,0,32,0.7355833959739623,1.0,no_drifts,synthetic,NB,20,20042
synthetic_dataset_with_parallel_drifts_abrupt,1000,Base,0.762375,0.7670394720650158,0.762375,0.7613361794503538,0,80,0.7623849021536602,1.0,parallel_abrupt,synthetic,NB,16,16042
synthetic_dataset_with_parallel_drifts_abrupt,1000,KS95,0.751375,0.7555801403698797,0.751375,0.7503516525588714,32,80,0.7513846094061537,1.0,parallel_abrupt,synthetic,NB,16,16042
synthetic_dataset_with_parallel_drifts_abrupt,1000,KS90,0.751375,0.7555801403698797,0.751375,0.7503516525588714,32,80,0.7513846094061537,1.0,parallel_abrupt,synthetic,NB,16,16042
synthetic_dataset_with_parallel_drifts_abrupt,1000,HD,0.7594375,0.7629355114293016,0.7594375,0.7586377686425614,8,80,0.7594461402125381,1.0,parallel_abrupt,synthetic,NB,16,16042
synthetic_dataset_with_parallel_drifts_abrupt,1000,JS,0.7585125,0.7614162064605141,0.7585125,0.7578428342760046,10,80,0.7585203939417089,1.0,parallel_abrupt,synthetic,NB,16,16042
synthetic_dataset_with_parallel_drifts_abrupt,1500,Base,0.7638125,0.7684970569283226,0.7638125,0.7627811423083606,0,53,0.763822396561004,1.0,parallel_abrupt,synthetic,NB,16,16042
synthetic_dataset_with_parallel_drifts_abrupt,1500,KS95,0.7575,0.7630275598558521,0.7575,0.7562230774178555,28,53,0.7575108620439943,1.0,parallel_abrupt,synthetic,NB,16,16042
synthetic_dataset_with_parallel_drifts_abrupt,1500,KS90,0.7575,0.7630275598558521,0.7575,0.7562230774178555,28,53,0.7575108620439943,1.0,parallel_abrupt,synthetic,NB,16,16042
synthetic_dataset_with_parallel_drifts_abrupt,1500,HD,0.763225,0.7683173229100642,0.763225,0.7620997445771082,2,53,0.7632353221727948,1.0,parallel_abrupt,synthetic,NB,16,16042
synthetic_dataset_with_parallel_drifts_abrupt,1500,JS,0.762475,0.7673410776306017,0.762475,0.7613926841105472,3,53,0.762485108405915,1.0,parallel_abrupt,synthetic,NB,16,16042
synthetic_dataset_with_parallel_drifts_abrupt,2000,Base,0.7628625,0.7672124457920322,0.7628625,0.7618967404816094,0,40,0.7628720590396214,1.0,parallel_abrupt,synthetic,NB,16,16042
synthetic_dataset_with_parallel_drifts_abrupt,2000,KS95,0.7534375,0.7575124375772045,0.7534375,0.7524616475125872,24,40,0.7534469238275557,1.0,parallel_abrupt,synthetic,NB,16,16042
synthetic_dataset_with_parallel_drifts_abrupt,2000,KS90,0.7528625,0.7567689731317462,0.7528625,0.7519223101582273,26,40,0.7528717400646142,1.0,parallel_abrupt,synthetic,NB,16,16042
synthetic_dataset_with_parallel_drifts_abrupt,2000,HD,0.7606375,0.7637912583085695,0.7606375,0.759922781369428,5,40,0.7606456902395281,1.0,parallel_abrupt,synthetic,NB,16,16042
synthetic_dataset_with_parallel_drifts_abrupt,2000,JS,0.76245,0.7666678019854304,0.76245,0.7615101932498712,3,40,0.7624594221553371,1.0,parallel_abrupt,synthetic,NB,16,16042
synthetic_dataset_with_parallel_drifts_abrupt,2500,Base,0.763325,0.767852665612089,0.763325,0.7623239170329905,0,32,0.7633347409250317,1.0,parallel_abrupt,synthetic,NB,16,16042
synthetic_dataset_with_parallel_drifts_abrupt,2500,KS95,0.7558625,0.7604870819356178,0.7558625,0.754777670021196,22,32,0.755872482632131,1.0,parallel_abrupt,synthetic,NB,16,16042
synthetic_dataset_with_parallel_drifts_abrupt,2500,KS90,0.755125,0.7594368199991771,0.755125,0.7541067864594533,24,32,0.7551346582405298,1.0,parallel_abrupt,synthetic,NB,16,16042
synthetic_dataset_with_parallel_drifts_abrupt,2500,HD,0.7590125,0.7620431148007769,0.7590125,0.7583165398166568,7,32,0.7590205552029625,1.0,parallel_abrupt,synthetic,NB,16,16042
synthetic_dataset_with_parallel_drifts_abrupt,2500,JS,0.763275,0.7669267397120031,0.763275,0.7624655764630596,2,32,0.7632837621738847,1.0,parallel_abrupt,synthetic,NB,16,16042
synthetic_dataset_with_switching_drifts_incremental,1000,Base,0.7801875,0.7856696466574976,0.7801875,0.7791309960434979,0,80,0.7801978806794523,1.0,switching_incremental,synthetic,NB,16,16042
synthetic_dataset_with_switching_drifts_incremental,1000,KS95,0.77165,0.7743890026571726,0.77165,0.7710811370097367,42,80,0.7716574836122935,1.0,switching_incremental,synthetic,NB,16,16042
synthetic_dataset_with_switching_drifts_incremental,1000,KS90,0.7728,0.776213028018133,0.7728,0.7720986462491218,44,80,0.7728083273881873,1.0,switching_incremental,synthetic,NB,16,16042
synthetic_dataset_with_switching_drifts_incremental,1000,HD,0.777575,0.7805081829999814,0.777575,0.7769943993206199,4,80,0.7775826599956099,1.0,switching_incremental,synthetic,NB,16,16042
synthetic_dataset_with_switching_drifts_incremental,1000,JS,0.7776625,0.7809291069909158,0.7776625,0.7770167950039457,6,80,0.777670578122588,1.0,switching_incremental,synthetic,NB,16,16042
synthetic_dataset_with_switching_drifts_incremental,1500,Base,0.7803625,0.7860272186387586,0.7803625,0.7792728226113949,0,53,0.7803730456833936,1.0,switching_incremental,synthetic,NB,16,16042
synthetic_dataset_with_switching_drifts_incremental,1500,KS95,0.7728125,0.7757140385047893,0.7728125,0.7722156744430311,26,53,0.7728201842634542,1.0,switching_incremental,synthetic,NB,16,16042
synthetic_dataset_with_switching_drifts_incremental,1500,KS90,0.77095,0.7733972693925741,0.77095,0.7704385787897627,30,53,0.7709570860965345,1.0,switching_incremental,synthetic,NB,16,16042
synthetic_dataset_with_switching_drifts_incremental,1500,HD,0.778425,0.7829569808456589,0.778425,0.7775371424543928,2,53,0.7784344825147759,1.0,switching_incremental,synthetic,NB,16,16042
synthetic_dataset_with_switching_drifts_incremental,1500,JS,0.778425,0.7829569808456589,0.778425,0.7775371424543928,2,53,0.7784344825147759,1.0,switching_incremental,synthetic,NB,16,16042
synthetic_dataset_with_switching_drifts_incremental,2000,Base,0.781,0.7863155362734968,0.781,0.7799818997198412,0,40,0.7810102100727297,1.0,switching_incremental,synthetic,NB,16,16042
synthetic_dataset_with_switching_drifts_incremental,2000,KS95,0.7751,0.7781173222291223,0.7751,0.7744908153586583,16,40,0.7751078024399256,1.0,switching_incremental,synthetic,NB,16,16042
synthetic_dataset_with_switching_drifts_incremental,2000,KS90,0.774525,0.7773013120182893,0.774525,0.7739616035095449,23,40,0.7745324949269812,1.0,switching_incremental,synthetic,NB,16,16042
synthetic_dataset_with_switching_drifts_incremental,2000,HD,0.78005,0.7838335330061247,0.78005,0.7793171992939797,3,40,0.7800586500513196,1.0,switching_incremental,synthetic,NB,16,16042
synthetic_dataset_with_switching_drifts_incremental,2000,JS,0.78005,0.7838335330061247,0.78005,0.7793171992939797,3,40,0.7800586500513196,1.0,switching_incremental,synthetic,NB,16,16042
synthetic_dataset_with_switching_drifts_incremental,2500,Base,0.7811375,0.7869005177139775,0.7811375,0.7800360806743023,0,32,0.7811481207008327,1.0,switching_incremental,synthetic,NB,16,16042
synthetic_dataset_with_switching_drifts_incremental,2500,KS95,0.7793375,0.7835216181902329,0.7793375,0.7785231590281806,9,32,0.7793466019102986,1.0,switching_incremental,synthetic,NB,16,16042
synthetic_dataset_with_switching_drifts_incremental,2500,KS90,0.7779625,0.7819404394993018,0.7779625,0.7771792917141287,18,32,0.7779713993793563,1.0,switching_incremental,synthetic,NB,16,16042
synthetic_dataset_with_switching_drifts_incremental,2500,HD,0.7787875,0.7828387868970942,0.7787875,0.7779952691592287,1,32,0.7787964668979205,1.0,switching_incremental,synthetic,NB,16,16042
synthetic_dataset_with_switching_drifts_incremental,2500,JS,0.7811375,0.7869005177139775,0.7811375,0.7800360806743023,0,32,0.7811481207008327,1.0,switching_incremental,synthetic,NB,16,16042
synthetic_dataset_with_parallel_drifts_incremental,1000,Base,0.7824875,0.7882448362561784,0.7824875,0.7813990842616575,0,80,0.7824980907312071,1.0,parallel_incremental,synthetic,NB,16,16042
synthetic_dataset_with_parallel_drifts_incremental,1000,KS95,0.7762875,0.7809838317074811,0.7762875,0.7753518307132776,24,80,0.7762971868416867,1.0,parallel_incremental,synthetic,NB,16,16042
synthetic_dataset_with_parallel_drifts_incremental,1000,KS90,0.77535,0.7797889565460475,0.77535,0.7744583837491653,27,80,0.7753594374455874,1.0,parallel_incremental,synthetic,NB,16,16042
synthetic_dataset_with_parallel_drifts_incremental,1000,HD,0.7788875,0.7829471104636531,0.7788875,0.7780942963948791,8,80,0.7788964744001707,1.0,parallel_incremental,synthetic,NB,16,16042
synthetic_dataset_with_parallel_drifts_incremental,1000,JS,0.77835,0.7811933791374784,0.77835,0.7777905864501458,10,80,0.7783575325130445,1.0,parallel_incremental,synthetic,NB,16,16042
synthetic_dataset_with_parallel_drifts_incremental,1500,Base,0.78245,0.7883635408493279,0.78245,0.7813321283799141,0,53,0.7824607313553665,1.0,parallel_incremental,synthetic,NB,16,16042
synthetic_dataset_with_parallel_drifts_incremental,1500,KS95,0.77705,0.7811291726971491,0.77705,0.7762411166852448,22,53,0.7770590249838281,1.0,parallel_incremental,synthetic,NB,16,16042
synthetic_dataset_with_parallel_drifts_incremental,1500,KS90,0.777275,0.7813403025568183,0.777275,0.7764703015762622,23,53,0.77728400623889,1.0,parallel_incremental,synthetic,NB,16,16042
synthetic_dataset_with_parallel_drifts_incremental,1500,HD,0.779775,0.7842018646659877,0.779775,0.7789169217117511,2,53,0.779784351295148,1.0,parallel_incremental,synthetic,NB,16,16042
synthetic_dataset_with_parallel_drifts_incremental,1500,JS,0.7803,0.7856939265870464,0.7803,0.7792612240689935,2,53,0.7803102963069817,1.0,parallel_incremental,synthetic,NB,16,16042
synthetic_dataset_with_parallel_drifts_incremental,2000,Base,0.7818875,0.7874557454931997,0.7818875,0.7808292434795312,0,40,0.7818979294677035,1.0,parallel_incremental,synthetic,NB,16,16042
synthetic_dataset_with_parallel_drifts_incremental,2000,KS95,0.7770125,0.7808793397800365,0.7770125,0.7762451257910694,19,40,0.777021290607979,1.0,parallel_incremental,synthetic,NB,16,16042
synthetic_dataset_with_parallel_drifts_incremental,2000,KS90,0.77645,0.7798740185802997,0.77645,0.7757667592569852,22,40,0.7764582862203113,1.0,parallel_incremental,synthetic,NB,16,16042
synthetic_dataset_with_parallel_drifts_incremental,2000,HD,0.7814125,0.786781704645437,0.7814125,0.7803876693375487,3,40,0.7814227532070119,1.0,parallel_incremental,synthetic,NB,16,16042
synthetic_dataset_with_parallel_drifts_incremental,2000,JS,0.7818875,0.7874557454931997,0.7818875,0.7808292434795312,0,40,0.7818979294677035,1.0,parallel_incremental,synthetic,NB,16,16042
synthetic_dataset_with_parallel_drifts_incremental,2500,Base,0.7823,0.7882907493757413,0.7823,0.7811663675709586,0,32,0.782310802601993,1.0,parallel_incremental,synthetic,NB,16,16042
synthetic_dataset_with_parallel_drifts_incremental,2500,KS95,0.780525,0.7845138613991847,0.780525,0.7797557366843877,10,32,0.780533871312012,1.0,parallel_incremental,synthetic,NB,16,16042
synthetic_dataset_with_parallel_drifts_incremental,2500,KS90,0.780325,0.7846850771636474,0.780325,0.7794834847912921,12,32,0.7803342725575212,1.0,parallel_incremental,synthetic,NB,16,16042
synthetic_dataset_with_parallel_drifts_incremental,2500,HD,0.780125,0.7844712544593043,0.780125,0.779284770408014,1,32,0.7801342613030209,1.0,parallel_incremental,synthetic,NB,16,16042
synthetic_dataset_with_parallel_drifts_incremental,2500,JS,0.7823,0.7882907493757413,0.7823,0.7811663675709586,0,32,0.782310802601993,1.0,parallel_incremental,synthetic,NB,16,16042
synthetic_dataset_with_switching_drifts_abrupt,1000,Base,0.74175,0.7485643115124081,0.74175,0.7399726963965666,0,80,0.7417624066896541,1.0,switching_abrupt,synthetic,NB,16,16042
synthetic_dataset_with_switching_drifts_abrupt,1000,KS95,0.7053125,0.7068024574908488,0.7053125,0.7047839656740427,74,80,0.7053188514946742,1.0,switching_abrupt,synthetic,NB,16,16042
synthetic_dataset_with_switching_drifts_abrupt,1000,KS90,0.7053125,0.7068024574908488,0.7053125,0.7047839656740427,74,80,0.7053188514946742,1.0,switching_abrupt,synthetic,NB,16,16042
synthetic_dataset_with_switching_drifts_abrupt,1000,HD,0.7395,0.7476746025936915,0.7395,0.7373380536635309,2,80,0.7395136141390564,1.0,switching_abrupt,synthetic,NB,16,16042
synthetic_dataset_with_switching_drifts_abrupt,1000,JS,0.7395,0.7476746025936915,0.7395,0.7373380536635309,2,80,0.7395136141390564,1.0,switching_abrupt,synthetic,NB,16,16042
synthetic_dataset_with_switching_drifts_abrupt,1500,Base,0.740175,0.7474727836322631,0.740175,0.7382503647791792,0,53,0.7401878679042271,1.0,switching_abrupt,synthetic,NB,16,16042
synthetic_dataset_with_switching_drifts_abrupt,1500,KS95,0.7057625,0.7085483834497558,0.7057625,0.7047809173453781,49,53,0.705771154004851,1.0,switching_abrupt,synthetic,NB,16,16042
synthetic_dataset_with_switching_drifts_abrupt,1500,KS90,0.7057625,0.7085483834497558,0.7057625,0.7047809173453781,49,53,0.705771154004851,1.0,switching_abrupt,synthetic,NB,16,16042
synthetic_dataset_with_switching_drifts_abrupt,1500,HD,0.728875,0.739290307959765,0.728875,0.725898957581678,6,53,0.7288906351500393,1.0,switching_abrupt,synthetic,NB,16,16042
synthetic_dataset_with_switching_drifts_abrupt,1500,JS,0.728875,0.739290307959765,0.728875,0.725898957581678,6,53,0.7288906351500393,1.0,switching_abrupt,synthetic,NB,16,16042
synthetic_dataset_with_switching_drifts_abrupt,2000,Base,0.741725,0.748580987464146,0.741725,0.7399366838274729,0,40,0.7417374441890925,1.0,switching_abrupt,synthetic,NB,16,16042
synthetic_dataset_with_switching_drifts_abrupt,2000,KS95,0.7140875,0.7179439101115249,0.7140875,0.7128218338281597,37,40,0.714097462942193,1.0,switching_abrupt,synthetic,NB,16,16042
synthetic_dataset_with_switching_drifts_abrupt,2000,KS90,0.7140875,0.7179439101115249,0.7140875,0.7128218338281597,38,40,0.714097462942193,1.0,switching_abrupt,synthetic,NB,16,16042
synthetic_dataset_with_switching_drifts_abrupt,2000,HD,0.7375875,0.7465439788051391,0.7375875,0.7351881656844833,2,40,0.7376017834710402,1.0,switching_abrupt,synthetic,NB,16,16042
synthetic_dataset_with_switching_drifts_abrupt,2000,JS,0.7375875,0.7465439788051391,0.7375875,0.7351881656844833,2,40,0.7376017834710402,1.0,switching_abrupt,synthetic,NB,16,16042
synthetic_dataset_with_switching_drifts_abrupt,2500,Base,0.7438625,0.7511064330585022,0.7438625,0.7420067381876551,0,32,0.7438752273621927,1.0,switching_abrupt,synthetic,NB,16,16042
synthetic_dataset_with_switching_drifts_abrupt,2500,KS95,0.720325,0.7253646309816246,0.720325,0.7187577622916967,30,32,0.7203362024575646,1.0,switching_abrupt,synthetic,NB,16,16042
synthetic_dataset_with_switching_drifts_abrupt,2500,KS90,0.720325,0.7253646309816246,0.720325,0.7187577622916967,30,32,0.7203362024575646,1.0,switching_abrupt,synthetic,NB,16,16042
synthetic_dataset_with_switching_drifts_abrupt,2500,HD,0.7388875,0.7469925832951705,0.7388875,0.7367330954797102,4,32,0.7389010747502742,1.0,switching_abrupt,synthetic,NB,16,16042
synthetic_dataset_with_switching_drifts_abrupt,2500,JS,0.7388875,0.7469925832951705,0.7388875,0.7367330954797102,4,32,0.7389010747502742,1.0,switching_abrupt,synthetic,NB,16,16042
synthetic_dataset_no_drifts,1000,Base,0.7826375,0.7883688156401705,0.7826375,0.7815552499392749,0,80,0.7826480644845815,1.0,no_drifts,synthetic,NB,16,16042
synthetic_dataset_no_drifts,1000,KS95,0.777525,0.782375018835369,0.777525,0.7765686281449625,11,80,0.7775348199945334,1.0,no_drifts,synthetic,NB,16,16042
synthetic_dataset_no_drifts,1000,KS90,0.777525,0.782375018835369,0.777525,0.7765686281449625,11,80,0.7775348199945334,1.0,no_drifts,synthetic,NB,16,16042
synthetic_dataset_no_drifts,1000,HD,0.7786125,0.7826612495437602,0.7786125,0.7778196424297396,6,80,0.778621466893983,1.0,no_drifts,synthetic,NB,16,16042
synthetic_dataset_no_drifts,1000,JS,0.778025,0.781148773203494,0.778025,0.7774091506458375,7,80,0.7780328962557402,1.0,no_drifts,synthetic,NB,16,16042
synthetic_dataset_no_drifts,1500,Base,0.7824125,0.788297892624132,0.7824125,0.7812995379669576,0,53,0.7824232069795223,1.0,no_drifts,synthetic,NB,16,16042
synthetic_dataset_no_drifts,1500,KS95,0.7797625,0.7847603420483877,0.7797625,0.7787949224602884,5,53,0.7797724269198796,1.0,no_drifts,synthetic,NB,16,16042
synthetic_dataset_no_drifts,1500,KS90,0.7787,0.7829042907493162,0.7787,0.7778775509572643,9,53,0.7787091337709555,1.0,no_drifts,synthetic,NB,16,16042
synthetic_dataset_no_drifts,1500,HD,0.7821125,0.7878622077876828,0.7821125,0.7810222077906414,1,53,0.7821230907227695,1.0,no_drifts,synthetic,NB,16,16042
synthetic_dataset_no_drifts,1500,JS,0.7821125,0.7878622077876828,0.7821125,0.7810222077906414,1,53,0.7821230907227695,1.0,no_drifts,synthetic,NB,16,16042
synthetic_dataset_no_drifts,2000,Base,0.78245,0.7880723438455708,0.78245,0.7813864437305957,0,40,0.7824604688553607,1.0,no_drifts,synthetic,NB,16,16042
synthetic_dataset_no_drifts,2000,KS95,0.7807625,0.7863656060562465,0.7807625,0.7796879899145281,3,40,0.780772981942392,1.0,no_drifts,synthetic,NB,16,16042
synthetic_dataset_no_drifts,2000,KS90,0.779,0.7828125210255573,0.779,0.7782553442545704,6,40,0.7790086987776959,1.0,no_drifts,synthetic,NB,16,16042
synthetic_dataset_no_drifts,2000,HD,0.78065,0.7847507943206213,0.78065,0.7798601443226854,4,40,0.7806589913148273,1.0,no_drifts,synthetic,NB,16,16042
synthetic_dataset_no_drifts,2000,JS,0.78065,0.7847507943206213,0.78065,0.7798601443226854,4,40,0.7806589913148273,1.0,no_drifts,synthetic,NB,16,16042
synthetic_dataset_no_drifts,2500,Base,0.7825625,0.7885949728161893,0.7825625,0.7814235037435506,0,32,0.7825733344829,1.0,no_drifts,synthetic,NB,16,16042
synthetic_dataset_no_drifts,2500,KS95,0.7815375,0.7871192373115676,0.7815375,0.7804737098470785,1,32,0.7815479482098288,1.0,no_drifts,synthetic,NB,16,16042
synthetic_dataset_no_drifts,2500,KS90,0.7816875,0.7873295446647351,0.7816875,0.7806136709484954,4,32,0.7816980007132049,1.0,no_drifts,synthetic,NB,16,16042
synthetic_dataset_no_drifts,2500,HD,0.780175,0.7844757320952662,0.780175,0.7793438211925822,1,32,0.7801842125541447,1.0,no_drifts,synthetic,NB,16,16042
synthetic_dataset_no_drifts,2500,JS,0.780175,0.7844757320952662,0.780175,0.7793438211925822,1,32,0.7801842125541447,1.0,no_drifts,synthetic,NB,16,16042
synthetic_dataset_with_parallel_drifts_abrupt,1000,Base,0.7084375,0.708533535409905,0.7084375,0.7084041933524173,0,80,0.7084380348960951,1.0,parallel_abrupt,synthetic,NB,29,29042
synthetic_dataset_with_parallel_drifts_abrupt,1000,KS95,0.695125,0.6969129398957932,0.695125,0.6944326595806558,29,80,0.6951273804878185,1.0,parallel_abrupt,synthetic,NB,29,29042
synthetic_dataset_with_parallel_drifts_abrupt,1000,KS90,0.69465,0.6963773882773346,0.69465,0.6939783078663104,32,80,0.6946523429866309,1.0,parallel_abrupt,synthetic,NB,29,29042
synthetic_dataset_with_parallel_drifts_abrupt,1000,HD,0.7033125,0.7051488250318602,0.7033125,0.7026482941937582,15,80,0.7033148636332871,1.0,parallel_abrupt,synthetic,NB,29,29042
synthetic_dataset_with_parallel_drifts_abrupt,1000,JS,0.70645,0.7071166857978127,0.70645,0.7062142945931468,11,80,0.7064514167661287,1.0,parallel_abrupt,synthetic,NB,29,29042
synthetic_dataset_with_parallel_drifts_abrupt,1500,Base,0.70925,0.7093086167586343,0.70925,0.7092298481829914,0,53,0.7092504167731261,1.0,parallel_abrupt,synthetic,NB,29,29042
synthetic_dataset_with_parallel_drifts_abrupt,1500,KS95,0.704825,0.7058044262022366,0.704825,0.7044742701133535,26,53,0.7048267230120668,1.0,parallel_abrupt,synthetic,NB,29,29042
synthetic_dataset_with_parallel_drifts_abrupt,1500,KS90,0.7049,0.705827704553179,0.7049,0.7045679570973525,28,53,0.7049016767622542,1.0,parallel_abrupt,synthetic,NB,29,29042
synthetic_dataset_with_parallel_drifts_abrupt,1500,HD,0.7085125,0.7089500320476236,0.7085125,0.7083603953098248,8,53,0.7085136423962841,1.0,parallel_abrupt,synthetic,NB,29,29042
synthetic_dataset_with_parallel_drifts_abrupt,1500,JS,0.70925,0.7096742989997765,0.70925,0.7091033877263719,6,53,0.7092511230231279,1.0,parallel_abrupt,synthetic,NB,29,29042
synthetic_dataset_with_parallel_drifts_abrupt,2000,Base,0.709375,0.7094079015842027,0.709375,0.7093637378483328,0,40,0.7093753117734383,1.0,parallel_abrupt,synthetic,NB,29,29042
synthetic_dataset_with_parallel_drifts_abrupt,2000,KS95,0.7065625,0.7078191023029263,0.7065625,0.7061192255645153,22,40,0.706564442391411,1.0,parallel_abrupt,synthetic,NB,29,29042
synthetic_dataset_with_parallel_drifts_abrupt,2000,KS90,0.7065625,0.7078191023029263,0.7065625,0.7061192255645153,22,40,0.706564442391411,1.0,parallel_abrupt,synthetic,NB,29,29042
synthetic_dataset_with_parallel_drifts_abrupt,2000,HD,0.70955,0.7097274108500249,0.70955,0.709488920271263,5,40,0.7095507255238769,1.0,parallel_abrupt,synthetic,NB,29,29042
synthetic_dataset_with_parallel_drifts_abrupt,2000,JS,0.70955,0.7097274108500249,0.70955,0.709488920271263,5,40,0.7095507255238769,1.0,parallel_abrupt,synthetic,NB,29,29042
synthetic_dataset_with_parallel_drifts_abrupt,2500,Base,0.7092625,0.7092789270471038,0.7092625,0.7092569033328957,0,32,0.7092627198981568,1.0,parallel_abrupt,synthetic,NB,29,29042
synthetic_dataset_with_parallel_drifts_abrupt,2500,KS95,0.70815,0.7087617922471503,0.70815,0.7079366918508593,22,32,0.7081513517703784,1.0,parallel_abrupt,synthetic,NB,29,29042
synthetic_dataset_with_parallel_drifts_abrupt,2500,KS90,0.70815,0.7087617922471503,0.70815,0.7079366918508593,22,32,0.7081513517703784,1.0,parallel_abrupt,synthetic,NB,29,29042
synthetic_dataset_with_parallel_drifts_abrupt,2500,HD,0.7092875,0.7093603957489611,0.7092875,0.7092624218512504,6,32,0.7092879648982199,1.0,parallel_abrupt,synthetic,NB,29,29042
synthetic_dataset_with_parallel_drifts_abrupt,2500,JS,0.709825,0.7099178782732565,0.709825,0.7097931570707975,5,32,0.7098255242745637,1.0,parallel_abrupt,synthetic,NB,29,29042
synthetic_dataset_with_switching_drifts_incremental,1000,Base,0.7142625,0.7143418582665019,0.7142625,0.7142358201055782,0,80,0.7142620174106551,1.0,switching_incremental,synthetic,NB,29,29042
synthetic_dataset_with_switching_drifts_incremental,1000,KS95,0.7136625,0.7136676121333957,0.7136625,0.7136607284097559,43,80,0.713662376159156,1.0,switching_incremental,synthetic,NB,29,29042
synthetic_dataset_with_switching_drifts_incremental,1000,KS90,0.713675,0.71367688014374,0.713675,0.7136743342927757,47,80,0.7136749242841872,1.0,switching_incremental,synthetic,NB,29,29042
synthetic_dataset_with_switching_drifts_incremental,1000,HD,0.7139625,0.7140313967258628,0.7139625,0.7139392648403782,2,80,0.7139620499099051,1.0,switching_incremental,synthetic,NB,29,29042
synthetic_dataset_with_switching_drifts_incremental,1000,JS,0.7144125,0.7144279619677016,0.7144125,0.7144072502240169,8,80,0.7144122861610307,1.0,switching_incremental,synthetic,NB,29,29042
synthetic_dataset_with_switching_drifts_incremental,1500,Base,0.7136,0.7136984744517816,0.7136,0.7135667450811463,0,53,0.7135994617839987,1.0,switching_incremental,synthetic,NB,29,29042
synthetic_dataset_with_switching_drifts_incremental,1500,KS95,0.7122125,0.7122719921894534,0.7122124999999999,0.7121921319634963,34,53,0.7122120799055303,1.0,switching_incremental,synthetic,NB,29,29042
synthetic_dataset_with_switching_drifts_incremental,1500,KS90,0.7122125,0.7122719921894534,0.7122124999999999,0.7121921319634963,34,53,0.7122120799055303,1.0,switching_incremental,synthetic,NB,29,29042
synthetic_dataset_with_switching_drifts_incremental,1500,HD,0.7156,0.7156074618090152,0.7156,0.7155976083539816,6,53,0.7156001455390004,1.0,switching_incremental,synthetic,NB,29,29042
synthetic_dataset_with_switching_drifts_incremental,1500,JS,0.716425,0.7164328766513532,0.716425,0.7164224903394097,2,53,0.7164251492910629,1.0,switching_incremental,synthetic,NB,29,29042
synthetic_dataset_with_switching_drifts_incremental,2000,Base,0.7142125,0.714301174158258,0.7142125,0.7141826908024556,0,40,0.71421198991053,1.0,switching_incremental,synthetic,NB,29,29042
synthetic_dataset_with_switching_drifts_incremental,2000,KS95,0.713675,0.7137383536729958,0.713675,0.7136535750142899,20,40,0.7136745680341865,1.0,switching_incremental,synthetic,NB,29,29042
synthetic_dataset_with_switching_drifts_incremental,2000,KS90,0.71285,0.7129084308098352,0.71285,0.7128300976816107,25,40,0.7128495842821241,1.0,switching_incremental,synthetic,NB,29,29042
synthetic_dataset_with_switching_drifts_incremental,2000,HD,0.715775,0.7157876846349959,0.715775,0.7157707322967133,2,40,0.715774806789437,1.0,switching_incremental,synthetic,NB,29,29042
synthetic_dataset_with_switching_drifts_incremental,2000,JS,0.715,0.7150320937304605,0.715,0.7149892203545903,3,40,0.7149996930374992,1.0,switching_incremental,synthetic,NB,29,29042
synthetic_dataset_with_switching_drifts_incremental,2500,Base,0.7138375,0.7139175255689495,0.7138375,0.7138105031502957,0,32,0.7138370149095925,1.0,switching_incremental,synthetic,NB,29,29042
synthetic_dataset_with_switching_drifts_incremental,2500,KS95,0.7129875,0.7130863781793364,0.7129875,0.7129539415616764,14,32,0.7129869599074673,1.0,switching_incremental,synthetic,NB,29,29042
synthetic_dataset_with_switching_drifts_incremental,2500,KS90,0.714075,0.7141210593326586,0.714075,0.7140594476876053,22,32,0.7140746317851866,1.0,switching_incremental,synthetic,NB,29,29042
synthetic_dataset_with_switching_drifts_incremental,2500,HD,0.713575,0.713654307846267,0.713575,0.7135481866650083,1,32,0.7135745167839362,1.0,switching_incremental,synthetic,NB,29,29042
synthetic_dataset_with_switching_drifts_incremental,2500,JS,0.713575,0.713654307846267,0.713575,0.7135481866650083,1,32,0.7135745167839362,1.0,switching_incremental,synthetic,NB,29,29042
synthetic_dataset_with_parallel_drifts_incremental,1000,Base,0.714475,0.7145385924844697,0.714475,0.7144536348762949,0,80,0.7144745680361865,1.0,parallel_incremental,synthetic,NB,29,29042
synthetic_dataset_with_parallel_drifts_incremental,1000,KS95,0.7148375,0.7148425704623363,0.7148375,0.7148358746983484,23,80,0.7148376199120939,1.0,parallel_incremental,synthetic,NB,29,29042
synthetic_dataset_with_parallel_drifts_incremental,1000,KS90,0.714675,0.7146825572662535,0.714675,0.7146725590240963,25,80,0.7146751467866879,1.0,parallel_incremental,synthetic,NB,29,29042
synthetic_dataset_with_parallel_drifts_incremental,1000,HD,0.7130625,0.7131541996201844,0.7130625,0.713031386981256,8,80,0.713061979907655,1.0,parallel_incremental,synthetic,NB,29,29042
synthetic_dataset_with_parallel_drifts_incremental,1000,JS,0.7132375,0.7133144366574059,0.7132375,0.7132114127566063,6,80,0.7132370236580926,1.0,parallel_incremental,synthetic,NB,29,29042
synthetic_dataset_with_parallel_drifts_incremental,1500,Base,0.71415,0.7142258499941264,0.71415,0.7141244707671285,0,53,0.7141495280353738,1.0,parallel_incremental,synthetic,NB,29,29042
synthetic_dataset_with_parallel_drifts_incremental,1500,KS95,0.712825,0.7128918194798339,0.712825,0.7128022512356673,23,53,0.7128245555320614,1.0,parallel_incremental,synthetic,NB,29,29042
synthetic_dataset_with_parallel_drifts_incremental,1500,KS90,0.712825,0.7128918194798339,0.712825,0.7128022512356673,23,53,0.7128245555320614,1.0,parallel_incremental,synthetic,NB,29,29042
synthetic_dataset_with_parallel_drifts_incremental,1500,HD,0.715675,0.7156785672715623,0.715675,0.7156737759754771,3,53,0.7156748967891873,1.0,parallel_incremental,synthetic,NB,29,29042
synthetic_dataset_with_parallel_drifts_incremental,1500,JS,0.7156,0.7156001319400646,0.7156,0.7155999653387464,2,53,0.715600018039,1.0,parallel_incremental,synthetic,NB,29,29042
synthetic_dataset_with_parallel_drifts_incremental,2000,Base,0.7142375,0.714311975815606,0.7142375,0.7142124490571923,0,40,0.7142370324105927,1.0,parallel_incremental,synthetic,NB,29,29042
synthetic_dataset_with_parallel_drifts_incremental,2000,KS95,0.7141,0.7141414731087293,0.7141,0.7140859903873045,20,40,0.7140996505352492,1.0,parallel_incremental,synthetic,NB,29,29042
synthetic_dataset_with_parallel_drifts_incremental,2000,KS90,0.7141375,0.7141764851057074,0.7141375,0.7141243298373938,20,40,0.7141371611603429,1.0,parallel_incremental,synthetic,NB,29,29042
synthetic_dataset_with_parallel_drifts_incremental,2000,HD,0.71605,0.7160559937693067,0.71605,0.716047968322939,1,40,0.7160498667901245,1.0,parallel_incremental,synthetic,NB,29,29042
synthetic_dataset_with_parallel_drifts_incremental,2000,JS,0.71675,0.7167511791872196,0.71675,0.7167496416883165,1,40,0.7167500567918752,1.0,parallel_incremental,synthetic,NB,29,29042
synthetic_dataset_with_parallel_drifts_incremental,2500,Base,0.7143875,0.71445462341041,0.7143875,0.7143649385244192,0,32,0.7143870561609676,1.0,parallel_incremental,synthetic,NB,29,29042
synthetic_dataset_with_parallel_drifts_incremental,2500,KS95,0.7146375,0.7146585034798046,0.7146375,0.7146304015632269,14,32,0.714637251161593,1.0,parallel_incremental,synthetic,NB,29,29042
synthetic_dataset_with_parallel_drifts_incremental,2500,KS90,0.7138625,0.7139332974648698,0.7138625,0.713838607435422,16,32,0.713862043659655,1.0,parallel_incremental,synthetic,NB,29,29042
synthetic_dataset_with_parallel_drifts_incremental,2500,HD,0.7139625,0.7140321671326401,0.7139625,0.713939006291579,1,32,0.7139620474099051,1.0,parallel_incremental,synthetic,NB,29,29042
synthetic_dataset_with_parallel_drifts_incremental,2500,JS,0.7139625,0.7140321671326401,0.7139625,0.713939006291579,1,32,0.7139620474099051,1.0,parallel_incremental,synthetic,NB,29,29042
synthetic_dataset_with_switching_drifts_abrupt,1000,Base,0.6951375,0.6952146977678404,0.6951375,0.6951070870596272,0,80,0.6951370011128426,1.0,switching_abrupt,synthetic,NB,29,29042
synthetic_dataset_with_switching_drifts_abrupt,1000,KS95,0.6835375,0.68354135288409,0.6835375,0.6835357710667076,74,80,0.6835373835838434,1.0,switching_abrupt,synthetic,NB,29,29042
synthetic_dataset_with_switching_drifts_abrupt,1000,KS90,0.6835375,0.68354135288409,0.6835375,0.6835357710667076,74,80,0.6835373835838434,1.0,switching_abrupt,synthetic,NB,29,29042
synthetic_dataset_with_switching_drifts_abrupt,1000,HD,0.6965,0.6965005936841162,0.6965,0.6964997936198679,2,80,0.6965000417412501,1.0,switching_abrupt,synthetic,NB,29,29042
synthetic_dataset_with_switching_drifts_abrupt,1000,JS,0.6965,0.6965005936841162,0.6965,0.6964997936198679,2,80,0.6965000417412501,1.0,switching_abrupt,synthetic,NB,29,29042
synthetic_dataset_with_switching_drifts_abrupt,1500,Base,0.69295,0.6930276766827309,0.69295,0.6929188297100687,0,53,0.6929494967323738,1.0,switching_abrupt,synthetic,NB,29,29042
synthetic_dataset_with_switching_drifts_abrupt,1500,KS95,0.67905,0.679051078950766,0.67905,0.6790494784553686,49,53,0.6790499366976248,1.0,switching_abrupt,synthetic,NB,29,29042
synthetic_dataset_with_switching_drifts_abrupt,1500,KS90,0.67905,0.679051078950766,0.67905,0.6790494784553686,49,53,0.6790499366976248,1.0,switching_abrupt,synthetic,NB,29,29042
synthetic_dataset_with_switching_drifts_abrupt,1500,HD,0.6886125,0.6887183558304729,0.6886125,0.6885684909546486,9,53,0.6886119060965297,1.0,switching_abrupt,synthetic,NB,29,29042
synthetic_dataset_with_switching_drifts_abrupt,1500,JS,0.691075,0.6910899339183781,0.691075,0.6910690870636125,8,53,0.691075219227688,1.0,switching_abrupt,synthetic,NB,29,29042
synthetic_dataset_with_switching_drifts_abrupt,2000,Base,0.6956625,0.6957645890277988,0.6956625,0.6956225083415497,0,40,0.6956619273641548,1.0,switching_abrupt,synthetic,NB,29,29042
synthetic_dataset_with_switching_drifts_abrupt,2000,KS95,0.6849625,0.6849628791759053,0.6849625000000001,0.6849623170320136,37,40,0.6849624623374062,1.0,switching_abrupt,synthetic,NB,29,29042
synthetic_dataset_with_switching_drifts_abrupt,2000,KS90,0.6849625,0.6849628791759053,0.6849625000000001,0.6849623170320136,37,40,0.6849624623374062,1.0,switching_abrupt,synthetic,NB,29,29042
synthetic_dataset_with_switching_drifts_abrupt,2000,HD,0.696575,0.6966258947390532,0.696575,0.6965555797545009,2,40,0.6965754004914385,1.0,switching_abrupt,synthetic,NB,29,29042
synthetic_dataset_with_switching_drifts_abrupt,2000,JS,0.695175,0.6952737604080222,0.695175,0.6951367581668515,5,40,0.6951755604879389,1.0,switching_abrupt,synthetic,NB,29,29042
synthetic_dataset_with_switching_drifts_abrupt,2500,Base,0.694975,0.6950782942824871,0.694975,0.6949343036405544,0,32,0.6949744229874361,1.0,switching_abrupt,synthetic,NB,29,29042
synthetic_dataset_with_switching_drifts_abrupt,2500,KS95,0.6854,0.6854016598609595,0.6854,0.6853993387487822,29,32,0.6854000729635003,1.0,switching_abrupt,synthetic,NB,29,29042
synthetic_dataset_with_switching_drifts_abrupt,2500,KS90,0.6854,0.6854016598609595,0.6854,0.6853993387487822,29,32,0.6854000729635003,1.0,switching_abrupt,synthetic,NB,29,29042
synthetic_dataset_with_switching_drifts_abrupt,2500,HD,0.6958875,0.6961252022792885,0.6958875,0.6957957959635085,4,32,0.6958883686147209,1.0,switching_abrupt,synthetic,NB,29,29042
synthetic_dataset_with_switching_drifts_abrupt,2500,JS,0.6958875,0.6961252022792885,0.6958875,0.6957957959635085,4,32,0.6958883686147209,1.0,switching_abrupt,synthetic,NB,29,29042
synthetic_dataset_no_drifts,1000,Base,0.714025,0.7140964372196442,0.714025,0.714000924586757,0,80,0.7140245417850614,1.0,no_drifts,synthetic,NB,29,29042
synthetic_dataset_no_drifts,1000,KS95,0.7166125,0.7166169994828472,0.7166125,0.7166110814172217,5,80,0.7166126124165316,1.0,no_drifts,synthetic,NB,29,29042
synthetic_dataset_no_drifts,1000,KS90,0.716925,0.7169451295198626,0.716925,0.7169185457443759,11,80,0.716925239292313,1.0,no_drifts,synthetic,NB,29,29042
synthetic_dataset_no_drifts,1000,HD,0.712775,0.7129688029430555,0.712775,0.7127092778881716,3,80,0.7127742442819357,1.0,no_drifts,synthetic,NB,29,29042
synthetic_dataset_no_drifts,1000,JS,0.715725,0.7157262600735005,0.715725,0.7157245559972626,6,80,0.7157249380393124,1.0,no_drifts,synthetic,NB,29,29042
synthetic_dataset_no_drifts,1500,Base,0.7139625,0.7140364810142245,0.7139625,0.7139375586957368,0,53,0.7139620336599051,1.0,no_drifts,synthetic,NB,29,29042
synthetic_dataset_no_drifts,1500,KS95,0.71365,0.7137550294136241,0.71365,0.7136145554856994,3,53,0.7136494442841236,1.0,no_drifts,synthetic,NB,29,29042
synthetic_dataset_no_drifts,1500,KS90,0.715575,0.7155750288035059,0.715575,0.7155749857787491,6,53,0.7155749892889375,1.0,no_drifts,synthetic,NB,29,29042
synthetic_dataset_no_drifts,1500,HD,0.7151875,0.7152035717558552,0.7151875,0.7151820796912735,2,53,0.7151872824129681,1.0,no_drifts,synthetic,NB,29,29042
synthetic_dataset_no_drifts,1500,JS,0.7151875,0.7152035717558552,0.7151875,0.7151820796912735,2,53,0.7151872824129681,1.0,no_drifts,synthetic,NB,29,29042
synthetic_dataset_no_drifts,2000,Base,0.7141625,0.7142333974168138,0.7141625,0.7141386324855094,0,40,0.7141620436604051,1.0,no_drifts,synthetic,NB,29,29042
synthetic_dataset_no_drifts,2000,KS95,0.715875,0.7158806525353446,0.715875,0.7158730794793446,1,40,0.7158748705396871,1.0,no_drifts,synthetic,NB,29,29042
synthetic_dataset_no_drifts,2000,KS90,0.715875,0.7158806525353446,0.715875,0.7158730794793446,1,40,0.7158748705396871,1.0,no_drifts,synthetic,NB,29,29042
synthetic_dataset_no_drifts,2000,HD,0.7159875,0.7159947461223309,0.7159875,0.7159850494387643,1,40,0.7159873536649684,1.0,no_drifts,synthetic,NB,29,29042
synthetic_dataset_no_drifts,2000,JS,0.7159875,0.7159947461223309,0.7159875,0.7159850494387643,1,40,0.7159873536649684,1.0,no_drifts,synthetic,NB,29,29042
synthetic_dataset_no_drifts,2500,Base,0.7141,0.7141664654834714,0.7141,0.714077606012061,0,32,0.7140995580352488,1.0,no_drifts,synthetic,NB,29,29042
synthetic_dataset_no_drifts,2500,KS95,0.713475,0.7136013004807542,0.713475,0.7134323474236239,2,32,0.713474390533686,1.0,no_drifts,synthetic,NB,29,29042
synthetic_dataset_no_drifts,2500,KS90,0.7132625,0.7134017156183415,0.7132625,0.7132154215478131,3,32,0.7132618599081547,1.0,no_drifts,synthetic,NB,29,29042
synthetic_dataset_no_drifts,2500,HD,0.7164125,0.7164127653348022,0.7164125,0.7164124256911952,2,32,0.7164125261660313,1.0,no_drifts,synthetic,NB,29,29042
synthetic_dataset_no_drifts,2500,JS,0.7164125,0.7164127653348022,0.7164125,0.7164124256911952,2,32,0.7164125261660313,1.0,no_drifts,synthetic,NB,29,29042
synthetic_dataset_with_parallel_drifts_abrupt,1000,Base,0.79745,0.7976422163698786,0.79745,0.7974153820863088,0,80,0.7974428987264769,1.0,parallel_abrupt,synthetic,NB,11,11042
synthetic_dataset_with_parallel_drifts_abrupt,1000,KS95,0.7959125,0.7959253227756624,0.7959125,0.7959097777813203,30,80,0.7959105751379489,1.0,parallel_abrupt,synthetic,NB,11,11042
synthetic_dataset_with_parallel_drifts_abrupt,1000,KS90,0.7962,0.7962219532552085,0.7962,0.7961955611272366,31,80,0.7961975183497493,1.0,parallel_abrupt,synthetic,NB,11,11042
synthetic_dataset_with_parallel_drifts_abrupt,1000,HD,0.7964375,0.7964416274470688,0.7964375,0.7964364962715056,16,80,0.7964363590469986,1.0,parallel_abrupt,synthetic,NB,11,11042
synthetic_dataset_with_parallel_drifts_abrupt,1000,JS,0.7966875,0.7967333854197026,0.7966875,0.7966786921830082,13,80,0.7966839666219,1.0,parallel_abrupt,synthetic,NB,11,11042
synthetic_dataset_with_parallel_drifts_abrupt,1500,Base,0.797875,0.7980893119820803,0.797875,0.797836654371102,0,53,0.7978675138549229,1.0,parallel_abrupt,synthetic,NB,11,11042
synthetic_dataset_with_parallel_drifts_abrupt,1500,KS95,0.7955,0.7955002076905318,0.7955,0.7954998845851791,26,53,0.7954996493886439,1.0,parallel_abrupt,synthetic,NB,11,11042
synthetic_dataset_with_parallel_drifts_abrupt,1500,KS90,0.7956125,0.7956130979332582,0.7956125,0.7956122737362304,27,53,0.7956119912976273,1.0,parallel_abrupt,synthetic,NB,11,11042
synthetic_dataset_with_parallel_drifts_abrupt,1500,HD,0.79785,0.797970536401636,0.79785,0.7978280429853915,2,53,0.7978443563479177,1.0,parallel_abrupt,synthetic,NB,11,11042
synthetic_dataset_with_parallel_drifts_abrupt,1500,JS,0.79795,0.7979832414708534,0.79795,0.7979435651130056,3,53,0.7979469826289622,1.0,parallel_abrupt,synthetic,NB,11,11042
synthetic_dataset_with_parallel_drifts_abrupt,2000,Base,0.7979,0.7981024993431282,0.7979,0.7978637194231405,0,40,0.7978927201125479,1.0,parallel_abrupt,synthetic,NB,11,11042
synthetic_dataset_with_parallel_drifts_abrupt,2000,KS95,0.796575,0.7966126060702742,0.796575,0.7965676917962505,24,40,0.7965717897129665,1.0,parallel_abrupt,synthetic,NB,11,11042
synthetic_dataset_with_parallel_drifts_abrupt,2000,KS90,0.796575,0.7966126060702742,0.796575,0.7965676917962505,24,40,0.7965717897129665,1.0,parallel_abrupt,synthetic,NB,11,11042
synthetic_dataset_with_parallel_drifts_abrupt,2000,HD,0.7980125,0.7980945219359314,0.7980125,0.7979973571446338,5,40,0.7980078257723673,1.0,parallel_abrupt,synthetic,NB,11,11042
synthetic_dataset_with_parallel_drifts_abrupt,2000,JS,0.7981125,0.7982715010218728,0.7981125,0.7980838616319866,1,40,0.7981060383020765,1.0,parallel_abrupt,synthetic,NB,11,11042
synthetic_dataset_with_parallel_drifts_abrupt,2500,Base,0.798425,0.7986619056948805,0.7984249999999999,0.798382916755446,0,32,0.7984171427711857,1.0,parallel_abrupt,synthetic,NB,11,11042
synthetic_dataset_with_parallel_drifts_abrupt,2500,KS95,0.797375,0.7974120489508769,0.797375,0.7973678416145613,22,32,0.7973718174549749,1.0,parallel_abrupt,synthetic,NB,11,11042
synthetic_dataset_with_parallel_drifts_abrupt,2500,KS90,0.7973125,0.797364598398717,0.7973125,0.797302618558199,23,32,0.7973087468108959,1.0,parallel_abrupt,synthetic,NB,11,11042
synthetic_dataset_with_parallel_drifts_abrupt,2500,HD,0.7985,0.7988110637233947,0.7985,0.7984451414262005,2,32,0.7984910152935321,1.0,parallel_abrupt,synthetic,NB,11,11042
synthetic_dataset_with_parallel_drifts_abrupt,2500,JS,0.798725,0.7988382153606458,0.798725,0.7987044809499885,4,32,0.7987195353626595,1.0,parallel_abrupt,synthetic,NB,11,11042
synthetic_dataset_with_switching_drifts_incremental,1000,Base,0.799475,0.7997178631203109,0.799475,0.7994322617992083,0,80,0.7994670605887859,1.0,switching_incremental,synthetic,NB,11,11042
synthetic_dataset_with_switching_drifts_incremental,1000,KS95,0.798375,0.7986177935782057,0.798375,0.7983318799775488,41,80,0.7983670465060316,1.0,switching_incremental,synthetic,NB,11,11042
synthetic_dataset_with_switching_drifts_incremental,1000,KS90,0.7981,0.7983616566007822,0.7981,0.7980535105133433,44,80,0.7980917439227526,1.0,switching_incremental,synthetic,NB,11,11042
synthetic_dataset_with_switching_drifts_incremental,1000,HD,0.7992125,0.7993363392969751,0.7992125,0.7991902173550985,7,80,0.7992067948850554,1.0,switching_incremental,synthetic,NB,11,11042
synthetic_dataset_with_switching_drifts_incremental,1000,JS,0.79935,0.7994244154458551,0.79935,0.7993363574420499,7,80,0.7993455530520298,1.0,switching_incremental,synthetic,NB,11,11042
synthetic_dataset_with_switching_drifts_incremental,1500,Base,0.799725,0.7999672185538051,0.799725,0.7996824612216172,0,53,0.799717074414415,1.0,switching_incremental,synthetic,NB,11,11042
synthetic_dataset_with_switching_drifts_incremental,1500,KS95,0.798225,0.798384408298652,0.798225,0.7981963174501392,34,53,0.7982185314611058,1.0,switching_incremental,synthetic,NB,11,11042
synthetic_dataset_with_switching_drifts_incremental,1500,KS90,0.798425,0.7985670708859006,0.798425,0.7983993864793423,37,53,0.798418889021714,1.0,switching_incremental,synthetic,NB,11,11042
synthetic_dataset_with_switching_drifts_incremental,1500,HD,0.8001375,0.8003025184102891,0.8001375,0.800108309211885,2,53,0.8001309426646102,1.0,switching_incremental,synthetic,NB,11,11042
synthetic_dataset_with_switching_drifts_incremental,1500,JS,0.8001375,0.8003025184102891,0.8001375,0.800108309211885,2,53,0.8001309426646102,1.0,switching_incremental,synthetic,NB,11,11042
synthetic_dataset_with_switching_drifts_incremental,2000,Base,0.7999375,0.8001553658844329,0.7999375,0.799899200253322,0,40,0.7999299801038189,1.0,switching_incremental,synthetic,NB,11,11042
synthetic_dataset_with_switching_drifts_incremental,2000,KS95,0.7993125,0.7994444309372101,0.7993125,0.7992888323391025,20,40,0.7993066161652513,1.0,switching_incremental,synthetic,NB,11,11042
synthetic_dataset_with_switching_drifts_incremental,2000,KS90,0.7993125,0.7994126600432637,0.7993125,0.7992943536971505,24,40,0.799307358665476,1.0,switching_incremental,synthetic,NB,11,11042
synthetic_dataset_with_switching_drifts_incremental,2000,HD,0.7996625,0.800033020094174,0.7996625,0.7995980343944009,2,40,0.7996527250199493,1.0,switching_incremental,synthetic,NB,11,11042
synthetic_dataset_with_switching_drifts_incremental,2000,JS,0.800125,0.8003047670567718,0.800125,0.8000932777020803,1,40,0.8001181607857436,1.0,switching_incremental,synthetic,NB,11,11042
synthetic_dataset_with_switching_drifts_incremental,2500,Base,0.8002875,0.8005080663982369,0.8002875,0.8002488514404527,0,32,0.8002799389596815,1.0,switching_incremental,synthetic,NB,11,11042
synthetic_dataset_with_switching_drifts_incremental,2500,KS95,0.800225,0.8004903648993732,0.800225,0.8001786960135924,11,32,0.800216717065557,1.0,switching_incremental,synthetic,NB,11,11042
synthetic_dataset_with_switching_drifts_incremental,2500,KS90,0.8001375,0.8003686667084925,0.8001375,0.8000969931742322,14,32,0.8001297601642525,1.0,switching_incremental,synthetic,NB,11,11042
synthetic_dataset_with_switching_drifts_incremental,2500,HD,0.8002375,0.8003667212552322,0.8002375,0.8002144809164488,1,32,0.8002316851950848,1.0,switching_incremental,synthetic,NB,11,11042
synthetic_dataset_with_switching_drifts_incremental,2500,JS,0.800625,0.8008224159640956,0.800625,0.8005904011816123,1,32,0.800617844686898,1.0,switching_incremental,synthetic,NB,11,11042
synthetic_dataset_with_parallel_drifts_incremental,1000,Base,0.799725,0.7999793100796279,0.799725,0.7996803924568733,0,80,0.7997168819143567,1.0,parallel_incremental,synthetic,NB,11,11042
synthetic_dataset_with_parallel_drifts_incremental,1000,KS95,0.79935,0.7995465485786004,0.79935,0.799315179922711,21,80,0.7993428443012104,1.0,parallel_incremental,synthetic,NB,11,11042
synthetic_dataset_with_parallel_drifts_incremental,1000,KS90,0.7989875,0.7992346664482558,0.7989875,0.7989438466731149,26,80,0.7989794848162941,1.0,parallel_incremental,synthetic,NB,11,11042
synthetic_dataset_with_parallel_drifts_incremental,1000,HD,0.800875,0.8010324189085353,0.800875,0.8008472848528038,5,80,0.8008686010127517,1.0,parallel_incremental,synthetic,NB,11,11042
synthetic_dataset_with_parallel_drifts_incremental,1000,JS,0.799925,0.8002327610016593,0.799925,0.7998713520226985,9,80,0.7999160844746156,1.0,parallel_incremental,synthetic,NB,11,11042
synthetic_dataset_with_parallel_drifts_incremental,1500,Base,0.7997625,0.8000199123104761,0.7997625,0.7997173760392963,0,53,0.799754333800686,1.0,parallel_incremental,synthetic,NB,11,11042
synthetic_dataset_with_parallel_drifts_incremental,1500,KS95,0.7996125,0.7996378023742622,0.7996125,0.7996075801953652,14,53,0.799609861256983,1.0,parallel_incremental,synthetic,NB,11,11042
synthetic_dataset_with_parallel_drifts_incremental,1500,KS90,0.7989,0.798982032048872,0.7989,0.7988849672059909,16,53,0.7988953329158383,1.0,parallel_incremental,synthetic,NB,11,11042
synthetic_dataset_with_parallel_drifts_incremental,1500,HD,0.8006,0.8007912782852754,0.8006,0.8005664400731354,6,53,0.8005929546793689,1.0,parallel_incremental,synthetic,NB,11,11042
synthetic_dataset_with_parallel_drifts_incremental,1500,JS,0.800175,0.8003239003795508,0.800175,0.8001485845930029,8,53,0.8001687658010516,1.0,parallel_incremental,synthetic,NB,11,11042
synthetic_dataset_with_parallel_drifts_incremental,2000,Base,0.8000875,0.800313651067401,0.8000875,0.8000478327695657,0,40,0.8000798426491524,1.0,parallel_incremental,synthetic,NB,11,11042
synthetic_dataset_with_parallel_drifts_incremental,2000,KS95,0.7997375,0.7998276562414028,0.7997375,0.799721157006237,12,40,0.7997326200441175,1.0,parallel_incremental,synthetic,NB,11,11042
synthetic_dataset_with_parallel_drifts_incremental,2000,KS90,0.7996125,0.7997814642452172,0.7996125,0.7995825011457469,17,40,0.7996058600057726,1.0,parallel_incremental,synthetic,NB,11,11042
synthetic_dataset_with_parallel_drifts_incremental,2000,HD,0.8002625,0.8005808162280329,0.8002625,0.8002072106710264,1,40,0.8002534402016656,1.0,parallel_incremental,synthetic,NB,11,11042
synthetic_dataset_with_parallel_drifts_incremental,2000,JS,0.8002625,0.8005808162280329,0.8002625,0.8002072106710264,1,40,0.8002534402016656,1.0,parallel_incremental,synthetic,NB,11,11042
synthetic_dataset_with_parallel_drifts_incremental,2500,Base,0.8001375,0.8003779316312233,0.8001375,0.8000954123392765,0,32,0.8001296089142067,1.0,parallel_incremental,synthetic,NB,11,11042
synthetic_dataset_with_parallel_drifts_incremental,2500,KS95,0.8005,0.8005890988728795,0.8005,0.8004839438636969,11,32,0.8004951546497843,1.0,parallel_incremental,synthetic,NB,11,11042
synthetic_dataset_with_parallel_drifts_incremental,2500,KS90,0.8003875,0.8005034330906061,0.8003875,0.8003667960148543,13,32,0.8003819877405512,1.0,parallel_incremental,synthetic,NB,11,11042
synthetic_dataset_with_parallel_drifts_incremental,2500,HD,0.80035,0.8005126819347944,0.80035,0.8003212611682898,1,32,0.800343490853906,1.0,parallel_incremental,synthetic,NB,11,11042
synthetic_dataset_with_parallel_drifts_incremental,2500,JS,0.8001375,0.8003779316312233,0.8001375,0.8000954123392765,0,32,0.8001296089142067,1.0,parallel_incremental,synthetic,NB,11,11042
synthetic_dataset_with_switching_drifts_abrupt,1000,Base,0.7810125,0.7810204129259611,0.7810125,0.7810104960713026,0,80,0.7810109143808017,1.0,switching_abrupt,synthetic,NB,11,11042
synthetic_dataset_with_switching_drifts_abrupt,1000,KS95,0.77545,0.7754503989525808,0.77545,0.77545000561375,74,80,0.7754502070736876,1.0,switching_abrupt,synthetic,NB,11,11042
synthetic_dataset_with_switching_drifts_abrupt,1000,KS90,0.77545,0.7754503989525808,0.77545,0.77545000561375,74,80,0.7754502070736876,1.0,switching_abrupt,synthetic,NB,11,11042
synthetic_dataset_with_switching_drifts_abrupt,1000,HD,0.7807,0.7807002761400172,0.7807,0.7807000131580003,2,80,0.7807001536617965,1.0,switching_abrupt,synthetic,NB,11,11042
synthetic_dataset_with_switching_drifts_abrupt,1000,JS,0.778075,0.7780783552899799,0.778075,0.7780740146473243,16,80,0.7780739153673595,1.0,switching_abrupt,synthetic,NB,11,11042
synthetic_dataset_with_switching_drifts_abrupt,1500,Base,0.780275,0.78029492722114,0.780275,0.7802703671255999,0,53,0.7802725547824478,1.0,switching_abrupt,synthetic,NB,11,11042
synthetic_dataset_with_switching_drifts_abrupt,1500,KS95,0.7727625,0.7727794923981095,0.7727625,0.772758241869222,49,53,0.7727601968849596,1.0,switching_abrupt,synthetic,NB,11,11042
synthetic_dataset_with_switching_drifts_abrupt,1500,KS90,0.7727625,0.7727794923981095,0.7727625,0.772758241869222,49,53,0.7727601968849596,1.0,switching_abrupt,synthetic,NB,11,11042
synthetic_dataset_with_switching_drifts_abrupt,1500,HD,0.7776875,0.7777248253755686,0.7776875,0.7776810039615031,8,53,0.7776905608763947,1.0,switching_abrupt,synthetic,NB,11,11042
synthetic_dataset_with_switching_drifts_abrupt,1500,JS,0.7776875,0.7777248253755686,0.7776875,0.7776810039615031,8,53,0.7776905608763947,1.0,switching_abrupt,synthetic,NB,11,11042
synthetic_dataset_with_switching_drifts_abrupt,2000,Base,0.7821125,0.7821382873571007,0.7821125,0.7821067092982527,0,40,0.7821097459631982,1.0,switching_abrupt,synthetic,NB,11,11042
synthetic_dataset_with_switching_drifts_abrupt,2000,KS95,0.7747125,0.774740233037673,0.7747125,0.7747059169919086,37,40,0.774709606224656,1.0,switching_abrupt,synthetic,NB,11,11042
synthetic_dataset_with_switching_drifts_abrupt,2000,KS90,0.7747125,0.774740233037673,0.7747125,0.7747059169919086,37,40,0.774709606224656,1.0,switching_abrupt,synthetic,NB,11,11042
synthetic_dataset_with_switching_drifts_abrupt,2000,HD,0.7801625,0.780162831654877,0.7801625,0.7801623234083985,10,40,0.7801620691240259,1.0,switching_abrupt,synthetic,NB,11,11042
synthetic_dataset_with_switching_drifts_abrupt,2000,JS,0.7801625,0.780162831654877,0.7801625,0.7801623234083985,10,40,0.7801620691240259,1.0,switching_abrupt,synthetic,NB,11,11042
synthetic_dataset_with_switching_drifts_abrupt,2500,Base,0.7820625,0.7820933669321823,0.7820625,0.7820556511788224,0,32,0.7820594984479983,1.0,switching_abrupt,synthetic,NB,11,11042
synthetic_dataset_with_switching_drifts_abrupt,2500,KS95,0.7740875,0.7741146153063065,0.7740875,0.7740810204470766,29,32,0.7740846335356016,1.0,switching_abrupt,synthetic,NB,11,11042
synthetic_dataset_with_switching_drifts_abrupt,2500,KS90,0.77435,0.7743687684109298,0.77435,0.7743453966339384,30,32,0.7743475942401472,1.0,switching_abrupt,synthetic,NB,11,11042
synthetic_dataset_with_switching_drifts_abrupt,2500,HD,0.781175,0.7813048551057683,0.781175,0.7811479300177351,4,32,0.7811689663036123,1.0,switching_abrupt,synthetic,NB,11,11042
synthetic_dataset_with_switching_drifts_abrupt,2500,JS,0.781175,0.7813048551057683,0.781175,0.7811479300177351,4,32,0.7811689663036123,1.0,switching_abrupt,synthetic,NB,11,11042
synthetic_dataset_no_drifts,1000,Base,0.7998625,0.8001261971692445,0.7998625,0.7998163403521172,0,80,0.7998542375809068,1.0,no_drifts,synthetic,NB,11,11042
synthetic_dataset_no_drifts,1000,KS95,0.80085,0.801065719344004,0.80085,0.8008123558592177,3,80,0.8008425285048648,1.0,no_drifts,synthetic,NB,11,11042
synthetic_dataset_no_drifts,1000,KS90,0.79995,0.8003374462733018,0.79995,0.799882813969821,5,80,0.7999400119818536,1.0,no_drifts,synthetic,NB,11,11042
synthetic_dataset_no_drifts,1000,HD,0.7996875,0.7999573049131034,0.7996875,0.7996402285560281,4,80,0.7996791412779402,1.0,no_drifts,synthetic,NB,11,11042
synthetic_dataset_no_drifts,1000,JS,0.7993875,0.7996725365996626,0.7993875,0.7993375005773657,5,80,0.7993789074371196,1.0,no_drifts,synthetic,NB,11,11042
synthetic_dataset_no_drifts,1500,Base,0.799875,0.8001409394558037,0.799875,0.7998284623473738,0,53,0.7998667032096778,1.0,no_drifts,synthetic,NB,11,11042
synthetic_dataset_no_drifts,1500,KS95,0.8002625,0.8003364468329776,0.8002625,0.8002490428088275,3,53,0.8002580739530675,1.0,no_drifts,synthetic,NB,11,11042
synthetic_dataset_no_drifts,1500,KS90,0.8003625,0.8004332086761057,0.8003625,0.8003496173441844,4,53,0.8003581702333464,1.0,no_drifts,synthetic,NB,11,11042
synthetic_dataset_no_drifts,1500,HD,0.800025,0.8002174171816555,0.800025,0.7999910832398393,9,53,0.800017927005423,1.0,no_drifts,synthetic,NB,11,11042
synthetic_dataset_no_drifts,1500,JS,0.800025,0.8002174171816555,0.800025,0.7999910832398393,9,53,0.800017927005423,1.0,no_drifts,synthetic,NB,11,11042
synthetic_dataset_no_drifts,2000,Base,0.8001375,0.8003661715769378,0.8001375,0.8000974190580795,0,40,0.8001298014142649,1.0,no_drifts,synthetic,NB,11,11042
synthetic_dataset_no_drifts,2000,KS95,0.8003,0.8004704394843033,0.8003,0.8002699204423945,4,40,0.8002933395887353,1.0,no_drifts,synthetic,NB,11,11042
synthetic_dataset_no_drifts,2000,KS90,0.79975,0.8000527864744635,0.79975,0.7996971221886399,6,40,0.7997411531716989,1.0,no_drifts,synthetic,NB,11,11042
synthetic_dataset_no_drifts,2000,HD,0.801,0.8012510550944315,0.801,0.8009564161847078,3,40,0.800991951050065,1.0,no_drifts,synthetic,NB,11,11042
synthetic_dataset_no_drifts,2000,JS,0.801,0.8012510550944315,0.801,0.8009564161847078,3,40,0.800991951050065,1.0,no_drifts,synthetic,NB,11,11042
synthetic_dataset_no_drifts,2500,Base,0.800025,0.8002657638793648,0.800025,0.7999828160325239,0,32,0.8000171020051734,1.0,no_drifts,synthetic,NB,11,11042
synthetic_dataset_no_drifts,2500,KS95,0.800775,0.8009566478065695,0.800775,0.8007431292596416,2,32,0.8007681334823604,1.0,no_drifts,synthetic,NB,11,11042
synthetic_dataset_no_drifts,2500,KS90,0.8004,0.8005537407749296,0.8004,0.8003728046084301,2,32,0.8003936696190852,1.0,no_drifts,synthetic,NB,11,11042
synthetic_dataset_no_drifts,2500,HD,0.8000875,0.8002935024179633,0.8000875,0.8000512763594512,1,32,0.8000801863992563,1.0,no_drifts,synthetic,NB,11,11042
synthetic_dataset_no_drifts,2500,JS,0.8000875,0.8002935024179633,0.8000875,0.8000512763594512,1,32,0.8000801863992563,1.0,no_drifts,synthetic,NB,11,11042
synthetic_dataset_with_parallel_drifts_abrupt,1000,Base,0.60225,0.6027909410917868,0.60225,0.6017530987334485,0,80,0.6022730044603444,1.0,parallel_abrupt,synthetic,NB,10,10042
synthetic_dataset_with_parallel_drifts_abrupt,1000,KS95,0.5916125,0.5938637119223972,0.5916125,0.5892141366869031,30,80,0.5916622068522824,1.0,parallel_abrupt,synthetic,NB,10,10042
synthetic_dataset_with_parallel_drifts_abrupt,1000,KS90,0.5916125,0.5938637119223972,0.5916125,0.5892141366869031,30,80,0.5916622068522824,1.0,parallel_abrupt,synthetic,NB,10,10042
synthetic_dataset_with_parallel_drifts_abrupt,1000,HD,0.5956,0.5970840263968293,0.5956,0.5940983956225775,11,80,0.5956395766577212,1.0,parallel_abrupt,synthetic,NB,10,10042
synthetic_dataset_with_parallel_drifts_abrupt,1000,JS,0.593175,0.5953201676369191,0.593175,0.5909351111415677,14,80,0.5932231393867764,1.0,parallel_abrupt,synthetic,NB,10,10042
synthetic_dataset_with_parallel_drifts_abrupt,1500,Base,0.6041375,0.6045444539242114,0.6041375,0.6037746782708091,0,53,0.6041572146314231,1.0,parallel_abrupt,synthetic,NB,10,10042
synthetic_dataset_with_parallel_drifts_abrupt,1500,KS95,0.59035,0.592638233660571,0.59035,0.5878716268697706,26,53,0.5904004456941884,1.0,parallel_abrupt,synthetic,NB,10,10042
synthetic_dataset_with_parallel_drifts_abrupt,1500,KS90,0.5921,0.5941084390420186,0.5921,0.5899730865614731,27,53,0.5921468551820462,1.0,parallel_abrupt,synthetic,NB,10,10042
synthetic_dataset_with_parallel_drifts_abrupt,1500,HD,0.6008875,0.6017531539604979,0.6008875,0.6000718520045036,2,53,0.6009168982623895,1.0,parallel_abrupt,synthetic,NB,10,10042
synthetic_dataset_with_parallel_drifts_abrupt,1500,JS,0.6018,0.6022346151681711,0.6018,0.6014007644082049,6,53,0.6018206155192102,1.0,parallel_abrupt,synthetic,NB,10,10042
synthetic_dataset_with_parallel_drifts_abrupt,2000,Base,0.6049,0.6054158648173354,0.6049,0.6044414402500053,0,40,0.6049221768296198,1.0,parallel_abrupt,synthetic,NB,10,10042
synthetic_dataset_with_parallel_drifts_abrupt,2000,KS95,0.5929625,0.5950098998021129,0.5929625,0.5908185532578043,23,40,0.5930095911715523,1.0,parallel_abrupt,synthetic,NB,10,10042
synthetic_dataset_with_parallel_drifts_abrupt,2000,KS90,0.5929625,0.5950098998021129,0.5929625,0.5908185532578043,23,40,0.5930095911715523,1.0,parallel_abrupt,synthetic,NB,10,10042
synthetic_dataset_with_parallel_drifts_abrupt,2000,HD,0.600775,0.6017554662348538,0.600775,0.5998483134998671,7,40,0.6008063238406718,1.0,parallel_abrupt,synthetic,NB,10,10042
synthetic_dataset_with_parallel_drifts_abrupt,2000,JS,0.603,0.6036506728905442,0.603,0.602405352388378,6,40,0.6030251822781395,1.0,parallel_abrupt,synthetic,NB,10,10042
synthetic_dataset_with_parallel_drifts_abrupt,2500,Base,0.604425,0.6048386223175817,0.604425,0.604057326920398,0,32,0.6044448528779502,1.0,parallel_abrupt,synthetic,NB,10,10042
synthetic_dataset_with_parallel_drifts_abrupt,2500,KS95,0.598125,0.5993246302150714,0.598125,0.5969508802641214,22,32,0.5981601252226529,1.0,parallel_abrupt,synthetic,NB,10,10042
synthetic_dataset_with_parallel_drifts_abrupt,2500,KS90,0.598125,0.5993246302150714,0.598125,0.5969508802641214,22,32,0.5981601252226529,1.0,parallel_abrupt,synthetic,NB,10,10042
synthetic_dataset_with_parallel_drifts_abrupt,2500,HD,0.5992375,0.6004110133466611,0.5992375,0.5981049273796547,6,32,0.5992720488174406,1.0,parallel_abrupt,synthetic,NB,10,10042
synthetic_dataset_with_parallel_drifts_abrupt,2500,JS,0.60355,0.6038931948137193,0.60355,0.6032434180257719,2,32,0.6035681137575281,1.0,parallel_abrupt,synthetic,NB,10,10042
synthetic_dataset_with_switching_drifts_incremental,1000,Base,0.62415,0.624158363605967,0.62415,0.6241408301793753,0,80,0.6241468349520378,1.0,switching_incremental,synthetic,NB,10,10042
synthetic_dataset_with_switching_drifts_incremental,1000,KS95,0.61625,0.6162930596749875,0.61625,0.616220489436622,41,80,0.6162557528680556,1.0,switching_incremental,synthetic,NB,10,10042
synthetic_dataset_with_switching_drifts_incremental,1000,KS90,0.615875,0.6159412388063834,0.615875,0.615827707041211,47,80,0.6158822639602566,1.0,switching_incremental,synthetic,NB,10,10042
synthetic_dataset_with_switching_drifts_incremental,1000,HD,0.6244375,0.6244381616717956,0.6244375,0.624437467783779,3,80,0.6244378369499861,1.0,switching_incremental,synthetic,NB,10,10042
synthetic_dataset_with_switching_drifts_incremental,1000,JS,0.6189125,0.6193625133186884,0.6189125,0.6185724015456806,10,80,0.6189319608737534,1.0,switching_incremental,synthetic,NB,10,10042
synthetic_dataset_with_switching_drifts_incremental,1500,Base,0.6244875,0.62450162082104,0.6244875,0.6244732784497041,0,53,0.6244835469692985,1.0,switching_incremental,synthetic,NB,10,10042
synthetic_dataset_with_switching_drifts_incremental,1500,KS95,0.616925,0.6170190074653421,0.616925,0.6168570118512529,27,53,0.6169337106544928,1.0,switching_incremental,synthetic,NB,10,10042
synthetic_dataset_with_switching_drifts_incremental,1500,KS90,0.6178875,0.6179058751450626,0.6178875,0.6178763460265458,33,53,0.6178910679339763,1.0,switching_incremental,synthetic,NB,10,10042
synthetic_dataset_with_switching_drifts_incremental,1500,HD,0.623075,0.6230981682308276,0.623075,0.623052690492707,2,53,0.6230700469970949,1.0,switching_incremental,synthetic,NB,10,10042
synthetic_dataset_with_switching_drifts_incremental,1500,JS,0.623075,0.6230981682308276,0.623075,0.623052690492707,2,53,0.6230700469970949,1.0,switching_incremental,synthetic,NB,10,10042
synthetic_dataset_with_switching_drifts_incremental,2000,Base,0.6247,0.624700100656509,0.6247,0.6247000311968195,0,40,0.6246999551857312,1.0,switching_incremental,synthetic,NB,10,10042
synthetic_dataset_with_switching_drifts_incremental,2000,KS95,0.621125,0.6212928541081916,0.621125,0.6210052977759986,13,40,0.6211366049302155,1.0,switching_incremental,synthetic,NB,10,10042
synthetic_dataset_with_switching_drifts_incremental,2000,KS90,0.6214375,0.6215405573511464,0.6214375,0.621366085237547,17,40,0.6214464806861381,1.0,switching_incremental,synthetic,NB,10,10042
synthetic_dataset_with_switching_drifts_incremental,2000,HD,0.620275,0.6203502431342498,0.620275,0.6202232747916293,4,40,0.6202826395694152,1.0,switching_incremental,synthetic,NB,10,10042
synthetic_dataset_with_switching_drifts_incremental,2000,JS,0.6186,0.6189048016479908,0.6186,0.6183714386098547,4,40,0.6186159588652426,1.0,switching_incremental,synthetic,NB,10,10042
synthetic_dataset_with_switching_drifts_incremental,2500,Base,0.6238,0.6238002748560062,0.6238,0.6238000376200024,0,32,0.6238001010555427,1.0,switching_incremental,synthetic,NB,10,10042
synthetic_dataset_with_switching_drifts_incremental,2500,KS95,0.6214375,0.6214584993947656,0.6214375,0.6214249689149989,17,32,0.621441296933948,1.0,switching_incremental,synthetic,NB,10,10042
synthetic_dataset_with_switching_drifts_incremental,2500,KS90,0.6203,0.6203631306199205,0.6203,0.6202571709917706,23,32,0.6203069570796894,1.0,switching_incremental,synthetic,NB,10,10042
synthetic_dataset_with_switching_drifts_incremental,2500,HD,0.6206,0.620720961815634,0.6206,0.6205146566949642,3,32,0.6206098009576408,1.0,switching_incremental,synthetic,NB,10,10042
synthetic_dataset_with_switching_drifts_incremental,2500,JS,0.6227125,0.6227176813024491,0.6227125,0.622710252004692,1,32,0.6227141524717295,1.0,switching_incremental,synthetic,NB,10,10042
synthetic_dataset_with_parallel_drifts_incremental,1000,Base,0.6240125,0.6240218528554581,0.6240125,0.6240024215250455,0,80,0.6240091805188788,1.0,parallel_incremental,synthetic,NB,10,10042
synthetic_dataset_with_parallel_drifts_incremental,1000,KS95,0.6164,0.616491324492238,0.6164,0.6163336965411156,22,80,0.6164085966826321,1.0,parallel_incremental,synthetic,NB,10,10042
synthetic_dataset_with_parallel_drifts_incremental,1000,KS90,0.6150875,0.6153747371695777,0.6150875,0.6148640853243686,26,80,0.6151032055061043,1.0,parallel_incremental,synthetic,NB,10,10042
synthetic_dataset_with_parallel_drifts_incremental,1000,HD,0.6190375,0.6193239982812448,0.6190375,0.6188241178214179,3,80,0.6190529309248634,1.0,parallel_incremental,synthetic,NB,10,10042
synthetic_dataset_with_parallel_drifts_incremental,1000,JS,0.6190375,0.6193239982812448,0.6190375,0.6188241178214179,3,80,0.6190529309248634,1.0,parallel_incremental,synthetic,NB,10,10042
synthetic_dataset_with_parallel_drifts_incremental,1500,Base,0.6243625,0.6243766028315103,0.6243625,0.6243482737156572,0,53,0.6243585469164861,1.0,parallel_incremental,synthetic,NB,10,10042
synthetic_dataset_with_parallel_drifts_incremental,1500,KS95,0.616525,0.6166622593975473,0.616525,0.6164231290342628,16,53,0.6165356442363097,1.0,parallel_incremental,synthetic,NB,10,10042
synthetic_dataset_with_parallel_drifts_incremental,1500,KS90,0.616725,0.6169005331839655,0.616725,0.6165934662765193,18,53,0.6167370905714208,1.0,parallel_incremental,synthetic,NB,10,10042
synthetic_dataset_with_parallel_drifts_incremental,1500,HD,0.62145,0.6214740691185235,0.62145,0.6214353704259945,3,53,0.6214540975643561,1.0,parallel_incremental,synthetic,NB,10,10042
synthetic_dataset_with_parallel_drifts_incremental,1500,JS,0.6216875,0.6216905849765108,0.6216875,0.6216863978670881,3,53,0.6216886807884677,1.0,parallel_incremental,synthetic,NB,10,10042
synthetic_dataset_with_parallel_drifts_incremental,2000,Base,0.6243625,0.624362576550128,0.6243625,0.6243625264707121,0,40,0.6243624306681269,1.0,parallel_incremental,synthetic,NB,10,10042
synthetic_dataset_with_parallel_drifts_incremental,2000,KS95,0.61915,0.6191662919407768,0.61915,0.619140423315201,12,40,0.6191533165922762,1.0,parallel_incremental,synthetic,NB,10,10042
synthetic_dataset_with_parallel_drifts_incremental,2000,KS90,0.6194625,0.6194684116596635,0.6194625,0.6194597403144275,15,40,0.6194643135986725,1.0,parallel_incremental,synthetic,NB,10,10042
synthetic_dataset_with_parallel_drifts_incremental,2000,HD,0.6229625,0.6229629847368712,0.6229625,0.6229625086600801,1,40,0.6229627388267572,1.0,parallel_incremental,synthetic,NB,10,10042
synthetic_dataset_with_parallel_drifts_incremental,2000,JS,0.6229625,0.6229629847368712,0.6229625,0.6229625086600801,1,40,0.6229627388267572,1.0,parallel_incremental,synthetic,NB,10,10042
synthetic_dataset_with_parallel_drifts_incremental,2500,Base,0.6238625,0.6238625612806594,0.6238625000000001,0.6238625227445709,0,32,0.62386241420687,1.0,parallel_incremental,synthetic,NB,10,10042
synthetic_dataset_with_parallel_drifts_incremental,2500,KS95,0.6241125,0.6241546023651384,0.6241125,0.6240746644460654,11,32,0.6241060280597969,1.0,parallel_incremental,synthetic,NB,10,10042
synthetic_dataset_with_parallel_drifts_incremental,2500,KS90,0.622425,0.6224298172330377,0.622425,0.622422954715035,15,32,0.6224265792252297,1.0,parallel_incremental,synthetic,NB,10,10042
synthetic_dataset_with_parallel_drifts_incremental,2500,HD,0.621025,0.6210417784890618,0.621025,0.6210152790719216,2,32,0.6210283498844777,1.0,parallel_incremental,synthetic,NB,10,10042
synthetic_dataset_with_parallel_drifts_incremental,2500,JS,0.621025,0.6210417784890618,0.621025,0.6210152790719216,2,32,0.6210283498844777,1.0,parallel_incremental,synthetic,NB,10,10042
synthetic_dataset_with_switching_drifts_abrupt,1000,Base,0.5942625,0.5944940272326096,0.5942625,0.5940337970282477,0,80,0.5942779692074419,1.0,switching_abrupt,synthetic,NB,10,10042
synthetic_dataset_with_switching_drifts_abrupt,1000,KS95,0.5877375,0.5877637188297901,0.5877375,0.5877138082790916,73,80,0.5877424689461932,1.0,switching_abrupt,synthetic,NB,10,10042
synthetic_dataset_with_switching_drifts_abrupt,1000,KS90,0.58785,0.5878735000232235,0.58785,0.5878291195154864,74,80,0.5878546683685975,1.0,switching_abrupt,synthetic,NB,10,10042
synthetic_dataset_with_switching_drifts_abrupt,1000,HD,0.5955625,0.595562388324963,0.5955625,0.5955624031244994,12,80,0.595562158500012,1.0,switching_abrupt,synthetic,NB,10,10042
synthetic_dataset_with_switching_drifts_abrupt,1000,JS,0.5955625,0.595562388324963,0.5955625,0.5955624031244994,12,80,0.595562158500012,1.0,switching_abrupt,synthetic,NB,10,10042
synthetic_dataset_with_switching_drifts_abrupt,1500,Base,0.5979375,0.5980816245167297,0.5979375,0.5978045037259911,0,53,0.597949363258606,1.0,switching_abrupt,synthetic,NB,10,10042
synthetic_dataset_with_switching_drifts_abrupt,1500,KS95,0.588225,0.588325790440427,0.588225,0.5881218976527862,49,53,0.5882353235294243,1.0,switching_abrupt,synthetic,NB,10,10042
synthetic_dataset_with_switching_drifts_abrupt,1500,KS90,0.588225,0.588325790440427,0.588225,0.5881218976527862,49,53,0.5882353235294243,1.0,switching_abrupt,synthetic,NB,10,10042
synthetic_dataset_with_switching_drifts_abrupt,1500,HD,0.5942,0.5946289383788519,0.5942,0.5937669984864078,5,53,0.5942212623084834,1.0,switching_abrupt,synthetic,NB,10,10042
synthetic_dataset_with_switching_drifts_abrupt,1500,JS,0.5940125,0.5945486563915663,0.5940125,0.5934668637856889,6,53,0.5940363541053597,1.0,switching_abrupt,synthetic,NB,10,10042
synthetic_dataset_with_switching_drifts_abrupt,2000,Base,0.5960375,0.5962507323706076,0.5960375,0.5958322531303117,0,40,0.5960521899570502,1.0,switching_abrupt,synthetic,NB,10,10042
synthetic_dataset_with_switching_drifts_abrupt,2000,KS95,0.5904125,0.5904607682139551,0.5904125,0.5903672739662968,37,40,0.5904193713271844,1.0,switching_abrupt,synthetic,NB,10,10042
synthetic_dataset_with_switching_drifts_abrupt,2000,KS90,0.5904125,0.5904607682139551,0.5904125,0.5903672739662968,37,40,0.5904193713271844,1.0,switching_abrupt,synthetic,NB,10,10042
synthetic_dataset_with_switching_drifts_abrupt,2000,HD,0.5945875,0.5947845272215413,0.5945875,0.5943950068018058,2,40,0.5946017018442191,1.0,switching_abrupt,synthetic,NB,10,10042
synthetic_dataset_with_switching_drifts_abrupt,2000,JS,0.5945875,0.5947845272215413,0.5945875,0.5943950068018058,2,40,0.5946017018442191,1.0,switching_abrupt,synthetic,NB,10,10042
synthetic_dataset_with_switching_drifts_abrupt,2500,Base,0.5952625,0.5954294744328689,0.5952625,0.5951019996536839,0,32,0.5952754833788918,1.0,switching_abrupt,synthetic,NB,10,10042
synthetic_dataset_with_switching_drifts_abrupt,2500,KS95,0.5926375,0.5926780001569778,0.5926375,0.5926012577042727,29,32,0.592643673516952,1.0,switching_abrupt,synthetic,NB,10,10042
synthetic_dataset_with_switching_drifts_abrupt,2500,KS90,0.5926375,0.5926780001569778,0.5926375,0.5926012577042727,29,32,0.592643673516952,1.0,switching_abrupt,synthetic,NB,10,10042
synthetic_dataset_with_switching_drifts_abrupt,2500,HD,0.5948625,0.5949938460827369,0.5948625,0.5947371882557095,2,32,0.5948739719592532,1.0,switching_abrupt,synthetic,NB,10,10042
synthetic_dataset_with_switching_drifts_abrupt,2500,JS,0.5929375,0.593184875044581,0.5929375,0.5926882950609322,7,32,0.592953618647904,1.0,switching_abrupt,synthetic,NB,10,10042
synthetic_dataset_no_drifts,1000,Base,0.624625,0.6246364179763375,0.624625,0.6246131621302847,0,80,0.6246213964025401,1.0,no_drifts,synthetic,NB,10,10042
synthetic_dataset_no_drifts,1000,KS95,0.6193125,0.6193189731216058,0.6193125,0.6193046154761201,6,80,0.6193095847832996,1.0,no_drifts,synthetic,NB,10,10042
synthetic_dataset_no_drifts,1000,KS90,0.619125,0.6191294345616749,0.619125,0.6191231120432383,9,80,0.6191265128309517,1.0,no_drifts,synthetic,NB,10,10042
synthetic_dataset_no_drifts,1000,HD,0.62125,0.62125,0.62125,0.62125,5,80,0.6212498399780574,1.0,no_drifts,synthetic,NB,10,10042
synthetic_dataset_no_drifts,1000,JS,0.6265625,0.6265635349195985,0.6265625,0.6265605424153373,1,80,0.6265610503470439,1.0,no_drifts,synthetic,NB,10,10042
synthetic_dataset_no_drifts,1500,Base,0.6248125,0.6248299047414877,0.6248125,0.624795507555414,0,53,0.6248081733564532,1.0,no_drifts,synthetic,NB,10,10042
synthetic_dataset_no_drifts,1500,KS95,0.6245875,0.6246048658506291,0.6245875,0.6245704973650423,4,53,0.6245831732613907,1.0,no_drifts,synthetic,NB,10,10042
synthetic_dataset_no_drifts,1500,KS90,0.621125,0.6211402984612152,0.621125,0.621109154714814,7,53,0.6211208424235559,1.0,no_drifts,synthetic,NB,10,10042
synthetic_dataset_no_drifts,1500,HD,0.6230375,0.6230717849941219,0.6230375,0.6230161219924419,5,53,0.6230424513604357,1.0,no_drifts,synthetic,NB,10,10042
synthetic_dataset_no_drifts,1500,JS,0.6230375,0.6230717849941219,0.6230375,0.6230161219924419,5,53,0.6230424513604357,1.0,no_drifts,synthetic,NB,10,10042
synthetic_dataset_no_drifts,2000,Base,0.6244125,0.6244125465332214,0.6244125,0.6244125184859531,0,40,0.6244123981892382,1.0,no_drifts,synthetic,NB,10,10042
synthetic_dataset_no_drifts,2000,KS95,0.6257375,0.6257892613139313,0.6257375,0.6256925562830588,2,40,0.6257304274961055,1.0,no_drifts,synthetic,NB,10,10042
synthetic_dataset_no_drifts,2000,KS90,0.6229375,0.6229385808842152,0.6229375,0.6229353904965396,5,40,0.6229360000654601,1.0,no_drifts,synthetic,NB,10,10042
synthetic_dataset_no_drifts,2000,HD,0.6219125,0.6220775253441203,0.6219125,0.6217958874460545,1,40,0.6219239671378761,1.0,no_drifts,synthetic,NB,10,10042
synthetic_dataset_no_drifts,2000,JS,0.6205875,0.6207264882401072,0.6205875,0.6204887091860012,2,40,0.6205980403276721,1.0,no_drifts,synthetic,NB,10,10042
synthetic_dataset_no_drifts,2500,Base,0.6243125,0.6243125061826197,0.6243125,0.624312502993761,0,32,0.6243123493969676,1.0,no_drifts,synthetic,NB,10,10042
synthetic_dataset_no_drifts,2500,KS95,0.62355,0.6235707945679821,0.62355,0.623529839922682,2,32,0.6235452909478855,1.0,no_drifts,synthetic,NB,10,10042
synthetic_dataset_no_drifts,2500,KS90,0.6246125,0.6246224662280234,0.6246125,0.6246019448824751,3,32,0.6246090995223446,1.0,no_drifts,synthetic,NB,10,10042
synthetic_dataset_no_drifts,2500,HD,0.6233375,0.6233401818982608,0.6233375,0.6233366201974476,1,32,0.6233385677355449,1.0,no_drifts,synthetic,NB,10,10042
synthetic_dataset_no_drifts,2500,JS,0.6233375,0.6233401818982608,0.6233375,0.6233366201974476,1,32,0.6233385677355449,1.0,no_drifts,synthetic,NB,10,10042
synthetic_dataset_with_parallel_drifts_abrupt,1000,Base,0.629075,0.6292972997891518,0.629075,0.6289182938364013,0,80,0.629078085404257,1.0,parallel_abrupt,synthetic,NB,17,17042
synthetic_dataset_with_parallel_drifts_abrupt,1000,KS95,0.609825,0.6126152253176037,0.609825,0.607405766854395,30,80,0.6098367774713274,1.0,parallel_abrupt,synthetic,NB,17,17042
synthetic_dataset_with_parallel_drifts_abrupt,1000,KS90,0.6088625,0.6110846480797804,0.6088625,0.606908064784008,32,80,0.6088730793246443,1.0,parallel_abrupt,synthetic,NB,17,17042
synthetic_dataset_with_parallel_drifts_abrupt,1000,HD,0.6246375,0.6280690634801271,0.6246375,0.6221175239482727,13,80,0.6246497521796195,1.0,parallel_abrupt,synthetic,NB,17,17042
synthetic_dataset_with_parallel_drifts_abrupt,1000,JS,0.6241625,0.6278728639828208,0.6241625,0.6214281598171029,15,80,0.6241752509189431,1.0,parallel_abrupt,synthetic,NB,17,17042
synthetic_dataset_with_parallel_drifts_abrupt,1500,Base,0.624825,0.6249051033966897,0.624825,0.6247666062878828,0,53,0.6248268740586046,1.0,parallel_abrupt,synthetic,NB,17,17042
synthetic_dataset_with_parallel_drifts_abrupt,1500,KS95,0.60835,0.6110281569708912,0.60835,0.6059865389158993,26,53,0.6083616199381365,1.0,parallel_abrupt,synthetic,NB,17,17042
synthetic_dataset_with_parallel_drifts_abrupt,1500,KS90,0.6069875,0.6089390168480683,0.6069875,0.6052305756983555,28,53,0.606997509282444,1.0,parallel_abrupt,synthetic,NB,17,17042
synthetic_dataset_with_parallel_drifts_abrupt,1500,HD,0.6256,0.6257609317552384,0.6256,0.625482669882499,2,53,0.6256026578260597,1.0,parallel_abrupt,synthetic,NB,17,17042
synthetic_dataset_with_parallel_drifts_abrupt,1500,JS,0.6250625,0.626608280399977,0.6250625,0.6239222894422857,5,53,0.6250707621890922,1.0,parallel_abrupt,synthetic,NB,17,17042
synthetic_dataset_with_parallel_drifts_abrupt,2000,Base,0.62485,0.6248930866765308,0.62485,0.6248189334083254,0,40,0.6248513678091558,1.0,parallel_abrupt,synthetic,NB,17,17042
synthetic_dataset_with_parallel_drifts_abrupt,2000,KS95,0.6147,0.6178897733993132,0.6147,0.6120885357639103,22,40,0.614712310081027,1.0,parallel_abrupt,synthetic,NB,17,17042
synthetic_dataset_with_parallel_drifts_abrupt,2000,KS90,0.6147,0.6178897733993132,0.6147,0.6120885357639103,22,40,0.614712310081027,1.0,parallel_abrupt,synthetic,NB,17,17042
synthetic_dataset_with_parallel_drifts_abrupt,2000,HD,0.6248375,0.6249477092393444,0.6248375,0.6247568291683858,5,40,0.6248397021838933,1.0,parallel_abrupt,synthetic,NB,17,17042
synthetic_dataset_with_parallel_drifts_abrupt,2000,JS,0.6243875,0.6244879089004084,0.6243875,0.6243137362108516,4,40,0.624389604673766,1.0,parallel_abrupt,synthetic,NB,17,17042
synthetic_dataset_with_parallel_drifts_abrupt,2500,Base,0.6233375,0.6233417929262709,0.6233375,0.6233346276334237,0,32,0.6233379171501031,1.0,parallel_abrupt,synthetic,NB,17,17042
synthetic_dataset_with_parallel_drifts_abrupt,2500,KS95,0.6148625,0.6160127221820855,0.6148625,0.6139131524910209,22,32,0.6148699407095737,1.0,parallel_abrupt,synthetic,NB,17,17042
synthetic_dataset_with_parallel_drifts_abrupt,2500,KS90,0.6148625,0.6160127221820855,0.6148625,0.6139131524910209,22,32,0.6148699407095737,1.0,parallel_abrupt,synthetic,NB,17,17042
synthetic_dataset_with_parallel_drifts_abrupt,2500,HD,0.62665,0.6268837341615338,0.62665,0.6264809383399276,5,32,0.6266531940996969,1.0,parallel_abrupt,synthetic,NB,17,17042
synthetic_dataset_with_parallel_drifts_abrupt,2500,JS,0.6271,0.6271392420413655,0.6271,0.6270724204091984,2,32,0.6271012928597791,1.0,parallel_abrupt,synthetic,NB,17,17042
synthetic_dataset_with_switching_drifts_incremental,1000,Base,0.6124875,0.6136196180816703,0.6124875,0.611511899180816,0,80,0.6124799856557996,1.0,switching_incremental,synthetic,NB,17,17042
synthetic_dataset_with_switching_drifts_incremental,1000,KS95,0.61985,0.620098768869993,0.61985,0.6196496699778823,37,80,0.6198465601965476,1.0,switching_incremental,synthetic,NB,17,17042
synthetic_dataset_with_switching_drifts_incremental,1000,KS90,0.6179,0.6183736818102757,0.6179,0.6175126053508311,43,80,0.6178952289026427,1.0,switching_incremental,synthetic,NB,17,17042
synthetic_dataset_with_switching_drifts_incremental,1000,HD,0.6072875,0.6090059272249893,0.6072875,0.6057232238203918,3,80,0.6072780542887563,1.0,switching_incremental,synthetic,NB,17,17042
synthetic_dataset_with_switching_drifts_incremental,1000,JS,0.60715,0.6091823057386191,0.60715,0.6053020149132265,5,80,0.6071397386606441,1.0,switching_incremental,synthetic,NB,17,17042
synthetic_dataset_with_switching_drifts_incremental,1500,Base,0.6109375,0.6121710358132975,0.6109375,0.6098565206096848,0,53,0.610929606870916,1.0,switching_incremental,synthetic,NB,17,17042
synthetic_dataset_with_switching_drifts_incremental,1500,KS95,0.6127625,0.6137671196807977,0.6127625,0.6118983255214797,28,53,0.612755424411997,1.0,switching_incremental,synthetic,NB,17,17042
synthetic_dataset_with_switching_drifts_incremental,1500,KS90,0.6141125,0.6153163787032754,0.6141125,0.6130947758716231,35,53,0.6141048094423582,1.0,switching_incremental,synthetic,NB,17,17042
synthetic_dataset_with_switching_drifts_incremental,1500,HD,0.605575,0.6077096396494323,0.605575,0.6035991768768174,4,53,0.6055644123751992,1.0,switching_incremental,synthetic,NB,17,17042
synthetic_dataset_with_switching_drifts_incremental,1500,JS,0.605575,0.6077096396494323,0.605575,0.6035991768768174,4,53,0.6055644123751992,1.0,switching_incremental,synthetic,NB,17,17042
synthetic_dataset_with_switching_drifts_incremental,2000,Base,0.6096875,0.6109617649590054,0.6096875,0.6085550054343135,0,40,0.6096794343427873,1.0,switching_incremental,synthetic,NB,17,17042
synthetic_dataset_with_switching_drifts_incremental,2000,KS95,0.6116125,0.6129475088550181,0.6116125,0.6104527847584681,20,40,0.6116043181360971,1.0,switching_incremental,synthetic,NB,17,17042
synthetic_dataset_with_switching_drifts_incremental,2000,KS90,0.61185,0.6130740405402967,0.61185,0.6107884385448172,21,40,0.6118421687664488,1.0,switching_incremental,synthetic,NB,17,17042
synthetic_dataset_with_switching_drifts_incremental,2000,HD,0.6133875,0.6143347700844248,0.6133875,0.612577926803095,3,40,0.6133806456760645,1.0,switching_incremental,synthetic,NB,17,17042
synthetic_dataset_with_switching_drifts_incremental,2000,JS,0.6136,0.614355803994525,0.6136,0.6129541260538883,2,40,0.6135938750558623,1.0,switching_incremental,synthetic,NB,17,17042
synthetic_dataset_with_switching_drifts_incremental,2500,Base,0.60855,0.6099637016215275,0.60855,0.6072785123269016,0,32,0.608541467442183,1.0,switching_incremental,synthetic,NB,17,17042
synthetic_dataset_with_switching_drifts_incremental,2500,KS95,0.612975,0.6138405417541917,0.612975,0.6122310858897296,15,32,0.6129684325417897,1.0,switching_incremental,synthetic,NB,17,17042
synthetic_dataset_with_switching_drifts_incremental,2500,KS90,0.6134875,0.6142318359290649,0.6134875,0.6128505148953797,16,32,0.6134814181783319,1.0,switching_incremental,synthetic,NB,17,17042
synthetic_dataset_with_switching_drifts_incremental,2500,HD,0.605975,0.6080180780105133,0.605975,0.6040914276420204,3,32,0.6059646561342048,1.0,switching_incremental,synthetic,NB,17,17042
synthetic_dataset_with_switching_drifts_incremental,2500,JS,0.6050625,0.6072075638885202,0.6050625,0.6030650531361905,2,32,0.6050518617386669,1.0,switching_incremental,synthetic,NB,17,17042
synthetic_dataset_with_parallel_drifts_incremental,1000,Base,0.612175,0.6132514699815307,0.612175,0.6112434949029455,0,80,0.6121676600237724,1.0,parallel_incremental,synthetic,NB,17,17042
synthetic_dataset_with_parallel_drifts_incremental,1000,KS95,0.620625,0.6208272603277935,0.620625,0.6204631585830112,24,80,0.6206219052139929,1.0,parallel_incremental,synthetic,NB,17,17042
synthetic_dataset_with_parallel_drifts_incremental,1000,KS90,0.61985,0.6202184742861109,0.61985,0.6195543887162261,26,80,0.619845821446531,1.0,parallel_incremental,synthetic,NB,17,17042
synthetic_dataset_with_parallel_drifts_incremental,1000,HD,0.6151625,0.6156821960243793,0.6151625,0.6147246218990924,6,80,0.6151574457160425,1.0,parallel_incremental,synthetic,NB,17,17042
synthetic_dataset_with_parallel_drifts_incremental,1000,JS,0.6151625,0.6156821960243793,0.6151625,0.6147246218990924,6,80,0.6151574457160425,1.0,parallel_incremental,synthetic,NB,17,17042
synthetic_dataset_with_parallel_drifts_incremental,1500,Base,0.6105375,0.6117418007494695,0.6105375,0.6094769454928565,0,53,0.6105296856119179,1.0,parallel_incremental,synthetic,NB,17,17042
synthetic_dataset_with_parallel_drifts_incremental,1500,KS95,0.6171125,0.617397603978423,0.6171125,0.6168761516310406,21,53,0.6171087770099475,1.0,parallel_incremental,synthetic,NB,17,17042
synthetic_dataset_with_parallel_drifts_incremental,1500,KS90,0.615125,0.6156059564527635,0.615125,0.614719298646161,23,53,0.615120135090203,1.0,parallel_incremental,synthetic,NB,17,17042
synthetic_dataset_with_parallel_drifts_incremental,1500,HD,0.6109375,0.612093818678379,0.6109375,0.6099234024833994,1,53,0.6109298543709218,1.0,parallel_incremental,synthetic,NB,17,17042
synthetic_dataset_with_parallel_drifts_incremental,1500,JS,0.6109375,0.612093818678379,0.6109375,0.6099234024833994,1,53,0.6109298543709218,1.0,parallel_incremental,synthetic,NB,17,17042
synthetic_dataset_with_parallel_drifts_incremental,2000,Base,0.6105375,0.6117500247238629,0.6105375,0.6094697909923769,0,40,0.6105296593619173,1.0,parallel_incremental,synthetic,NB,17,17042
synthetic_dataset_with_parallel_drifts_incremental,2000,KS95,0.6212875,0.6214253233201902,0.6212875,0.6211775386259248,14,40,0.6212849471039112,1.0,parallel_incremental,synthetic,NB,17,17042
synthetic_dataset_with_parallel_drifts_incremental,2000,KS90,0.6215625,0.62167786102398,0.6215625,0.6214705305488198,17,40,0.6215601646101037,1.0,parallel_incremental,synthetic,NB,17,17042
synthetic_dataset_with_parallel_drifts_incremental,2000,HD,0.614875,0.6156942770655064,0.614875,0.6141854794831889,4,40,0.6148686613345449,1.0,parallel_incremental,synthetic,NB,17,17042
synthetic_dataset_with_parallel_drifts_incremental,2000,JS,0.614875,0.6156942770655064,0.614875,0.6141854794831889,4,40,0.6148686613345449,1.0,parallel_incremental,synthetic,NB,17,17042
synthetic_dataset_with_parallel_drifts_incremental,2500,Base,0.6092125,0.6105467461807633,0.6092125,0.6080208192176995,0,32,0.6092042318320952,1.0,parallel_incremental,synthetic,NB,17,17042
synthetic_dataset_with_parallel_drifts_incremental,2500,KS95,0.6165375,0.6172504907085431,0.6165375,0.6159477249101146,14,32,0.6165316244969615,1.0,parallel_incremental,synthetic,NB,17,17042
synthetic_dataset_with_parallel_drifts_incremental,2500,KS90,0.6155625,0.6165152805754298,0.6155625,0.6147680347301854,15,32,0.615555690725003,1.0,parallel_incremental,synthetic,NB,17,17042
synthetic_dataset_with_parallel_drifts_incremental,2500,HD,0.6119875,0.613160650396003,0.6119875,0.6109711613458026,1,32,0.6119798356445463,1.0,parallel_incremental,synthetic,NB,17,17042
synthetic_dataset_with_parallel_drifts_incremental,2500,JS,0.6119875,0.613160650396003,0.6119875,0.6109711613458026,1,32,0.6119798356445463,1.0,parallel_incremental,synthetic,NB,17,17042
synthetic_dataset_with_switching_drifts_abrupt,1000,Base,0.6213625,0.6217299525278791,0.6213625,0.6210725403634798,0,80,0.621358353355563,1.0,switching_abrupt,synthetic,NB,17,17042
synthetic_dataset_with_switching_drifts_abrupt,1000,KS95,0.6071875,0.6079401336629644,0.6071875,0.6064945932954954,73,80,0.6071812080365772,1.0,switching_abrupt,synthetic,NB,17,17042
synthetic_dataset_with_switching_drifts_abrupt,1000,KS90,0.60775,0.6085061603653554,0.60775,0.6070584984143986,74,80,0.6077437099242334,1.0,switching_abrupt,synthetic,NB,17,17042
synthetic_dataset_with_switching_drifts_abrupt,1000,HD,0.6122875,0.6134187356448414,0.6122875,0.6113104190443375,13,80,0.6122799819012996,1.0,switching_abrupt,synthetic,NB,17,17042
synthetic_dataset_with_switching_drifts_abrupt,1000,JS,0.6135625,0.6141463944474069,0.6135625,0.6130620721051224,20,80,0.613557108180035,1.0,switching_abrupt,synthetic,NB,17,17042
synthetic_dataset_with_switching_drifts_abrupt,1500,Base,0.6198375,0.620331738768138,0.6198375,0.6194420028872646,0,53,0.6198326670712351,1.0,switching_abrupt,synthetic,NB,17,17042
synthetic_dataset_with_switching_drifts_abrupt,1500,KS95,0.6069875,0.6077478056842281,0.6069875,0.6062859405891508,49,53,0.6069811705320763,1.0,switching_abrupt,synthetic,NB,17,17042
synthetic_dataset_with_switching_drifts_abrupt,1500,KS90,0.6069875,0.6077478056842281,0.6069875,0.6062859405891508,49,53,0.6069811705320763,1.0,switching_abrupt,synthetic,NB,17,17042
synthetic_dataset_with_switching_drifts_abrupt,1500,HD,0.6282375,0.6282377607480591,0.6282375,0.6282373946866318,8,53,0.6282375835103456,1.0,switching_abrupt,synthetic,NB,17,17042
synthetic_dataset_with_switching_drifts_abrupt,1500,JS,0.6282375,0.6282377607480591,0.6282375,0.6282373946866318,8,53,0.6282375835103456,1.0,switching_abrupt,synthetic,NB,17,17042
synthetic_dataset_with_switching_drifts_abrupt,2000,Base,0.6136125,0.6141827814639951,0.6136125,0.6131239083700675,0,40,0.6136071719311613,1.0,switching_abrupt,synthetic,NB,17,17042
synthetic_dataset_with_switching_drifts_abrupt,2000,KS95,0.60545,0.60603967309868,0.60545,0.6048943818152939,37,40,0.6054443773724986,1.0,switching_abrupt,synthetic,NB,17,17042
synthetic_dataset_with_switching_drifts_abrupt,2000,KS90,0.60545,0.60603967309868,0.60545,0.6048943818152939,37,40,0.6054443773724986,1.0,switching_abrupt,synthetic,NB,17,17042
synthetic_dataset_with_switching_drifts_abrupt,2000,HD,0.613725,0.6138942147596348,0.613725,0.6135784414657118,7,40,0.6137220813087468,1.0,switching_abrupt,synthetic,NB,17,17042
synthetic_dataset_with_switching_drifts_abrupt,2000,JS,0.622225,0.6222419229032012,0.622225,0.6222110595752384,2,40,0.622224091500042,1.0,switching_abrupt,synthetic,NB,17,17042
synthetic_dataset_with_switching_drifts_abrupt,2500,Base,0.6126875,0.6134876917606791,0.6126875,0.611996935710369,0,32,0.6126811744103264,1.0,switching_abrupt,synthetic,NB,17,17042
synthetic_dataset_with_switching_drifts_abrupt,2500,KS95,0.6109875,0.6114896738843252,0.6109875,0.6105435560419763,29,32,0.6109824381221048,1.0,switching_abrupt,synthetic,NB,17,17042
synthetic_dataset_with_switching_drifts_abrupt,2500,KS90,0.6109875,0.6114896738843252,0.6109875,0.6105435560419763,29,32,0.6109824381221048,1.0,switching_abrupt,synthetic,NB,17,17042
synthetic_dataset_with_switching_drifts_abrupt,2500,HD,0.618025,0.6181327893338706,0.618025,0.6179355644791407,4,32,0.6180227076555109,1.0,switching_abrupt,synthetic,NB,17,17042
synthetic_dataset_with_switching_drifts_abrupt,2500,JS,0.618025,0.6181327893338706,0.618025,0.6179355644791407,4,32,0.6180227076555109,1.0,switching_abrupt,synthetic,NB,17,17042
synthetic_dataset_no_drifts,1000,Base,0.6120375,0.6131536778171855,0.6120375,0.6110705116507749,0,80,0.6120300231456756,1.0,no_drifts,synthetic,NB,17,17042
synthetic_dataset_no_drifts,1000,KS95,0.6117125,0.612720564382115,0.6117125,0.6108349042534225,6,80,0.6117053793883711,1.0,no_drifts,synthetic,NB,17,17042
synthetic_dataset_no_drifts,1000,KS90,0.61055,0.6115268537749554,0.61055,0.6096877964496286,7,80,0.6105429524872164,1.0,no_drifts,synthetic,NB,17,17042
synthetic_dataset_no_drifts,1000,HD,0.6092125,0.6107735874003798,0.6092125,0.6078211602601442,5,80,0.6092035680820802,1.0,no_drifts,synthetic,NB,17,17042
synthetic_dataset_no_drifts,1000,JS,0.6092125,0.6107735874003798,0.6092125,0.6078211602601442,5,80,0.6092035680820802,1.0,no_drifts,synthetic,NB,17,17042
synthetic_dataset_no_drifts,1500,Base,0.6107125,0.6119375899090079,0.6107125,0.6096360406278406,0,53,0.610704625615854,1.0,no_drifts,synthetic,NB,17,17042
synthetic_dataset_no_drifts,1500,KS95,0.6089375,0.6102683654597971,0.6089375,0.6077449806232841,4,53,0.6089292318259077,1.0,no_drifts,synthetic,NB,17,17042
synthetic_dataset_no_drifts,1500,KS90,0.6118875,0.6129188202724459,0.6118875,0.6109916873267157,6,53,0.6118803043923069,1.0,no_drifts,synthetic,NB,17,17042
synthetic_dataset_no_drifts,1500,HD,0.6181125,0.6189758467213903,0.6181125,0.617412067078978,3,53,0.6181060845323869,1.0,no_drifts,synthetic,NB,17,17042
synthetic_dataset_no_drifts,1500,JS,0.6181125,0.6189758467213903,0.6181125,0.617412067078978,3,53,0.6181060845323869,1.0,no_drifts,synthetic,NB,17,17042
synthetic_dataset_no_drifts,2000,Base,0.610175,0.6114160035283598,0.610175,0.6090779290709166,0,40,0.6101670562287589,1.0,no_drifts,synthetic,NB,17,17042
synthetic_dataset_no_drifts,2000,KS95,0.6094375,0.610636714762161,0.6094375,0.6083678017962717,2,40,0.6094296630871674,1.0,no_drifts,synthetic,NB,17,17042
synthetic_dataset_no_drifts,2000,KS90,0.615375,0.6159245424306978,0.615375,0.6149133229561632,3,40,0.6153698088458207,1.0,no_drifts,synthetic,NB,17,17042
synthetic_dataset_no_drifts,2000,HD,0.6135875,0.6148936935198495,0.6135875,0.6124777894411413,5,40,0.6135794756805382,1.0,no_drifts,synthetic,NB,17,17042
synthetic_dataset_no_drifts,2000,JS,0.6135875,0.6148936935198495,0.6135875,0.6124777894411413,5,40,0.6135794756805382,1.0,no_drifts,synthetic,NB,17,17042
synthetic_dataset_no_drifts,2500,Base,0.608675,0.6100352628133243,0.608675,0.6074527411168722,0,32,0.6086666324449992,1.0,no_drifts,synthetic,NB,17,17042
synthetic_dataset_no_drifts,2500,KS95,0.6094,0.6106145707975998,0.6094,0.6083162988436156,2,32,0.6093921124613225,1.0,no_drifts,synthetic,NB,17,17042
synthetic_dataset_no_drifts,2500,KS90,0.6144375,0.6150234567249926,0.6144375,0.6139402883006737,3,32,0.6144321194497226,1.0,no_drifts,synthetic,NB,17,17042
synthetic_dataset_no_drifts,2500,HD,0.615875,0.6163905238613927,0.615875,0.6154440759996179,2,32,0.6158699813570746,1.0,no_drifts,synthetic,NB,17,17042
synthetic_dataset_no_drifts,2500,JS,0.6150375,0.6159912162633827,0.6150375,0.6142375550382865,3,32,0.6150306719631901,1.0,no_drifts,synthetic,NB,17,17042
synthetic_dataset_with_parallel_drifts_abrupt,1000,Base,0.817325,0.8175012248736543,0.817325,0.8172958459446429,0,80,0.8173085007947427,1.0,parallel_abrupt,synthetic,NB,28,28042
synthetic_dataset_with_parallel_drifts_abrupt,1000,KS95,0.812875,0.8132686022900931,0.812875,0.812810323464838,28,80,0.8128504601699637,1.0,parallel_abrupt,synthetic,NB,28,28042
synthetic_dataset_with_parallel_drifts_abrupt,1000,KS90,0.81255,0.8128682669130367,0.81255,0.81249700571425,30,80,0.8125278558320173,1.0,parallel_abrupt,synthetic,NB,28,28042
synthetic_dataset_with_parallel_drifts_abrupt,1000,HD,0.8137375,0.8141893937443365,0.8137375,0.8136642548347771,15,80,0.813711291113828,1.0,parallel_abrupt,synthetic,NB,28,28042
synthetic_dataset_with_parallel_drifts_abrupt,1000,JS,0.8139625,0.814369359967681,0.8139625,0.8138963685111931,12,80,0.8139376077762903,1.0,parallel_abrupt,synthetic,NB,28,28042
synthetic_dataset_with_parallel_drifts_abrupt,1500,Base,0.8164875,0.8166384070064482,0.8164875,0.8164620814920487,0,53,0.8164721636455182,1.0,parallel_abrupt,synthetic,NB,28,28042
synthetic_dataset_with_parallel_drifts_abrupt,1500,KS95,0.8099875,0.8105434794913327,0.8099875,0.8098952591534684,28,53,0.8099583142740278,1.0,parallel_abrupt,synthetic,NB,28,28042
synthetic_dataset_with_parallel_drifts_abrupt,1500,KS90,0.8105,0.810939320904373,0.8105,0.810426699469601,28,53,0.8104740045888734,1.0,parallel_abrupt,synthetic,NB,28,28042
synthetic_dataset_with_parallel_drifts_abrupt,1500,HD,0.81655,0.8166930880160604,0.81655,0.8165258187375026,2,53,0.816535051885132,1.0,parallel_abrupt,synthetic,NB,28,28042
synthetic_dataset_with_parallel_drifts_abrupt,1500,JS,0.8145125,0.8146866489605608,0.8145125,0.8144829557347997,5,53,0.8144960125439829,1.0,parallel_abrupt,synthetic,NB,28,28042
synthetic_dataset_with_parallel_drifts_abrupt,2000,Base,0.81775,0.8178747426833141,0.81775,0.817728920935232,0,40,0.8177360328239197,1.0,parallel_abrupt,synthetic,NB,28,28042
synthetic_dataset_with_parallel_drifts_abrupt,2000,KS95,0.813175,0.8133531670535603,0.813175,0.8131444701706678,23,40,0.8131582907309849,1.0,parallel_abrupt,synthetic,NB,28,28042
synthetic_dataset_with_parallel_drifts_abrupt,2000,KS90,0.813175,0.8133531670535603,0.813175,0.8131444701706678,23,40,0.8131582907309849,1.0,parallel_abrupt,synthetic,NB,28,28042
synthetic_dataset_with_parallel_drifts_abrupt,2000,HD,0.816175,0.8161810937164795,0.816175,0.8161733455517344,4,40,0.816171424972422,1.0,parallel_abrupt,synthetic,NB,28,28042
synthetic_dataset_with_parallel_drifts_abrupt,2000,JS,0.816075,0.8161296798515989,0.816075,0.8160648748350965,3,40,0.8160655185294075,1.0,parallel_abrupt,synthetic,NB,28,28042
synthetic_dataset_with_parallel_drifts_abrupt,2500,Base,0.8170125,0.8171023336566674,0.8170125,0.8169967977423356,0,32,0.8170005396084834,1.0,parallel_abrupt,synthetic,NB,28,28042
synthetic_dataset_with_parallel_drifts_abrupt,2500,KS95,0.811125,0.8114743381713866,0.811125,0.8110663941816225,22,32,0.8111017732329817,1.0,parallel_abrupt,synthetic,NB,28,28042
synthetic_dataset_with_parallel_drifts_abrupt,2500,KS90,0.811125,0.8114743381713866,0.811125,0.8110663941816225,22,32,0.8111017732329817,1.0,parallel_abrupt,synthetic,NB,28,28042
synthetic_dataset_with_parallel_drifts_abrupt,2500,HD,0.8169625,0.8172486769473196,0.8169625,0.8169163697606111,2,32,0.8169416295011197,1.0,parallel_abrupt,synthetic,NB,28,28042
synthetic_dataset_with_parallel_drifts_abrupt,2500,JS,0.8178,0.8180576508438757,0.8178,0.8177585292728586,5,32,0.8177801941544038,1.0,parallel_abrupt,synthetic,NB,28,28042
synthetic_dataset_with_switching_drifts_incremental,1000,Base,0.8252375,0.8253638942786027,0.8252375,0.8252175217005744,0,80,0.8252236308450672,1.0,switching_incremental,synthetic,NB,28,28042
synthetic_dataset_with_switching_drifts_incremental,1000,KS95,0.8212625,0.8213134643901092,0.8212625,0.8212534113938935,47,80,0.8212534161093508,1.0,switching_incremental,synthetic,NB,28,28042
synthetic_dataset_with_switching_drifts_incremental,1000,KS90,0.821125,0.821186337442797,0.821125,0.8211142676280567,50,80,0.8211150889822496,1.0,switching_incremental,synthetic,NB,28,28042
synthetic_dataset_with_switching_drifts_incremental,1000,HD,0.823575,0.8238980547498064,0.823575,0.8235261567435,8,80,0.8235531121755469,1.0,switching_incremental,synthetic,NB,28,28042
synthetic_dataset_with_switching_drifts_incremental,1000,JS,0.8252625,0.8253074666001121,0.8252625,0.8252546471656049,8,80,0.8252539971504098,1.0,switching_incremental,synthetic,NB,28,28042
synthetic_dataset_with_switching_drifts_incremental,1500,Base,0.8249,0.8250397314304905,0.8249,0.8248780139570565,0,53,0.8248854383537114,1.0,switching_incremental,synthetic,NB,28,28042
synthetic_dataset_with_switching_drifts_incremental,1500,KS95,0.822925,0.8230507178422184,0.822925,0.8229047098803461,36,53,0.8229111097554975,1.0,switching_incremental,synthetic,NB,28,28042
synthetic_dataset_with_switching_drifts_incremental,1500,KS90,0.8230125,0.8231483371117873,0.8230125,0.8229907218423996,37,53,0.8229980867890131,1.0,switching_incremental,synthetic,NB,28,28042
synthetic_dataset_with_switching_drifts_incremental,1500,HD,0.8256125,0.8258877586465658,0.8256125,0.8255712781923569,5,53,0.8255923202670037,1.0,switching_incremental,synthetic,NB,28,28042
synthetic_dataset_with_switching_drifts_incremental,1500,JS,0.8245625,0.8246964043434478,0.8245625,0.824541300827729,5,53,0.8245482246141393,1.0,switching_incremental,synthetic,NB,28,28042
synthetic_dataset_with_switching_drifts_incremental,2000,Base,0.825475,0.8256005350466988,0.825475,0.8254551888603794,0,40,0.825461181903004,1.0,switching_incremental,synthetic,NB,28,28042
synthetic_dataset_with_switching_drifts_incremental,2000,KS95,0.8233375,0.8235086984306829,0.8233375,0.8233105763371575,26,40,0.8233213998782514,1.0,switching_incremental,synthetic,NB,28,28042
synthetic_dataset_with_switching_drifts_incremental,2000,KS90,0.823475,0.8236087378352948,0.823475,0.8234536207785234,29,40,0.8234607057571361,1.0,switching_incremental,synthetic,NB,28,28042
synthetic_dataset_with_switching_drifts_incremental,2000,HD,0.8271625,0.8273218813336094,0.8271625,0.8271381507801551,3,40,0.8271470481004952,1.0,switching_incremental,synthetic,NB,28,28042
synthetic_dataset_with_switching_drifts_incremental,2000,JS,0.8271625,0.8273218813336094,0.8271625,0.8271381507801551,3,40,0.8271470481004952,1.0,switching_incremental,synthetic,NB,28,28042
synthetic_dataset_with_switching_drifts_incremental,2500,Base,0.8249875,0.8250900200179141,0.8249875,0.8249709834555139,0,32,0.8249749466418403,1.0,switching_incremental,synthetic,NB,28,28042
synthetic_dataset_with_switching_drifts_incremental,2500,KS95,0.822775,0.8229830119804535,0.822775,0.8227425352258108,22,32,0.8227572957251713,1.0,switching_incremental,synthetic,NB,28,28042
synthetic_dataset_with_switching_drifts_incremental,2500,KS90,0.8223875,0.8225283917118104,0.8223875,0.8223648481262092,27,32,0.8223728156494565,1.0,switching_incremental,synthetic,NB,28,28042
synthetic_dataset_with_switching_drifts_incremental,2500,HD,0.82455,0.824749468287855,0.82455,0.8245192715403602,3,32,0.8245327039608529,1.0,switching_incremental,synthetic,NB,28,28042
synthetic_dataset_with_switching_drifts_incremental,2500,JS,0.82455,0.824749468287855,0.82455,0.8245192715403602,3,32,0.8245327039608529,1.0,switching_incremental,synthetic,NB,28,28042
synthetic_dataset_with_parallel_drifts_incremental,1000,Base,0.8268375,0.8270077228684138,0.8268375,0.8268115362956593,0,80,0.8268215412572588,1.0,parallel_incremental,synthetic,NB,28,28042
synthetic_dataset_with_parallel_drifts_incremental,1000,KS95,0.825725,0.8257737571715174,0.825725,0.8257166003248051,22,80,0.8257161773677333,1.0,parallel_incremental,synthetic,NB,28,28042
synthetic_dataset_with_parallel_drifts_incremental,1000,KS90,0.8256,0.8256407232987641,0.8256,0.8255928236206866,23,80,0.825591885891212,1.0,parallel_incremental,synthetic,NB,28,28042
synthetic_dataset_with_parallel_drifts_incremental,1000,HD,0.8269875,0.8272963239195246,0.8269875,0.826942090380962,3,80,0.8269662090209159,1.0,parallel_incremental,synthetic,NB,28,28042
synthetic_dataset_with_parallel_drifts_incremental,1000,JS,0.8269875,0.8272963239195246,0.8269875,0.826942090380962,3,80,0.8269662090209159,1.0,parallel_incremental,synthetic,NB,28,28042
synthetic_dataset_with_parallel_drifts_incremental,1500,Base,0.8264875,0.8266643022535239,0.8264875,0.8264605172492531,0,53,0.8264712368688292,1.0,parallel_incremental,synthetic,NB,28,28042
synthetic_dataset_with_parallel_drifts_incremental,1500,KS95,0.8247875,0.8249851165096427,0.8247875,0.8247571027565384,19,53,0.8247702887688513,1.0,parallel_incremental,synthetic,NB,28,28042
synthetic_dataset_with_parallel_drifts_incremental,1500,KS90,0.8255875,0.8258879376226114,0.8255875,0.8255427078156278,20,53,0.8255664427198419,1.0,parallel_incremental,synthetic,NB,28,28042
synthetic_dataset_with_parallel_drifts_incremental,1500,HD,0.82635,0.8264475629427223,0.82635,0.8263344055922826,7,53,0.8263377697505854,1.0,parallel_incremental,synthetic,NB,28,28042
synthetic_dataset_with_parallel_drifts_incremental,1500,JS,0.8276125,0.8278635015835931,0.8276125,0.8275753818945397,4,53,0.8275932689137326,1.0,parallel_incremental,synthetic,NB,28,28042
synthetic_dataset_with_parallel_drifts_incremental,2000,Base,0.8270125,0.827164658962839,0.8270125,0.8269891473368319,0,40,0.8269973853277348,1.0,parallel_incremental,synthetic,NB,28,28042
synthetic_dataset_with_parallel_drifts_incremental,2000,KS95,0.8261125,0.8262868093610054,0.8261125,0.8260857837771717,18,40,0.826096337435575,1.0,parallel_incremental,synthetic,NB,28,28042
synthetic_dataset_with_parallel_drifts_incremental,2000,KS90,0.8258125,0.8259503066329719,0.8258125,0.8257909694619928,19,40,0.825798058141961,1.0,parallel_incremental,synthetic,NB,28,28042
synthetic_dataset_with_parallel_drifts_incremental,2000,HD,0.8276875,0.8277118102432102,0.8276875,0.8276829859856222,2,40,0.8276811278238555,1.0,parallel_incremental,synthetic,NB,28,28042
synthetic_dataset_with_parallel_drifts_incremental,2000,JS,0.827725,0.8277375376626005,0.827725,0.8277223905162907,3,40,0.8277202647701825,1.0,parallel_incremental,synthetic,NB,28,28042
synthetic_dataset_with_parallel_drifts_incremental,2500,Base,0.8265375,0.8266650988758429,0.8265375,0.8265175772697996,0,32,0.82652359946426,1.0,parallel_incremental,synthetic,NB,28,28042
synthetic_dataset_with_parallel_drifts_incremental,2500,KS95,0.82585,0.8264269360416422,0.82585,0.8257667034945188,14,32,0.8258210625588865,1.0,parallel_incremental,synthetic,NB,28,28042
synthetic_dataset_with_parallel_drifts_incremental,2500,KS90,0.82615,0.8264893591817414,0.82615,0.8260999686383551,19,32,0.8261276781176934,1.0,parallel_incremental,synthetic,NB,28,28042
synthetic_dataset_with_parallel_drifts_incremental,2500,HD,0.8265625,0.8267401080660296,0.8265625,0.8265354204773635,1,32,0.8265462032554555,1.0,parallel_incremental,synthetic,NB,28,28042
synthetic_dataset_with_parallel_drifts_incremental,2500,JS,0.8265625,0.8267401080660296,0.8265625,0.8265354204773635,1,32,0.8265462032554555,1.0,parallel_incremental,synthetic,NB,28,28042
synthetic_dataset_with_switching_drifts_abrupt,1000,Base,0.76665,0.7666855424938697,0.76665,0.766639473730399,0,80,0.766641373453903,1.0,switching_abrupt,synthetic,NB,28,28042
synthetic_dataset_with_switching_drifts_abrupt,1000,KS95,0.71865,0.7187236276600004,0.71865,0.71863178158986,74,80,0.7186612997602186,1.0,switching_abrupt,synthetic,NB,28,28042
synthetic_dataset_with_switching_drifts_abrupt,1000,KS90,0.7194,0.719429941107185,0.7194,0.7193937967078655,76,80,0.7194068123689155,1.0,switching_abrupt,synthetic,NB,28,28042
synthetic_dataset_with_switching_drifts_abrupt,1000,HD,0.7658125,0.7665735807080527,0.7658125,0.7656329346650617,2,80,0.7657756062510425,1.0,switching_abrupt,synthetic,NB,28,28042
synthetic_dataset_with_switching_drifts_abrupt,1000,JS,0.7658125,0.7665735807080527,0.7658125,0.7656329346650617,2,80,0.7657756062510425,1.0,switching_abrupt,synthetic,NB,28,28042
synthetic_dataset_with_switching_drifts_abrupt,1500,Base,0.7695375,0.7695992756340102,0.7695375,0.769520805428049,0,53,0.7695264655869835,1.0,switching_abrupt,synthetic,NB,28,28042
synthetic_dataset_with_switching_drifts_abrupt,1500,KS95,0.7295125,0.7295546878904353,0.7295125,0.7294959007895646,50,53,0.7295023038929489,1.0,switching_abrupt,synthetic,NB,28,28042
synthetic_dataset_with_switching_drifts_abrupt,1500,KS90,0.7295125,0.7295546878904353,0.7295125,0.7294959007895646,50,53,0.7295023038929489,1.0,switching_abrupt,synthetic,NB,28,28042
synthetic_dataset_with_switching_drifts_abrupt,1500,HD,0.763175,0.7643492506126631,0.763175,0.762896144549036,8,53,0.7631291745529207,1.0,switching_abrupt,synthetic,NB,28,28042
synthetic_dataset_with_switching_drifts_abrupt,1500,JS,0.7606625,0.7610740503060349,0.7606625,0.7605586403040948,8,53,0.7606348443820038,1.0,switching_abrupt,synthetic,NB,28,28042
synthetic_dataset_with_switching_drifts_abrupt,2000,Base,0.770575,0.7706049042473582,0.770575,0.7705662137513117,0,40,0.7705670893585203,1.0,switching_abrupt,synthetic,NB,28,28042
synthetic_dataset_with_switching_drifts_abrupt,2000,KS95,0.7409875,0.7411697729255418,0.7409875,0.7409309661921183,38,40,0.7409679760391363,1.0,switching_abrupt,synthetic,NB,28,28042
synthetic_dataset_with_switching_drifts_abrupt,2000,KS90,0.7409875,0.7411697729255418,0.7409875,0.7409309661921183,38,40,0.7409679760391363,1.0,switching_abrupt,synthetic,NB,28,28042
synthetic_dataset_with_switching_drifts_abrupt,2000,HD,0.7665,0.7676825012832035,0.7665,0.7662266629980381,2,40,0.7664543156129902,1.0,switching_abrupt,synthetic,NB,28,28042
synthetic_dataset_with_switching_drifts_abrupt,2000,JS,0.7665,0.7676825012832035,0.7665,0.7662266629980381,2,40,0.7664543156129902,1.0,switching_abrupt,synthetic,NB,28,28042
synthetic_dataset_with_switching_drifts_abrupt,2500,Base,0.769975,0.7700189794974045,0.769975,0.7699626774860004,0,32,0.7699655695122505,1.0,switching_abrupt,synthetic,NB,28,28042
synthetic_dataset_with_switching_drifts_abrupt,2500,KS95,0.7451125,0.7452728008492386,0.7451125,0.7450639771972662,29,32,0.7450942998093615,1.0,switching_abrupt,synthetic,NB,28,28042
synthetic_dataset_with_switching_drifts_abrupt,2500,KS90,0.7451125,0.7452728008492386,0.7451125,0.7450639771972662,29,32,0.7450942998093615,1.0,switching_abrupt,synthetic,NB,28,28042
synthetic_dataset_with_switching_drifts_abrupt,2500,HD,0.7650125,0.7662796435622067,0.7650125,0.7647167031063165,4,32,0.7649651085239103,1.0,switching_abrupt,synthetic,NB,28,28042
synthetic_dataset_with_switching_drifts_abrupt,2500,JS,0.7650125,0.7662796435622067,0.7650125,0.7647167031063165,4,32,0.7649651085239103,1.0,switching_abrupt,synthetic,NB,28,28042
synthetic_dataset_no_drifts,1000,Base,0.827,0.8271699419826751,0.827,0.8269741136861707,0,80,0.8269840584284465,1.0,no_drifts,synthetic,NB,28,28042
synthetic_dataset_no_drifts,1000,KS95,0.8267375,0.8270929927339148,0.8267375,0.8266854812798756,6,80,0.8267146898125222,1.0,no_drifts,synthetic,NB,28,28042
synthetic_dataset_no_drifts,1000,KS90,0.8262875,0.8264734225814911,0.8262875,0.8262591685178484,8,80,0.8262708315035904,1.0,no_drifts,synthetic,NB,28,28042
synthetic_dataset_no_drifts,1000,HD,0.82725,0.8275048009463971,0.82725,0.8272122305043452,4,80,0.8272306163777984,1.0,no_drifts,synthetic,NB,28,28042
synthetic_dataset_no_drifts,1000,JS,0.8267625,0.8269027751206326,0.8267625,0.8267407964187768,3,80,0.8267479586231545,1.0,no_drifts,synthetic,NB,28,28042
synthetic_dataset_no_drifts,1500,Base,0.8266125,0.826792432503039,0.8266125,0.8265851017709689,0,53,0.8265961020963961,1.0,no_drifts,synthetic,NB,28,28042
synthetic_dataset_no_drifts,1500,KS95,0.82655,0.8267880586262599,0.82655,0.826514353723362,4,53,0.8265312226031533,1.0,no_drifts,synthetic,NB,28,28042
synthetic_dataset_no_drifts,1500,KS90,0.82655,0.8267880586262599,0.82655,0.826514353723362,4,53,0.8265312226031533,1.0,no_drifts,synthetic,NB,28,28042
synthetic_dataset_no_drifts,1500,HD,0.82705,0.8272814302294064,0.82705,0.8270154427239489,4,53,0.8270314935148969,1.0,no_drifts,synthetic,NB,28,28042
synthetic_dataset_no_drifts,1500,JS,0.8268375,0.8270032726380341,0.8268375,0.8268121696247992,4,53,0.826821743757628,1.0,no_drifts,synthetic,NB,28,28042
synthetic_dataset_no_drifts,2000,Base,0.8270375,0.8271975379655833,0.8270375,0.8270130302259276,0,40,0.8270220141226208,1.0,no_drifts,synthetic,NB,28,28042
synthetic_dataset_no_drifts,2000,KS95,0.8270375,0.8271975379655833,0.8270375,0.8270130302259276,0,40,0.8270220141226208,1.0,no_drifts,synthetic,NB,28,28042
synthetic_dataset_no_drifts,2000,KS90,0.8263875,0.8264557768748917,0.8263875,0.8263762226495838,4,40,0.8263771766974045,1.0,no_drifts,synthetic,NB,28,28042
synthetic_dataset_no_drifts,2000,HD,0.8268875,0.8270525642773766,0.8268875,0.8268622817051487,1,40,0.8268717775988146,1.0,no_drifts,synthetic,NB,28,28042
synthetic_dataset_no_drifts,2000,JS,0.8268875,0.8270525642773766,0.8268875,0.8268622817051487,1,40,0.8268717775988146,1.0,no_drifts,synthetic,NB,28,28042
synthetic_dataset_no_drifts,2500,Base,0.8267125,0.8268473838573919,0.8267125,0.8266915606252089,0,32,0.8266982285325215,1.0,no_drifts,synthetic,NB,28,28042
synthetic_dataset_no_drifts,2500,KS95,0.8267125,0.8268473838573919,0.8267125,0.8266915606252089,0,32,0.8266982285325215,1.0,no_drifts,synthetic,NB,28,28042
synthetic_dataset_no_drifts,2500,KS90,0.82745,0.827617962961519,0.82745,0.827424497212666,2,32,0.8274341604987575,1.0,no_drifts,synthetic,NB,28,28042
synthetic_dataset_no_drifts,2500,HD,0.8267875,0.8269591907210577,0.8267875,0.826761315894304,1,32,0.8267714736660107,1.0,no_drifts,synthetic,NB,28,28042
synthetic_dataset_no_drifts,2500,JS,0.8267875,0.8269591907210577,0.8267875,0.826761315894304,1,32,0.8267714736660107,1.0,no_drifts,synthetic,NB,28,28042
synthetic_dataset_with_parallel_drifts_abrupt,1000,Base,0.7523875,0.7543838154818625,0.7523875,0.7519011584652815,0,80,0.7523886070327428,1.0,parallel_abrupt,synthetic,NB,21,21042
synthetic_dataset_with_parallel_drifts_abrupt,1000,KS95,0.7500625,0.7514975147640023,0.7500625,0.7497058155193465,30,80,0.7500634439062897,1.0,parallel_abrupt,synthetic,NB,21,21042
synthetic_dataset_with_parallel_drifts_abrupt,1000,KS90,0.7494875,0.7509230323057942,0.7494875,0.7491290459238035,32,80,0.7494884451559302,1.0,parallel_abrupt,synthetic,NB,21,21042
synthetic_dataset_with_parallel_drifts_abrupt,1000,HD,0.753325,0.7544591665747057,0.753325,0.7530501311341942,17,80,0.7533258342208288,1.0,parallel_abrupt,synthetic,NB,21,21042
synthetic_dataset_with_parallel_drifts_abrupt,1000,JS,0.7525625,0.753699217729142,0.7525625,0.7522853317087631,14,80,0.7525633364078521,1.0,parallel_abrupt,synthetic,NB,21,21042
synthetic_dataset_with_parallel_drifts_abrupt,1500,Base,0.7516875,0.7535909482477786,0.7516875,0.7512210674107169,0,53,0.7516885826573053,1.0,parallel_abrupt,synthetic,NB,21,21042
synthetic_dataset_with_parallel_drifts_abrupt,1500,KS95,0.7518125,0.7531853787165926,0.7518125,0.7514759391241621,25,53,0.7518134201573834,1.0,parallel_abrupt,synthetic,NB,21,21042
synthetic_dataset_with_parallel_drifts_abrupt,1500,KS90,0.7517125,0.7530328770563971,0.7517125,0.7513885073478085,27,53,0.7517134026573209,1.0,parallel_abrupt,synthetic,NB,21,21042
synthetic_dataset_with_parallel_drifts_abrupt,1500,HD,0.7521125,0.7537873588240398,0.7521125,0.7517032179704636,2,53,0.752113515157571,1.0,parallel_abrupt,synthetic,NB,21,21042
synthetic_dataset_with_parallel_drifts_abrupt,1500,JS,0.752825,0.7544745495006835,0.752825,0.7524241611939255,3,53,0.7528260060955163,1.0,parallel_abrupt,synthetic,NB,21,21042
synthetic_dataset_with_parallel_drifts_abrupt,2000,Base,0.7519875,0.7538404044902245,0.7519875,0.7515344758166963,0,40,0.7519885676574929,1.0,parallel_abrupt,synthetic,NB,21,21042
synthetic_dataset_with_parallel_drifts_abrupt,2000,KS95,0.752625,0.7542445263659061,0.752625,0.7522307964930771,23,40,0.7526259973453912,1.0,parallel_abrupt,synthetic,NB,21,21042
synthetic_dataset_with_parallel_drifts_abrupt,2000,KS90,0.75245,0.7540929887055834,0.75245,0.7520495517500108,24,40,0.7524510048452818,1.0,parallel_abrupt,synthetic,NB,21,21042
synthetic_dataset_with_parallel_drifts_abrupt,2000,HD,0.752075,0.7540881751108067,0.752075,0.7515833498386949,3,40,0.7520761123450476,1.0,parallel_abrupt,synthetic,NB,21,21042
synthetic_dataset_with_parallel_drifts_abrupt,2000,JS,0.752025,0.7539521164499318,0.752025,0.7515540678318768,1,40,0.7520260885950163,1.0,parallel_abrupt,synthetic,NB,21,21042
synthetic_dataset_with_parallel_drifts_abrupt,2500,Base,0.75215,0.7540095679973304,0.75215,0.751695943928839,0,32,0.7521510692200943,1.0,parallel_abrupt,synthetic,NB,21,21042
synthetic_dataset_with_parallel_drifts_abrupt,2500,KS95,0.75085,0.7524500533714578,0.75085,0.7504549593639648,22,32,0.7508509948442819,1.0,parallel_abrupt,synthetic,NB,21,21042
synthetic_dataset_with_parallel_drifts_abrupt,2500,KS90,0.7506875,0.7523200463451575,0.7506875,0.7502839493179162,23,32,0.7506885051566803,1.0,parallel_abrupt,synthetic,NB,21,21042
synthetic_dataset_with_parallel_drifts_abrupt,2500,HD,0.75185,0.7538956932856895,0.75185,0.7513495557986666,2,32,0.751851121719907,1.0,parallel_abrupt,synthetic,NB,21,21042
synthetic_dataset_with_parallel_drifts_abrupt,2500,JS,0.75185,0.7538956932856895,0.75185,0.7513495557986666,2,32,0.751851121719907,1.0,parallel_abrupt,synthetic,NB,21,21042
synthetic_dataset_with_switching_drifts_incremental,1000,Base,0.7502375,0.7522803886644633,0.7502375,0.7497312693768534,0,80,0.7502386245313992,1.0,switching_incremental,synthetic,NB,21,21042
synthetic_dataset_with_switching_drifts_incremental,1000,KS95,0.7471875,0.748928815468532,0.7471875,0.7467450032413053,36,80,0.7471885451544928,1.0,switching_incremental,synthetic,NB,21,21042
synthetic_dataset_with_switching_drifts_incremental,1000,KS90,0.7465125,0.7481118538489815,0.7465125,0.7461037234772666,39,80,0.7465135032790708,1.0,switching_incremental,synthetic,NB,21,21042
synthetic_dataset_with_switching_drifts_incremental,1000,HD,0.7477125,0.7506764474141658,0.7477125,0.746965055438868,4,80,0.7477138589048211,1.0,switching_incremental,synthetic,NB,21,21042
synthetic_dataset_with_switching_drifts_incremental,1000,JS,0.748775,0.7510100540826626,0.748775,0.7482149548695383,6,80,0.7487761792179851,1.0,switching_incremental,synthetic,NB,21,21042
synthetic_dataset_with_switching_drifts_incremental,1500,Base,0.7502375,0.752253018579738,0.7502375,0.749738013803938,0,53,0.750238617031399,1.0,switching_incremental,synthetic,NB,21,21042
synthetic_dataset_with_switching_drifts_incremental,1500,KS95,0.748525,0.7502746779836301,0.748525,0.7480851079344618,25,53,0.7485260448428287,1.0,switching_incremental,synthetic,NB,21,21042
synthetic_dataset_with_switching_drifts_incremental,1500,KS90,0.747925,0.7498317641236588,0.747925,0.7474435233857425,28,53,0.7479260917174537,1.0,switching_incremental,synthetic,NB,21,21042
synthetic_dataset_with_switching_drifts_incremental,1500,HD,0.749675,0.7514412481097754,0.749675,0.7492350176262204,4,53,0.7496760473435475,1.0,switching_incremental,synthetic,NB,21,21042
synthetic_dataset_with_switching_drifts_incremental,1500,JS,0.7487625,0.7506967247860875,0.7487625,0.7482773782176761,6,53,0.7487635976554772,1.0,switching_incremental,synthetic,NB,21,21042
synthetic_dataset_with_switching_drifts_incremental,2000,Base,0.7509,0.7528096527754982,0.7509,0.7504291060930636,0,40,0.7509010860943132,1.0,switching_incremental,synthetic,NB,21,21042
synthetic_dataset_with_switching_drifts_incremental,2000,KS95,0.749725,0.7517375273136866,0.749725,0.7492242081994304,15,40,0.7497261173435787,1.0,switching_incremental,synthetic,NB,21,21042
synthetic_dataset_with_switching_drifts_incremental,2000,KS90,0.750325,0.7522769537134666,0.750325,0.7498415189221476,20,40,0.7503260992189538,1.0,switching_incremental,synthetic,NB,21,21042
synthetic_dataset_with_switching_drifts_incremental,2000,HD,0.7493625,0.7517353387173814,0.7493625,0.7487709378076727,4,40,0.7493637132808524,1.0,switching_incremental,synthetic,NB,21,21042
synthetic_dataset_with_switching_drifts_incremental,2000,JS,0.74935,0.75161905644191,0.74935,0.7487840894157173,3,40,0.7493511867183443,1.0,switching_incremental,synthetic,NB,21,21042
synthetic_dataset_with_switching_drifts_incremental,2500,Base,0.750775,0.7526418948661437,0.750775,0.7503141362575959,0,32,0.7507760742192351,1.0,switching_incremental,synthetic,NB,21,21042
synthetic_dataset_with_switching_drifts_incremental,2500,KS95,0.749375,0.7513643691343064,0.749375,0.7488785551143601,13,32,0.7493761117183602,1.0,switching_incremental,synthetic,NB,21,21042
synthetic_dataset_with_switching_drifts_incremental,2500,KS90,0.7488875,0.7510512509363638,0.7488875,0.7483456990238112,14,32,0.7488886601555553,1.0,switching_incremental,synthetic,NB,21,21042
synthetic_dataset_with_switching_drifts_incremental,2500,HD,0.750775,0.7526418948661437,0.750775,0.7503141362575959,0,32,0.7507760742192351,1.0,switching_incremental,synthetic,NB,21,21042
synthetic_dataset_with_switching_drifts_incremental,2500,JS,0.750775,0.7526418948661437,0.750775,0.7503141362575959,0,32,0.7507760742192351,1.0,switching_incremental,synthetic,NB,21,21042
synthetic_dataset_with_parallel_drifts_incremental,1000,Base,0.750725,0.7527273994585602,0.750725,0.750230672707636,0,80,0.7507261123442038,1.0,parallel_incremental,synthetic,NB,21,21042
synthetic_dataset_with_parallel_drifts_incremental,1000,KS95,0.7490375,0.750815154012072,0.7490375,0.7485924322759896,22,80,0.7490385520306491,1.0,parallel_incremental,synthetic,NB,21,21042
synthetic_dataset_with_parallel_drifts_incremental,1000,KS90,0.7483875,0.7502074939133431,0.7483875,0.7479295160281143,27,80,0.7483885657802428,1.0,parallel_incremental,synthetic,NB,21,21042
synthetic_dataset_with_parallel_drifts_incremental,1000,HD,0.751375,0.752952161247387,0.751375,0.7509872155746606,2,80,0.75137598671961,1.0,parallel_incremental,synthetic,NB,21,21042
synthetic_dataset_with_parallel_drifts_incremental,1000,JS,0.749725,0.7516700474029998,0.749725,0.7492409091663914,5,80,0.7497260985935789,1.0,parallel_incremental,synthetic,NB,21,21042
synthetic_dataset_with_parallel_drifts_incremental,1500,Base,0.7509625,0.7529362743704953,0.7509625,0.7504761230203789,0,53,0.7509636039068522,1.0,parallel_incremental,synthetic,NB,21,21042
synthetic_dataset_with_parallel_drifts_incremental,1500,KS95,0.7502,0.7520127556977818,0.7502,0.749750376978637,14,53,0.7502010598438758,1.0,parallel_incremental,synthetic,NB,21,21042
synthetic_dataset_with_parallel_drifts_incremental,1500,KS90,0.7502875,0.7517199829828926,0.7502875,0.7499320813418344,20,53,0.7502884426564304,1.0,parallel_incremental,synthetic,NB,21,21042
synthetic_dataset_with_parallel_drifts_incremental,1500,HD,0.7503625,0.7521926259554963,0.7503625,0.7499091782388838,4,53,0.7503635645314772,1.0,parallel_incremental,synthetic,NB,21,21042
synthetic_dataset_with_parallel_drifts_incremental,1500,JS,0.750275,0.7520391138221305,0.750275,0.7498376453648623,3,53,0.7502760454689226,1.0,parallel_incremental,synthetic,NB,21,21042
synthetic_dataset_with_parallel_drifts_incremental,2000,Base,0.7511625,0.753057564664618,0.7511625,0.7506961621328154,0,40,0.7511635814069771,1.0,parallel_incremental,synthetic,NB,21,21042
synthetic_dataset_with_parallel_drifts_incremental,2000,KS95,0.7506375,0.7525154186033194,0.7506375,0.7501734201860081,15,40,0.7506385776566491,1.0,parallel_incremental,synthetic,NB,21,21042
synthetic_dataset_with_parallel_drifts_incremental,2000,KS90,0.7505875,0.7524628513609732,0.7505875,0.7501238664606448,21,40,0.7505885770316177,1.0,parallel_incremental,synthetic,NB,21,21042
synthetic_dataset_with_parallel_drifts_incremental,2000,HD,0.751075,0.7531006827253736,0.751075,0.7505763509273369,2,40,0.7510761179694225,1.0,parallel_incremental,synthetic,NB,21,21042
synthetic_dataset_with_parallel_drifts_incremental,2000,JS,0.7498625,0.7519114805858388,0.7498625,0.7493532476639213,6,40,0.7498636270311647,1.0,parallel_incremental,synthetic,NB,21,21042
synthetic_dataset_with_parallel_drifts_incremental,2500,Base,0.7512625,0.7530970298445735,0.7512625,0.7508113438337514,0,32,0.7512635639070397,1.0,parallel_incremental,synthetic,NB,21,21042
synthetic_dataset_with_parallel_drifts_incremental,2500,KS95,0.750425,0.7521753293217874,0.750425,0.7499915655158358,9,32,0.7504260410940162,1.0,parallel_incremental,synthetic,NB,21,21042
synthetic_dataset_with_parallel_drifts_incremental,2500,KS90,0.7505,0.7523977789058441,0.7505,0.7500305231477086,14,32,0.7505010835940631,1.0,parallel_incremental,synthetic,NB,21,21042
synthetic_dataset_with_parallel_drifts_incremental,2500,HD,0.7512625,0.7530970298445735,0.7512625,0.7508113438337514,0,32,0.7512635639070397,1.0,parallel_incremental,synthetic,NB,21,21042
synthetic_dataset_with_parallel_drifts_incremental,2500,JS,0.7512625,0.7530970298445735,0.7512625,0.7508113438337514,0,32,0.7512635639070397,1.0,parallel_incremental,synthetic,NB,21,21042
synthetic_dataset_with_switching_drifts_abrupt,1000,Base,0.719275,0.7202494616476077,0.719275,0.7189645315935759,0,80,0.7192758310745474,1.0,switching_abrupt,synthetic,NB,21,21042
synthetic_dataset_with_switching_drifts_abrupt,1000,KS95,0.7043125,0.7048081253330342,0.7043125,0.7041338175074422,72,80,0.7043131145026956,1.0,switching_abrupt,synthetic,NB,21,21042
synthetic_dataset_with_switching_drifts_abrupt,1000,KS90,0.7043,0.7048165156193902,0.7043,0.7041137745044221,74,80,0.7043006273151877,1.0,switching_abrupt,synthetic,NB,21,21042
synthetic_dataset_with_switching_drifts_abrupt,1000,HD,0.715425,0.7161412677909451,0.715425,0.7151893816850178,8,80,0.7154257191971409,1.0,switching_abrupt,synthetic,NB,21,21042
synthetic_dataset_with_switching_drifts_abrupt,1000,JS,0.7177,0.7190660127096289,0.7177,0.7172596921336418,4,80,0.7177009866985631,1.0,switching_abrupt,synthetic,NB,21,21042
synthetic_dataset_with_switching_drifts_abrupt,1500,Base,0.7200875,0.7211554502002615,0.7200875,0.7197495671837443,0,53,0.7200883682625552,1.0,switching_abrupt,synthetic,NB,21,21042
synthetic_dataset_with_switching_drifts_abrupt,1500,KS95,0.703475,0.7037489513650115,0.703475,0.7033755277703075,49,53,0.703475457939672,1.0,switching_abrupt,synthetic,NB,21,21042
synthetic_dataset_with_switching_drifts_abrupt,1500,KS90,0.703475,0.7037489513650115,0.703475,0.7033755277703075,49,53,0.703475457939672,1.0,switching_abrupt,synthetic,NB,21,21042
synthetic_dataset_with_switching_drifts_abrupt,1500,HD,0.71885,0.7200620997359076,0.71885,0.7184627507995583,5,53,0.7188509273242818,1.0,switching_abrupt,synthetic,NB,21,21042
synthetic_dataset_with_switching_drifts_abrupt,1500,JS,0.71885,0.7200620997359076,0.71885,0.7184627507995583,5,53,0.7188509273242818,1.0,switching_abrupt,synthetic,NB,21,21042
synthetic_dataset_with_switching_drifts_abrupt,2000,Base,0.720825,0.7217609493909034,0.720825,0.7205304914280812,0,40,0.7208258117005161,1.0,switching_abrupt,synthetic,NB,21,21042
synthetic_dataset_with_switching_drifts_abrupt,2000,KS95,0.7074125,0.7076158027859237,0.7074125,0.7073410501346838,37,40,0.707412890754633,1.0,switching_abrupt,synthetic,NB,21,21042
synthetic_dataset_with_switching_drifts_abrupt,2000,KS90,0.7074125,0.7076158027859237,0.7074125,0.7073410501346838,37,40,0.707412890754633,1.0,switching_abrupt,synthetic,NB,21,21042
synthetic_dataset_with_switching_drifts_abrupt,2000,HD,0.7208875,0.7219874110642053,0.7208875,0.7205417320471829,2,40,0.7208883795130553,1.0,switching_abrupt,synthetic,NB,21,21042
synthetic_dataset_with_switching_drifts_abrupt,2000,JS,0.7208875,0.7219874110642053,0.7208875,0.7205417320471829,2,40,0.7208883795130553,1.0,switching_abrupt,synthetic,NB,21,21042
synthetic_dataset_with_switching_drifts_abrupt,2500,Base,0.7210875,0.7220281858043485,0.7210875,0.7207921330869886,0,32,0.7210883132631802,1.0,switching_abrupt,synthetic,NB,21,21042
synthetic_dataset_with_switching_drifts_abrupt,2500,KS95,0.7079125,0.7082573488576208,0.7079125,0.707791787250599,29,32,0.7079130082549456,1.0,switching_abrupt,synthetic,NB,21,21042
synthetic_dataset_with_switching_drifts_abrupt,2500,KS90,0.7079125,0.7082573488576208,0.7079125,0.707791787250599,29,32,0.7079130082549456,1.0,switching_abrupt,synthetic,NB,21,21042
synthetic_dataset_with_switching_drifts_abrupt,2500,HD,0.7214,0.7223750029643407,0.7214,0.7210946595666153,2,32,0.7214008273258755,1.0,switching_abrupt,synthetic,NB,21,21042
synthetic_dataset_with_switching_drifts_abrupt,2500,JS,0.7173875,0.7183081805131218,0.7173875,0.7170895949219639,7,32,0.7173883113858678,1.0,switching_abrupt,synthetic,NB,21,21042
synthetic_dataset_no_drifts,1000,Base,0.7506,0.7526241314245202,0.7506,0.7500998394447748,0,80,0.7506011185941257,1.0,no_drifts,synthetic,NB,21,21042
synthetic_dataset_no_drifts,1000,KS95,0.7480125,0.7503675940605694,0.7480125,0.747418979403968,9,80,0.7480137120300085,1.0,no_drifts,synthetic,NB,21,21042
synthetic_dataset_no_drifts,1000,KS90,0.749375,0.7513801792944218,0.749375,0.7488746316923368,12,80,0.7493761160933601,1.0,no_drifts,synthetic,NB,21,21042
synthetic_dataset_no_drifts,1000,HD,0.7487625,0.7508506426602884,0.7487625,0.7482389988806779,5,80,0.7487636401554771,1.0,no_drifts,synthetic,NB,21,21042
synthetic_dataset_no_drifts,1000,JS,0.7504625,0.7523172496956233,0.7504625,0.7500034762885393,3,80,0.7504635714065397,1.0,no_drifts,synthetic,NB,21,21042
synthetic_dataset_no_drifts,1500,Base,0.7507125,0.7527000892260397,0.7507125,0.7502217598692885,0,53,0.750713608281696,1.0,no_drifts,synthetic,NB,21,21042
synthetic_dataset_no_drifts,1500,KS95,0.7493625,0.751112788646654,0.7493625,0.7489253857115262,5,53,0.7493635432808523,1.0,no_drifts,synthetic,NB,21,21042
synthetic_dataset_no_drifts,1500,KS90,0.7500375,0.7517967600459972,0.7500375,0.749600515678801,6,53,0.750038544531274,1.0,no_drifts,synthetic,NB,21,21042
synthetic_dataset_no_drifts,1500,HD,0.75005,0.751823152888904,0.75005,0.7496096254513662,3,53,0.7500510485937819,1.0,no_drifts,synthetic,NB,21,21042
synthetic_dataset_no_drifts,1500,JS,0.75035,0.7521509405309027,0.75035,0.7499038273358571,4,53,0.7503510560939693,1.0,no_drifts,synthetic,NB,21,21042
synthetic_dataset_no_drifts,2000,Base,0.751175,0.7530956206004142,0.751175,0.7507024535871226,0,40,0.7511760885944851,1.0,no_drifts,synthetic,NB,21,21042
synthetic_dataset_no_drifts,2000,KS95,0.75055,0.75248138896962,0.75055,0.7500724433201591,2,40,0.7505510929690944,1.0,no_drifts,synthetic,NB,21,21042
synthetic_dataset_no_drifts,2000,KS90,0.7505875,0.7526863064972765,0.7505875,0.7500689430476039,6,40,0.7505886389066179,1.0,no_drifts,synthetic,NB,21,21042
synthetic_dataset_no_drifts,2000,HD,0.7495625,0.751827460233845,0.7495625,0.7489985607135796,3,40,0.7495636851559774,1.0,no_drifts,synthetic,NB,21,21042
synthetic_dataset_no_drifts,2000,JS,0.749725,0.7519113882387849,0.749725,0.7491812088769373,3,40,0.7497261642185787,1.0,no_drifts,synthetic,NB,21,21042
synthetic_dataset_no_drifts,2500,Base,0.7510625,0.7529020827069057,0.7510625,0.7506093850514132,0,32,0.7510635657819147,1.0,no_drifts,synthetic,NB,21,21042
synthetic_dataset_no_drifts,2500,KS95,0.74925,0.7513572908854763,0.74925,0.748723776363853,4,32,0.749251144218282,1.0,no_drifts,synthetic,NB,21,21042
synthetic_dataset_no_drifts,2500,KS90,0.7490625,0.7512679550548245,0.7490625,0.748511090975286,5,32,0.7490636707806648,1.0,no_drifts,synthetic,NB,21,21042
synthetic_dataset_no_drifts,2500,HD,0.7510625,0.7529020827069057,0.7510625,0.7506093850514132,0,32,0.7510635657819147,1.0,no_drifts,synthetic,NB,21,21042
synthetic_dataset_no_drifts,2500,JS,0.7510625,0.7529020827069057,0.7510625,0.7506093850514132,0,32,0.7510635657819147,1.0,no_drifts,synthetic,NB,21,21042
synthetic_dataset_with_parallel_drifts_abrupt,1000,Base,0.8222625,0.8232772688726836,0.8222625,0.822125286113729,0,80,0.8222729609446352,1.0,parallel_abrupt,synthetic,NB,26,26042
synthetic_dataset_with_parallel_drifts_abrupt,1000,KS95,0.8145875,0.8146870376323994,0.8145875,0.814573632498521,26,80,0.8145907879893295,1.0,parallel_abrupt,synthetic,NB,26,26042
synthetic_dataset_with_parallel_drifts_abrupt,1000,KS90,0.8145625,0.8146741333815808,0.8145625,0.8145468950141436,28,80,0.8145659848608418,1.0,parallel_abrupt,synthetic,NB,26,26042
synthetic_dataset_with_parallel_drifts_abrupt,1000,HD,0.818675,0.8189641011331491,0.818675,0.8186352133181266,8,80,0.8186805995019593,1.0,parallel_abrupt,synthetic,NB,26,26042
synthetic_dataset_with_parallel_drifts_abrupt,1000,JS,0.8197625,0.8203149530596725,0.8197625,0.819686545255075,8,80,0.8197702418426902,1.0,parallel_abrupt,synthetic,NB,26,26042
synthetic_dataset_with_parallel_drifts_abrupt,1500,Base,0.822625,0.8237234659427364,0.822625,0.8224768669721186,0,53,0.8226358781831704,1.0,parallel_abrupt,synthetic,NB,26,26042
synthetic_dataset_with_parallel_drifts_abrupt,1500,KS95,0.8155375,0.8156217089382893,0.8155375,0.8155259205091568,25,53,0.815540516247885,1.0,parallel_abrupt,synthetic,NB,26,26042
synthetic_dataset_with_parallel_drifts_abrupt,1500,KS90,0.8154,0.8154875574299553,0.8154,0.8153879314833039,27,53,0.8154030771660576,1.0,parallel_abrupt,synthetic,NB,26,26042
synthetic_dataset_with_parallel_drifts_abrupt,1500,HD,0.8216125,0.8223238419076335,0.8216125,0.8215160253656438,2,53,0.8216212639779903,1.0,parallel_abrupt,synthetic,NB,26,26042
synthetic_dataset_with_parallel_drifts_abrupt,1500,JS,0.8191,0.8194629311158856,0.8191,0.8190500689835791,9,53,0.8191062745618198,1.0,parallel_abrupt,synthetic,NB,26,26042
synthetic_dataset_with_parallel_drifts_abrupt,2000,Base,0.822225,0.8234564246947379,0.822225,0.8220582544721455,0,40,0.8222365250020113,1.0,parallel_abrupt,synthetic,NB,26,26042
synthetic_dataset_with_parallel_drifts_abrupt,2000,KS95,0.8136875,0.8138172782673543,0.8136875,0.8136691519810519,22,40,0.8136912659878343,1.0,parallel_abrupt,synthetic,NB,26,26042
synthetic_dataset_with_parallel_drifts_abrupt,2000,KS90,0.81355,0.8137549954431004,0.81355,0.8135206942135206,25,40,0.813554745656136,1.0,parallel_abrupt,synthetic,NB,26,26042
synthetic_dataset_with_parallel_drifts_abrupt,2000,HD,0.81995,0.8204213656204101,0.81995,0.8198854124887657,7,40,0.8199571465564738,1.0,parallel_abrupt,synthetic,NB,26,26042
synthetic_dataset_with_parallel_drifts_abrupt,2000,JS,0.8216,0.8224061026746865,0.8216,0.8214905486079525,1,40,0.8216093311638122,1.0,parallel_abrupt,synthetic,NB,26,26042
synthetic_dataset_with_parallel_drifts_abrupt,2500,Base,0.8221375,0.8234469208092227,0.8221375,0.8219600059238102,0,32,0.8221493859272573,1.0,parallel_abrupt,synthetic,NB,26,26042
synthetic_dataset_with_parallel_drifts_abrupt,2500,KS95,0.8158125,0.8161502184409258,0.8158125,0.8157647511430907,22,32,0.8158185819119881,1.0,parallel_abrupt,synthetic,NB,26,26042
synthetic_dataset_with_parallel_drifts_abrupt,2500,KS90,0.8157625,0.8160929653920448,0.8157625,0.8157157712375022,23,32,0.8157685162799476,1.0,parallel_abrupt,synthetic,NB,26,26042
synthetic_dataset_with_parallel_drifts_abrupt,2500,HD,0.8221125,0.8233325094690861,0.8221125,0.8219471458895148,2,32,0.8221239734236838,1.0,parallel_abrupt,synthetic,NB,26,26042
synthetic_dataset_with_parallel_drifts_abrupt,2500,JS,0.82135,0.8222553106623945,0.82135,0.8212267041685333,4,32,0.8213598936287351,1.0,parallel_abrupt,synthetic,NB,26,26042
synthetic_dataset_with_switching_drifts_incremental,1000,Base,0.8316125,0.8331288801194187,0.8316125,0.8314233231141217,0,80,0.831625109134781,1.0,switching_incremental,synthetic,NB,26,26042
synthetic_dataset_with_switching_drifts_incremental,1000,KS95,0.82965,0.8307702140872012,0.82965,0.829507980182844,44,80,0.8296608697960598,1.0,switching_incremental,synthetic,NB,26,26042
synthetic_dataset_with_switching_drifts_incremental,1000,KS90,0.828925,0.8299932359183196,0.828925,0.8287887326723056,49,80,0.8289356259440724,1.0,switching_incremental,synthetic,NB,26,26042
synthetic_dataset_with_switching_drifts_incremental,1000,HD,0.8307625,0.8316738768925955,0.8307625,0.8306482453239263,7,80,0.8307722871398528,1.0,switching_incremental,synthetic,NB,26,26042
synthetic_dataset_with_switching_drifts_incremental,1000,JS,0.8306875,0.8317642449147352,0.8306875,0.83055227750712,7,80,0.8306981402544259,1.0,switching_incremental,synthetic,NB,26,26042
synthetic_dataset_with_switching_drifts_incremental,1500,Base,0.831325,0.8329027531906943,0.831325,0.8311276329374258,0,53,0.8313378669068875,1.0,switching_incremental,synthetic,NB,26,26042
synthetic_dataset_with_switching_drifts_incremental,1500,KS95,0.8301625,0.831154066044357,0.8301625,0.8300374546399857,33,53,0.8301727183055385,1.0,switching_incremental,synthetic,NB,26,26042
synthetic_dataset_with_switching_drifts_incremental,1500,KS90,0.830025,0.8310892268963161,0.830025,0.8298905677509136,37,53,0.8300355885987547,1.0,switching_incremental,synthetic,NB,26,26042
synthetic_dataset_with_switching_drifts_incremental,1500,HD,0.8308375,0.8323189983075141,0.8308375,0.8306514072750532,3,53,0.8308499777757781,1.0,switching_incremental,synthetic,NB,26,26042
synthetic_dataset_with_switching_drifts_incremental,1500,JS,0.831225,0.8328744581259727,0.831225,0.8310184495739719,2,53,0.831238157517866,1.0,switching_incremental,synthetic,NB,26,26042
synthetic_dataset_with_switching_drifts_incremental,2000,Base,0.830825,0.8324257849676736,0.830825,0.8306238465961029,0,40,0.8308379699615894,1.0,switching_incremental,synthetic,NB,26,26042
synthetic_dataset_with_switching_drifts_incremental,2000,KS95,0.829575,0.8307358819749768,0.829575,0.8294276970778864,27,40,0.8295860666605406,1.0,switching_incremental,synthetic,NB,26,26042
synthetic_dataset_with_switching_drifts_incremental,2000,KS90,0.82945,0.8305445905247083,0.82945,0.8293110002507114,28,40,0.8294607478929177,1.0,switching_incremental,synthetic,NB,26,26042
synthetic_dataset_with_switching_drifts_incremental,2000,HD,0.830825,0.8324257849676736,0.830825,0.8306238465961029,0,40,0.8308379699615894,1.0,switching_incremental,synthetic,NB,26,26042
synthetic_dataset_with_switching_drifts_incremental,2000,JS,0.830825,0.8324257849676736,0.830825,0.8306238465961029,0,40,0.8308379699615894,1.0,switching_incremental,synthetic,NB,26,26042
synthetic_dataset_with_switching_drifts_incremental,2500,Base,0.8311375,0.8326880155608883,0.8311375,0.8309432266649577,0,32,0.8311502590680051,1.0,switching_incremental,synthetic,NB,26,26042
synthetic_dataset_with_switching_drifts_incremental,2500,KS95,0.8305,0.831404574869815,0.8305,0.8303863383163446,13,32,0.830509754290434,1.0,switching_incremental,synthetic,NB,26,26042
synthetic_dataset_with_switching_drifts_incremental,2500,KS90,0.82995,0.8310328979435874,0.82995,0.829813103745248,23,32,0.829960682338221,1.0,switching_incremental,synthetic,NB,26,26042
synthetic_dataset_with_switching_drifts_incremental,2500,HD,0.8311375,0.8326880155608883,0.8311375,0.8309432266649577,0,32,0.8311502590680051,1.0,switching_incremental,synthetic,NB,26,26042
synthetic_dataset_with_switching_drifts_incremental,2500,JS,0.8311375,0.8326880155608883,0.8311375,0.8309432266649577,0,32,0.8311502590680051,1.0,switching_incremental,synthetic,NB,26,26042
synthetic_dataset_with_parallel_drifts_incremental,1000,Base,0.8318375,0.8333981332662089,0.8318375,0.8316431739914814,0,80,0.8318502872914467,1.0,parallel_incremental,synthetic,NB,26,26042
synthetic_dataset_with_parallel_drifts_incremental,1000,KS95,0.8305625,0.8317317625095344,0.8305625,0.8304154264512599,20,80,0.830573590236911,1.0,parallel_incremental,synthetic,NB,26,26042
synthetic_dataset_with_parallel_drifts_incremental,1000,KS90,0.8302625,0.8313378748301453,0.8302625,0.8301269380781974,22,80,0.8302731401946603,1.0,parallel_incremental,synthetic,NB,26,26042
synthetic_dataset_with_parallel_drifts_incremental,1000,HD,0.8314125,0.8324371855060659,0.8314125,0.8312846841951257,5,80,0.8314228684813408,1.0,parallel_incremental,synthetic,NB,26,26042
synthetic_dataset_with_parallel_drifts_incremental,1000,JS,0.8305375,0.8311235558783608,0.8305375,0.830464158540702,6,80,0.8305453464829393,1.0,parallel_incremental,synthetic,NB,26,26042
synthetic_dataset_with_parallel_drifts_incremental,1500,Base,0.8318375,0.8334606290258214,0.8318375,0.8316353661637451,0,53,0.8318505404164822,1.0,parallel_incremental,synthetic,NB,26,26042
synthetic_dataset_with_parallel_drifts_incremental,1500,KS95,0.8305625,0.8314890803228121,0.8305625,0.830446118529747,18,53,0.8305723714867398,1.0,parallel_incremental,synthetic,NB,26,26042
synthetic_dataset_with_parallel_drifts_incremental,1500,KS90,0.8302875,0.831083083498118,0.8302875,0.830187440471643,21,53,0.8302966495729662,1.0,parallel_incremental,synthetic,NB,26,26042
synthetic_dataset_with_parallel_drifts_incremental,1500,HD,0.831775,0.8334083607834362,0.831775,0.8315714742399172,1,53,0.8317880825951991,1.0,parallel_incremental,synthetic,NB,26,26042
synthetic_dataset_with_parallel_drifts_incremental,1500,JS,0.831775,0.8334083607834362,0.831775,0.8315714742399172,1,53,0.8317880825951991,1.0,parallel_incremental,synthetic,NB,26,26042
synthetic_dataset_with_parallel_drifts_incremental,2000,Base,0.8313375,0.8330028607904453,0.8313375,0.831129161630979,0,40,0.8313507184711948,1.0,parallel_incremental,synthetic,NB,26,26042
synthetic_dataset_with_parallel_drifts_incremental,2000,KS95,0.830775,0.831837849942363,0.830775,0.8306416369756277,16,40,0.8307855699542208,1.0,parallel_incremental,synthetic,NB,26,26042
synthetic_dataset_with_parallel_drifts_incremental,2000,KS90,0.8303875,0.8315680315009195,0.8303875,0.8302387696089987,20,40,0.8303986464623097,1.0,parallel_incremental,synthetic,NB,26,26042
synthetic_dataset_with_parallel_drifts_incremental,2000,HD,0.8313375,0.8330028607904453,0.8313375,0.831129161630979,0,40,0.8313507184711948,1.0,parallel_incremental,synthetic,NB,26,26042
synthetic_dataset_with_parallel_drifts_incremental,2000,JS,0.8313375,0.8330028607904453,0.8313375,0.831129161630979,0,40,0.8313507184711948,1.0,parallel_incremental,synthetic,NB,26,26042
synthetic_dataset_with_parallel_drifts_incremental,2500,Base,0.83155,0.8331519424222082,0.83155,0.8313499994790764,0,32,0.8315629606885412,1.0,parallel_incremental,synthetic,NB,26,26042
synthetic_dataset_with_parallel_drifts_incremental,2500,KS95,0.8308,0.831715843168155,0.8308,0.8306852198718357,15,32,0.8308098105826297,1.0,parallel_incremental,synthetic,NB,26,26042
synthetic_dataset_with_parallel_drifts_incremental,2500,KS90,0.8308,0.8316898163808062,0.8308,0.8306885045776886,17,32,0.8308096699576097,1.0,parallel_incremental,synthetic,NB,26,26042
synthetic_dataset_with_parallel_drifts_incremental,2500,HD,0.8312875,0.8324278286917163,0.8312875,0.8311450103306168,1,32,0.8312984403388431,1.0,parallel_incremental,synthetic,NB,26,26042
synthetic_dataset_with_parallel_drifts_incremental,2500,JS,0.83155,0.8331519424222082,0.83155,0.8313499994790764,0,32,0.8315629606885412,1.0,parallel_incremental,synthetic,NB,26,26042
synthetic_dataset_with_switching_drifts_abrupt,1000,Base,0.7972,0.79739455498304,0.7972,0.7971681243577473,0,80,0.797204743356917,1.0,switching_abrupt,synthetic,NB,26,26042
synthetic_dataset_with_switching_drifts_abrupt,1000,KS95,0.78295,0.7830341527823147,0.78295,0.7829348280049836,74,80,0.7829531757277903,1.0,switching_abrupt,synthetic,NB,26,26042
synthetic_dataset_with_switching_drifts_abrupt,1000,KS90,0.78295,0.7830341527823147,0.78295,0.7829348280049836,74,80,0.7829531757277903,1.0,switching_abrupt,synthetic,NB,26,26042
synthetic_dataset_with_switching_drifts_abrupt,1000,HD,0.7981625,0.7987225928150473,0.7981625,0.7980700319865031,2,80,0.7981705669302359,1.0,switching_abrupt,synthetic,NB,26,26042
synthetic_dataset_with_switching_drifts_abrupt,1000,JS,0.7981625,0.7987225928150473,0.7981625,0.7980700319865031,2,80,0.7981705669302359,1.0,switching_abrupt,synthetic,NB,26,26042
synthetic_dataset_with_switching_drifts_abrupt,1500,Base,0.797775,0.7980437155217687,0.797775,0.797730926568297,0,53,0.7977805778128939,1.0,switching_abrupt,synthetic,NB,26,26042
synthetic_dataset_with_switching_drifts_abrupt,1500,KS95,0.7852125,0.7852834069688176,0.7852125,0.7852000189812257,49,53,0.7852153994834155,1.0,switching_abrupt,synthetic,NB,26,26042
synthetic_dataset_with_switching_drifts_abrupt,1500,KS90,0.785375,0.7854167196413424,0.785375,0.7853678184222858,50,53,0.7853772104436703,1.0,switching_abrupt,synthetic,NB,26,26042
synthetic_dataset_with_switching_drifts_abrupt,1500,HD,0.7955375,0.7957444669502023,0.7955375,0.7955030801701347,7,53,0.7955424071856511,1.0,switching_abrupt,synthetic,NB,26,26042
synthetic_dataset_with_switching_drifts_abrupt,1500,JS,0.7918375,0.7918664407894692,0.7918375,0.7918328598647635,8,53,0.7918393129149034,1.0,switching_abrupt,synthetic,NB,26,26042
synthetic_dataset_with_switching_drifts_abrupt,2000,Base,0.7977,0.7980868904664327,0.7977,0.7976361604473241,0,40,0.7977067028025051,1.0,switching_abrupt,synthetic,NB,26,26042
synthetic_dataset_with_switching_drifts_abrupt,2000,KS95,0.78035,0.7804469832292791,0.78035,0.7803320660948092,37,40,0.7803534284872009,1.0,switching_abrupt,synthetic,NB,26,26042
synthetic_dataset_with_switching_drifts_abrupt,2000,KS90,0.78035,0.7804469832292791,0.78035,0.7803320660948092,37,40,0.7803534284872009,1.0,switching_abrupt,synthetic,NB,26,26042
synthetic_dataset_with_switching_drifts_abrupt,2000,HD,0.7980625,0.7986904358337612,0.7980625,0.7979586272706848,2,40,0.7980710450412407,1.0,switching_abrupt,synthetic,NB,26,26042
synthetic_dataset_with_switching_drifts_abrupt,2000,JS,0.7980625,0.7986904358337612,0.7980625,0.7979586272706848,2,40,0.7980710450412407,1.0,switching_abrupt,synthetic,NB,26,26042
synthetic_dataset_with_switching_drifts_abrupt,2500,Base,0.797875,0.7983074874317192,0.797875,0.7978036383248399,0,32,0.7978820872021686,1.0,switching_abrupt,synthetic,NB,26,26042
synthetic_dataset_with_switching_drifts_abrupt,2500,KS95,0.7838625,0.7840353249595768,0.7838625,0.7838309890824192,29,32,0.7838670680438065,1.0,switching_abrupt,synthetic,NB,26,26042
synthetic_dataset_with_switching_drifts_abrupt,2500,KS90,0.7838625,0.7840353249595768,0.7838625,0.7838309890824192,29,32,0.7838670680438065,1.0,switching_abrupt,synthetic,NB,26,26042
synthetic_dataset_with_switching_drifts_abrupt,2500,HD,0.79645,0.797529217523146,0.79645,0.796268327613462,7,32,0.7964612401273619,1.0,switching_abrupt,synthetic,NB,26,26042
synthetic_dataset_with_switching_drifts_abrupt,2500,JS,0.79645,0.797529217523146,0.79645,0.796268327613462,7,32,0.7964612401273619,1.0,switching_abrupt,synthetic,NB,26,26042
synthetic_dataset_no_drifts,1000,Base,0.8318875,0.8334506592923177,0.8318875,0.8316929454288519,0,80,0.8319002966734792,1.0,no_drifts,synthetic,NB,26,26042
synthetic_dataset_no_drifts,1000,KS95,0.8318875,0.8334506592923177,0.8318875,0.8316929454288519,0,80,0.8319002966734792,1.0,no_drifts,synthetic,NB,26,26042
synthetic_dataset_no_drifts,1000,KS90,0.83165,0.8327672501919887,0.83165,0.8315108616849491,4,80,0.8316608232023033,1.0,no_drifts,synthetic,NB,26,26042
synthetic_dataset_no_drifts,1000,HD,0.8307,0.8314026174504681,0.8307,0.830612048592439,5,80,0.8307085918183956,1.0,no_drifts,synthetic,NB,26,26042
synthetic_dataset_no_drifts,1000,JS,0.83145,0.8332598073793183,0.83145,0.8312237686786662,4,80,0.8314637762995936,1.0,no_drifts,synthetic,NB,26,26042
synthetic_dataset_no_drifts,1500,Base,0.8317125,0.8333443835280677,0.8317125,0.8315090452018717,0,53,0.8317255778989094,1.0,no_drifts,synthetic,NB,26,26042
synthetic_dataset_no_drifts,1500,KS95,0.8314625,0.8328458620635122,0.8314625,0.8312897486947524,1,53,0.8314745466136081,1.0,no_drifts,synthetic,NB,26,26042
synthetic_dataset_no_drifts,1500,KS90,0.8315125,0.8329858507426489,0.8315125,0.8313285465689656,3,53,0.8315249309956935,1.0,no_drifts,synthetic,NB,26,26042
synthetic_dataset_no_drifts,1500,HD,0.831675,0.8333741809549119,0.831675,0.8314630585408426,2,53,0.8316883450811735,1.0,no_drifts,synthetic,NB,26,26042
synthetic_dataset_no_drifts,1500,JS,0.831675,0.8333741809549119,0.831675,0.8314630585408426,2,53,0.8316883450811735,1.0,no_drifts,synthetic,NB,26,26042
synthetic_dataset_no_drifts,2000,Base,0.8316375,0.8332690175368008,0.8316375,0.8314339545290063,0,40,0.8316505778883625,1.0,no_drifts,synthetic,NB,26,26042
synthetic_dataset_no_drifts,2000,KS95,0.8311,0.8322096289060211,0.8311,0.8309611354216664,1,40,0.8311107949999555,1.0,no_drifts,synthetic,NB,26,26042
synthetic_dataset_no_drifts,2000,KS90,0.83125,0.832701153051684,0.83125,0.8310684032875278,4,40,0.8312623418962669,1.0,no_drifts,synthetic,NB,26,26042
synthetic_dataset_no_drifts,2000,HD,0.8316375,0.8332690175368008,0.8316375,0.8314339545290063,0,40,0.8316505778883625,1.0,no_drifts,synthetic,NB,26,26042
synthetic_dataset_no_drifts,2000,JS,0.8316375,0.8332690175368008,0.8316375,0.8314339545290063,0,40,0.8316505778883625,1.0,no_drifts,synthetic,NB,26,26042
synthetic_dataset_no_drifts,2500,Base,0.8315125,0.8330945964539461,0.8315125,0.831314919077303,0,32,0.8315253809957568,1.0,no_drifts,synthetic,NB,26,26042
synthetic_dataset_no_drifts,2500,KS95,0.8317,0.833268019735342,0.8317,0.8315045108575294,1,32,0.8317128200846153,1.0,no_drifts,synthetic,NB,26,26042
synthetic_dataset_no_drifts,2500,KS90,0.8315125,0.8330149152451916,0.8315125,0.8313249040259838,2,32,0.8315250528707107,1.0,no_drifts,synthetic,NB,26,26042
synthetic_dataset_no_drifts,2500,HD,0.8315125,0.8330945964539461,0.8315125,0.831314919077303,0,32,0.8315253809957568,1.0,no_drifts,synthetic,NB,26,26042
synthetic_dataset_no_drifts,2500,JS,0.8315125,0.8330945964539461,0.8315125,0.831314919077303,0,32,0.8315253809957568,1.0,no_drifts,synthetic,NB,26,26042
synthetic_dataset_with_parallel_drifts_abrupt,1000,Base,0.8343375,0.8379881293035276,0.8343375,0.8338868140003571,0,80,0.8343270958730838,1.0,parallel_abrupt,synthetic,NB,19,19042
synthetic_dataset_with_parallel_drifts_abrupt,1000,KS95,0.82715,0.8286140848167425,0.82715,0.8269558015737446,28,80,0.8271433130857325,1.0,parallel_abrupt,synthetic,NB,19,19042
synthetic_dataset_with_parallel_drifts_abrupt,1000,KS90,0.827025,0.8290215673225008,0.827025,0.8267604879364766,31,80,0.827017198080688,1.0,parallel_abrupt,synthetic,NB,19,19042
synthetic_dataset_with_parallel_drifts_abrupt,1000,HD,0.8299,0.8316167010478904,0.8299,0.8296780348079337,18,80,0.8298927931957117,1.0,parallel_abrupt,synthetic,NB,19,19042
synthetic_dataset_with_parallel_drifts_abrupt,1000,JS,0.8316125,0.83388921790466,0.8316125,0.8313232194233551,13,80,0.8316042307641692,1.0,parallel_abrupt,synthetic,NB,19,19042
synthetic_dataset_with_parallel_drifts_abrupt,1500,Base,0.8341125,0.8378499424853512,0.8341125,0.833650276164995,0,53,0.8341019708640789,1.0,parallel_abrupt,synthetic,NB,19,19042
synthetic_dataset_with_parallel_drifts_abrupt,1500,KS95,0.82925,0.8313045897949102,0.82925,0.8289831705887906,26,53,0.8292421131696844,1.0,parallel_abrupt,synthetic,NB,19,19042
synthetic_dataset_with_parallel_drifts_abrupt,1500,KS90,0.8287125,0.8311862090868101,0.8287125,0.8283901918586818,28,53,0.8287038456481538,1.0,parallel_abrupt,synthetic,NB,19,19042
synthetic_dataset_with_parallel_drifts_abrupt,1500,HD,0.8342125,0.83790448716748,0.8342125,0.8337562491850449,2,53,0.8342020358680814,1.0,parallel_abrupt,synthetic,NB,19,19042
synthetic_dataset_with_parallel_drifts_abrupt,1500,JS,0.83405,0.8368580917972346,0.83405,0.8337015448940663,3,53,0.8340408583616343,1.0,parallel_abrupt,synthetic,NB,19,19042
synthetic_dataset_with_parallel_drifts_abrupt,2000,Base,0.8332875,0.8372598505934465,0.8332875,0.8327928976472564,0,40,0.8332766358310654,1.0,parallel_abrupt,synthetic,NB,19,19042
synthetic_dataset_with_parallel_drifts_abrupt,2000,KS95,0.829075,0.8318994971852917,0.829075,0.8287085952959676,24,40,0.8290657631626304,1.0,parallel_abrupt,synthetic,NB,19,19042
synthetic_dataset_with_parallel_drifts_abrupt,2000,KS90,0.828625,0.8321591838789932,0.828625,0.8281657027853416,26,40,0.8286146731445869,1.0,parallel_abrupt,synthetic,NB,19,19042
synthetic_dataset_with_parallel_drifts_abrupt,2000,HD,0.8317625,0.8361719206644084,0.8317625,0.8312066037584658,5,40,0.8317510357700414,1.0,parallel_abrupt,synthetic,NB,19,19042
synthetic_dataset_with_parallel_drifts_abrupt,2000,JS,0.8310375,0.8357383027645424,0.8310375,0.8304414951738917,8,40,0.8310256557410262,1.0,parallel_abrupt,synthetic,NB,19,19042
synthetic_dataset_with_parallel_drifts_abrupt,2500,Base,0.833775,0.8379010989315131,0.833775,0.8332637174209347,0,32,0.8337639383505575,1.0,parallel_abrupt,synthetic,NB,19,19042
synthetic_dataset_with_parallel_drifts_abrupt,2500,KS95,0.8301875,0.8332250591222062,0.8301875,0.8297975950747692,22,32,0.8301779407071176,1.0,parallel_abrupt,synthetic,NB,19,19042
synthetic_dataset_with_parallel_drifts_abrupt,2500,KS90,0.8301875,0.8332250591222062,0.8301875,0.8297975950747692,22,32,0.8301779407071176,1.0,parallel_abrupt,synthetic,NB,19,19042
synthetic_dataset_with_parallel_drifts_abrupt,2500,HD,0.833825,0.837798211595264,0.833825,0.8333326739407814,2,32,0.8338141433525657,1.0,parallel_abrupt,synthetic,NB,19,19042
synthetic_dataset_with_parallel_drifts_abrupt,2500,JS,0.833825,0.837798211595264,0.833825,0.8333326739407814,2,32,0.8338141433525657,1.0,parallel_abrupt,synthetic,NB,19,19042
synthetic_dataset_with_switching_drifts_incremental,1000,Base,0.8439625,0.8482911980479734,0.8439625,0.8434740382225092,0,80,0.8439513412580537,1.0,switching_incremental,synthetic,NB,19,19042
synthetic_dataset_with_switching_drifts_incremental,1000,KS95,0.8426,0.8471518256917858,0.8426,0.8420801406990819,32,80,0.8425885387035417,1.0,switching_incremental,synthetic,NB,19,19042
synthetic_dataset_with_switching_drifts_incremental,1000,KS90,0.8423125,0.8468947738540828,0.8423125,0.841787813264714,41,80,0.8423009961920399,1.0,switching_incremental,synthetic,NB,19,19042
synthetic_dataset_with_switching_drifts_incremental,1000,HD,0.8435,0.8483719551370228,0.8435,0.8429486564688908,5,80,0.8434881637395265,1.0,switching_incremental,synthetic,NB,19,19042
synthetic_dataset_with_switching_drifts_incremental,1000,JS,0.8434125,0.8481772943371411,0.8434125,0.8428726961402124,5,80,0.8434007912360316,1.0,switching_incremental,synthetic,NB,19,19042
synthetic_dataset_with_switching_drifts_incremental,1500,Base,0.844175,0.848469086535069,0.844175,0.8436913552450908,0,53,0.8441638887665556,1.0,switching_incremental,synthetic,NB,19,19042
synthetic_dataset_with_switching_drifts_incremental,1500,KS95,0.8432125,0.8477987534637356,0.8432125,0.8426917164440559,31,53,0.8432010062280403,1.0,switching_incremental,synthetic,NB,19,19042
synthetic_dataset_with_switching_drifts_incremental,1500,KS90,0.8429375,0.8476792058371713,0.8429375,0.8423979109838727,37,53,0.8429258112170325,1.0,switching_incremental,synthetic,NB,19,19042
synthetic_dataset_with_switching_drifts_incremental,1500,HD,0.844225,0.8488227880893517,0.844225,0.8437078050951033,4,53,0.8442135087685403,1.0,switching_incremental,synthetic,NB,19,19042
synthetic_dataset_with_switching_drifts_incremental,1500,JS,0.844225,0.8488227880893517,0.844225,0.8437078050951033,4,53,0.8442135087685403,1.0,switching_incremental,synthetic,NB,19,19042
synthetic_dataset_with_switching_drifts_incremental,2000,Base,0.8439875,0.8483047251944794,0.8439875,0.8435004310955048,0,40,0.8439763562590542,1.0,switching_incremental,synthetic,NB,19,19042
synthetic_dataset_with_switching_drifts_incremental,2000,KS95,0.8429125,0.8477490279123813,0.8429125,0.8423621288138258,25,40,0.8429006962160278,1.0,switching_incremental,synthetic,NB,19,19042
synthetic_dataset_with_switching_drifts_incremental,2000,KS90,0.84295,0.8476323807996581,0.84295,0.8424171411434711,28,40,0.8429383837175353,1.0,switching_incremental,synthetic,NB,19,19042
synthetic_dataset_with_switching_drifts_incremental,2000,HD,0.8439875,0.8483047251944794,0.8439875,0.8435004310955048,0,40,0.8439763562590542,1.0,switching_incremental,synthetic,NB,19,19042
synthetic_dataset_with_switching_drifts_incremental,2000,JS,0.8439875,0.8483047251944794,0.8439875,0.8435004310955048,0,40,0.8439763562590542,1.0,switching_incremental,synthetic,NB,19,19042
synthetic_dataset_with_switching_drifts_incremental,2500,Base,0.8440375,0.8483828903238817,0.8440375,0.8435475179673602,0,32,0.8440263212610528,1.0,switching_incremental,synthetic,NB,19,19042
synthetic_dataset_with_switching_drifts_incremental,2500,KS95,0.8430625,0.8478472132232837,0.8430625,0.8425187073235048,15,32,0.8430507612220305,1.0,switching_incremental,synthetic,NB,19,19042
synthetic_dataset_with_switching_drifts_incremental,2500,KS90,0.843,0.8478232156547773,0.843,0.8424515690047356,20,32,0.8429882137195286,1.0,switching_incremental,synthetic,NB,19,19042
synthetic_dataset_with_switching_drifts_incremental,2500,HD,0.843975,0.8485532331586774,0.843975,0.8434587805068313,1,32,0.8439635287585412,1.0,switching_incremental,synthetic,NB,19,19042
synthetic_dataset_with_switching_drifts_incremental,2500,JS,0.843975,0.8485532331586774,0.843975,0.8434587805068313,1,32,0.8439635287585412,1.0,switching_incremental,synthetic,NB,19,19042
synthetic_dataset_with_parallel_drifts_incremental,1000,Base,0.84445,0.848782880622409,0.84445,0.8439632828751205,0,80,0.8444388437775537,1.0,parallel_incremental,synthetic,NB,19,19042
synthetic_dataset_with_parallel_drifts_incremental,1000,KS95,0.843525,0.8480972285562082,0.843525,0.8430072916507383,23,80,0.8435135287405411,1.0,parallel_incremental,synthetic,NB,19,19042
synthetic_dataset_with_parallel_drifts_incremental,1000,KS90,0.8432375,0.8478240883797953,0.8432375,0.8427167994837684,25,80,0.8432260062290402,1.0,parallel_incremental,synthetic,NB,19,19042
synthetic_dataset_with_parallel_drifts_incremental,1000,HD,0.8440375,0.8490966502219206,0.8440375,0.8434680945932423,7,80,0.844025451261018,1.0,parallel_incremental,synthetic,NB,19,19042
synthetic_dataset_with_parallel_drifts_incremental,1000,JS,0.844525,0.8489777850462511,0.844525,0.8440253216528283,7,80,0.8445136937805477,1.0,parallel_incremental,synthetic,NB,19,19042
synthetic_dataset_with_parallel_drifts_incremental,1500,Base,0.844425,0.8487065502407403,0.844425,0.8439438711638628,0,53,0.8444139087765564,1.0,parallel_incremental,synthetic,NB,19,19042
synthetic_dataset_with_parallel_drifts_incremental,1500,KS95,0.843625,0.8480502071703584,0.843625,0.8431242091564854,17,53,0.8436137137445485,1.0,parallel_incremental,synthetic,NB,19,19042
synthetic_dataset_with_parallel_drifts_incremental,1500,KS90,0.8438875,0.8482467595249152,0.8438875,0.8433952868119754,23,53,0.843876301255052,1.0,parallel_incremental,synthetic,NB,19,19042
synthetic_dataset_with_parallel_drifts_incremental,1500,HD,0.8437875,0.8487033557299017,0.8437875,0.8432327328053638,4,53,0.8437756162510246,1.0,parallel_incremental,synthetic,NB,19,19042
synthetic_dataset_with_parallel_drifts_incremental,1500,JS,0.8437875,0.8487033557299017,0.8437875,0.8432327328053638,4,53,0.8437756162510246,1.0,parallel_incremental,synthetic,NB,19,19042
synthetic_dataset_with_parallel_drifts_incremental,2000,Base,0.8443125,0.8486456142184323,0.8443125,0.8438251338669673,0,40,0.8443013412720537,1.0,parallel_incremental,synthetic,NB,19,19042
synthetic_dataset_with_parallel_drifts_incremental,2000,KS95,0.842725,0.847122742358126,0.842725,0.8422231139429845,19,40,0.8427137337085493,1.0,parallel_incremental,synthetic,NB,19,19042
synthetic_dataset_with_parallel_drifts_incremental,2000,KS90,0.8428125,0.8474501749208313,0.8428125,0.8422839950047913,22,40,0.8428009362120373,1.0,parallel_incremental,synthetic,NB,19,19042
synthetic_dataset_with_parallel_drifts_incremental,2000,HD,0.8443125,0.8486456142184323,0.8443125,0.8438251338669673,0,40,0.8443013412720537,1.0,parallel_incremental,synthetic,NB,19,19042
synthetic_dataset_with_parallel_drifts_incremental,2000,JS,0.8443125,0.8486456142184323,0.8443125,0.8438251338669673,0,40,0.8443013412720537,1.0,parallel_incremental,synthetic,NB,19,19042
synthetic_dataset_with_parallel_drifts_incremental,2500,Base,0.8441,0.848551267196888,0.8441,0.8435985116085146,0,32,0.8440886887635475,1.0,parallel_incremental,synthetic,NB,19,19042
synthetic_dataset_with_parallel_drifts_incremental,2500,KS95,0.8431875,0.8478424887233845,0.8431875,0.8426588841336783,15,32,0.8431759212270369,1.0,parallel_incremental,synthetic,NB,19,19042
synthetic_dataset_with_parallel_drifts_incremental,2500,KS90,0.8430375,0.8477395063257538,0.8430375,0.8425028683433949,15,32,0.8430258612210345,1.0,parallel_incremental,synthetic,NB,19,19042
synthetic_dataset_with_parallel_drifts_incremental,2500,HD,0.8441,0.848551267196888,0.8441,0.8435985116085146,0,32,0.8440886887635475,1.0,parallel_incremental,synthetic,NB,19,19042
synthetic_dataset_with_parallel_drifts_incremental,2500,JS,0.8441,0.848551267196888,0.8441,0.8435985116085146,0,32,0.8440886887635475,1.0,parallel_incremental,synthetic,NB,19,19042
synthetic_dataset_with_switching_drifts_abrupt,1000,Base,0.81035,0.8124659410580046,0.81035,0.8100263552523094,0,80,0.8103417574136702,1.0,switching_abrupt,synthetic,NB,19,19042
synthetic_dataset_with_switching_drifts_abrupt,1000,KS95,0.7978125,0.800369179668412,0.7978125,0.7973788443770694,73,80,0.7978032594121305,1.0,switching_abrupt,synthetic,NB,19,19042
synthetic_dataset_with_switching_drifts_abrupt,1000,KS90,0.79775,0.800380746530357,0.79775,0.7973036695041228,74,80,0.7977406269096251,1.0,switching_abrupt,synthetic,NB,19,19042
synthetic_dataset_with_switching_drifts_abrupt,1000,HD,0.8102625,0.8126241744297984,0.8102625,0.8099013359667763,2,80,0.8102537949101518,1.0,switching_abrupt,synthetic,NB,19,19042
synthetic_dataset_with_switching_drifts_abrupt,1000,JS,0.8102625,0.8126241744297984,0.8102625,0.8099013359667763,2,80,0.8102537949101518,1.0,switching_abrupt,synthetic,NB,19,19042
synthetic_dataset_with_switching_drifts_abrupt,1500,Base,0.8107375,0.8127854198621094,0.8107375,0.8104252042328871,0,53,0.8107293949291758,1.0,switching_abrupt,synthetic,NB,19,19042
synthetic_dataset_with_switching_drifts_abrupt,1500,KS95,0.7970625,0.7998582804398853,0.7970625,0.7965857411391158,49,53,0.7970528293821131,1.0,switching_abrupt,synthetic,NB,19,19042
synthetic_dataset_with_switching_drifts_abrupt,1500,KS90,0.7970625,0.7998582804398853,0.7970625,0.7965857411391158,49,53,0.7970528293821131,1.0,switching_abrupt,synthetic,NB,19,19042
synthetic_dataset_with_switching_drifts_abrupt,1500,HD,0.809375,0.8111718496131414,0.809375,0.8090975200502324,5,53,0.8093673873746955,1.0,switching_abrupt,synthetic,NB,19,19042
synthetic_dataset_with_switching_drifts_abrupt,1500,JS,0.809375,0.8111718496131414,0.809375,0.8090975200502324,5,53,0.8093673873746955,1.0,switching_abrupt,synthetic,NB,19,19042
synthetic_dataset_with_switching_drifts_abrupt,2000,Base,0.80805,0.8103286522821911,0.80805,0.8076948399583341,0,40,0.8080414173216567,1.0,switching_abrupt,synthetic,NB,19,19042
synthetic_dataset_with_switching_drifts_abrupt,2000,KS95,0.7937625,0.7960555114799166,0.7937625,0.7933599390953059,37,40,0.7937536842501475,1.0,switching_abrupt,synthetic,NB,19,19042
synthetic_dataset_with_switching_drifts_abrupt,2000,KS90,0.7937625,0.7960555114799166,0.7937625,0.7933599390953059,37,40,0.7937536842501475,1.0,switching_abrupt,synthetic,NB,19,19042
synthetic_dataset_with_switching_drifts_abrupt,2000,HD,0.80775,0.8097417345310864,0.80775,0.8074384250360422,2,40,0.8077419673096786,1.0,switching_abrupt,synthetic,NB,19,19042
synthetic_dataset_with_switching_drifts_abrupt,2000,JS,0.805675,0.808393517899973,0.805675,0.8052434064307957,4,40,0.805665597226624,1.0,switching_abrupt,synthetic,NB,19,19042
synthetic_dataset_with_switching_drifts_abrupt,2500,Base,0.809125,0.8115758456939044,0.809125,0.8087466946009952,0,32,0.8091161173646446,1.0,switching_abrupt,synthetic,NB,19,19042
synthetic_dataset_with_switching_drifts_abrupt,2500,KS95,0.79615,0.7987440425525674,0.79615,0.7957039735458822,29,32,0.7961406668456267,1.0,switching_abrupt,synthetic,NB,19,19042
synthetic_dataset_with_switching_drifts_abrupt,2500,KS90,0.79615,0.7987440425525674,0.79615,0.7957039735458822,29,32,0.7961406668456267,1.0,switching_abrupt,synthetic,NB,19,19042
synthetic_dataset_with_switching_drifts_abrupt,2500,HD,0.8075625,0.8091837843528484,0.8075625,0.8073080669647367,5,32,0.8075552448022097,1.0,switching_abrupt,synthetic,NB,19,19042
synthetic_dataset_with_switching_drifts_abrupt,2500,JS,0.8084,0.8104590910260993,0.8084,0.8080797376362416,4,32,0.8083918423356737,1.0,switching_abrupt,synthetic,NB,19,19042
synthetic_dataset_no_drifts,1000,Base,0.844325,0.8487353780848149,0.844325,0.8438291029999425,0,80,0.8443137437725498,1.0,no_drifts,synthetic,NB,19,19042
synthetic_dataset_no_drifts,1000,KS95,0.844625,0.8489482803199541,0.844625,0.8441401393955075,4,80,0.8446138587845543,1.0,no_drifts,synthetic,NB,19,19042
synthetic_dataset_no_drifts,1000,KS90,0.8437125,0.8484856015252737,0.8437125,0.843173269038579,11,80,0.8437007862480314,1.0,no_drifts,synthetic,NB,19,19042
synthetic_dataset_no_drifts,1000,HD,0.843875,0.8486648555984652,0.843875,0.8433347152948211,4,80,0.8438632687545308,1.0,no_drifts,synthetic,NB,19,19042
synthetic_dataset_no_drifts,1000,JS,0.843875,0.8486648555984652,0.843875,0.8433347152948211,4,80,0.8438632687545308,1.0,no_drifts,synthetic,NB,19,19042
synthetic_dataset_no_drifts,1500,Base,0.8443125,0.8486811127048087,0.8443125,0.8438211875366731,0,53,0.8443012962720519,1.0,no_drifts,synthetic,NB,19,19042
synthetic_dataset_no_drifts,1500,KS95,0.844225,0.8487379703324405,0.844225,0.8437172330543226,1,53,0.8442136137685445,1.0,no_drifts,synthetic,NB,19,19042
synthetic_dataset_no_drifts,1500,KS90,0.8442375,0.8486249406399285,0.8442375,0.8437437504484289,7,53,0.8442262712690508,1.0,no_drifts,synthetic,NB,19,19042
synthetic_dataset_no_drifts,1500,HD,0.8434625,0.848641741123958,0.8434625,0.8428766397016417,2,53,0.843450301238012,1.0,no_drifts,synthetic,NB,19,19042
synthetic_dataset_no_drifts,1500,JS,0.8434625,0.848641741123958,0.8434625,0.8428766397016417,2,53,0.843450301238012,1.0,no_drifts,synthetic,NB,19,19042
synthetic_dataset_no_drifts,2000,Base,0.844375,0.8487148098751842,0.844375,0.8438871731750771,0,40,0.8443638337745533,1.0,no_drifts,synthetic,NB,19,19042
synthetic_dataset_no_drifts,2000,KS95,0.843625,0.848394816508375,0.843625,0.8430856979413666,3,40,0.8436132887445316,1.0,no_drifts,synthetic,NB,19,19042
synthetic_dataset_no_drifts,2000,KS90,0.8434,0.8484774609537399,0.8434,0.842825170794718,8,40,0.8433879187355168,1.0,no_drifts,synthetic,NB,19,19042
synthetic_dataset_no_drifts,2000,HD,0.844375,0.8487148098751842,0.844375,0.8438871731750771,0,40,0.8443638337745533,1.0,no_drifts,synthetic,NB,19,19042
synthetic_dataset_no_drifts,2000,JS,0.844375,0.8487148098751842,0.844375,0.8438871731750771,0,40,0.8443638337745533,1.0,no_drifts,synthetic,NB,19,19042
synthetic_dataset_no_drifts,2500,Base,0.8440375,0.8484580886915924,0.8440375,0.8435391381367606,0,32,0.8440262262610491,1.0,no_drifts,synthetic,NB,19,19042
synthetic_dataset_no_drifts,2500,KS95,0.8440375,0.8484580886915924,0.8440375,0.8435391381367606,0,32,0.8440262262610491,1.0,no_drifts,synthetic,NB,19,19042
synthetic_dataset_no_drifts,2500,KS90,0.8440375,0.8484580886915924,0.8440375,0.8435391381367606,0,32,0.8440262262610491,1.0,no_drifts,synthetic,NB,19,19042
synthetic_dataset_no_drifts,2500,HD,0.8440375,0.8484580886915924,0.8440375,0.8435391381367606,0,32,0.8440262262610491,1.0,no_drifts,synthetic,NB,19,19042
synthetic_dataset_no_drifts,2500,JS,0.8440375,0.8484580886915924,0.8440375,0.8435391381367606,0,32,0.8440262262610491,1.0,no_drifts,synthetic,NB,19,19042
synthetic_dataset_with_parallel_drifts_abrupt,1000,Base,0.6667875,0.667801180444589,0.6667875,0.6662860871406056,0,80,0.6667913779179138,1.0,parallel_abrupt,synthetic,NB,4,4042
synthetic_dataset_with_parallel_drifts_abrupt,1000,KS95,0.6625,0.664771038116198,0.6625,0.6613370526410013,32,80,0.6625058616250585,1.0,parallel_abrupt,synthetic,NB,4,4042
synthetic_dataset_with_parallel_drifts_abrupt,1000,KS90,0.662225,0.6644454649868632,0.662225,0.6610848970478533,34,80,0.6622308016223081,1.0,parallel_abrupt,synthetic,NB,4,4042
synthetic_dataset_with_parallel_drifts_abrupt,1000,HD,0.669025,0.6705560509867715,0.669025,0.6682836429437329,14,80,0.6690297291902972,1.0,parallel_abrupt,synthetic,NB,4,4042
synthetic_dataset_with_parallel_drifts_abrupt,1000,JS,0.6689,0.6697948718032233,0.6689,0.6684655463899973,12,80,0.6689036216890362,1.0,parallel_abrupt,synthetic,NB,4,4042
synthetic_dataset_with_parallel_drifts_abrupt,1500,Base,0.6674875,0.6683669494924438,0.6674875,0.6670551063868997,0,53,0.6674911054249111,1.0,parallel_abrupt,synthetic,NB,4,4042
synthetic_dataset_with_parallel_drifts_abrupt,1500,KS95,0.6705375,0.6723328957520454,0.6705375,0.6696804485305774,27,53,0.6705425954554259,1.0,parallel_abrupt,synthetic,NB,4,4042
synthetic_dataset_with_parallel_drifts_abrupt,1500,KS90,0.6693625,0.6706369195222222,0.6693625,0.6687468072590188,31,53,0.6693668129436681,1.0,parallel_abrupt,synthetic,NB,4,4042
synthetic_dataset_with_parallel_drifts_abrupt,1500,HD,0.6683375,0.6693368690414505,0.6683375,0.6678499570337451,2,53,0.6683413329334134,1.0,parallel_abrupt,synthetic,NB,4,4042
synthetic_dataset_with_parallel_drifts_abrupt,1500,JS,0.671875,0.6730918044119524,0.671875,0.6712999982443111,7,53,0.671879184218792,1.0,parallel_abrupt,synthetic,NB,4,4042
synthetic_dataset_with_parallel_drifts_abrupt,2000,Base,0.6655375,0.66634736996798,0.6655375,0.6651322552939543,0,40,0.6655409804054098,1.0,parallel_abrupt,synthetic,NB,4,4042
synthetic_dataset_with_parallel_drifts_abrupt,2000,KS95,0.6703875,0.6717133267597634,0.6703875,0.6697528589530137,24,40,0.6703918854539188,1.0,parallel_abrupt,synthetic,NB,4,4042
synthetic_dataset_with_parallel_drifts_abrupt,2000,KS90,0.6695125,0.6706132089361075,0.6695125,0.6689812165128058,25,40,0.669516507945165,1.0,parallel_abrupt,synthetic,NB,4,4042
synthetic_dataset_with_parallel_drifts_abrupt,2000,HD,0.6669875,0.6676878038165385,0.6669875,0.6666415942108531,5,40,0.6669907229199072,1.0,parallel_abrupt,synthetic,NB,4,4042
synthetic_dataset_with_parallel_drifts_abrupt,2000,JS,0.6647875,0.6652176708687646,0.6647875,0.6645708828888723,8,40,0.6647900428979004,1.0,parallel_abrupt,synthetic,NB,4,4042
synthetic_dataset_with_parallel_drifts_abrupt,2500,Base,0.6663875,0.6671060545080237,0.6663875,0.6660306648969603,0,32,0.6663907704139076,1.0,parallel_abrupt,synthetic,NB,4,4042
synthetic_dataset_with_parallel_drifts_abrupt,2500,KS95,0.6688625,0.6697344037056536,0.6688625,0.6684390429953017,23,32,0.6688660754386608,1.0,parallel_abrupt,synthetic,NB,4,4042
synthetic_dataset_with_parallel_drifts_abrupt,2500,KS90,0.6689125,0.6697058292614512,0.6689125,0.6685273449502807,25,32,0.6689159104391591,1.0,parallel_abrupt,synthetic,NB,4,4042
synthetic_dataset_with_parallel_drifts_abrupt,2500,HD,0.6673625,0.6677648727978329,0.6673625,0.6671645473764024,6,32,0.6673649404236495,1.0,parallel_abrupt,synthetic,NB,4,4042
synthetic_dataset_with_parallel_drifts_abrupt,2500,JS,0.666875,0.6673335668866351,0.666875,0.666648353763847,2,32,0.6668776091687761,1.0,parallel_abrupt,synthetic,NB,4,4042
synthetic_dataset_with_switching_drifts_incremental,1000,Base,0.6687,0.6691878404413032,0.6687,0.668462765850147,0,80,0.6687026766870268,1.0,switching_incremental,synthetic,NB,4,4042
synthetic_dataset_with_switching_drifts_incremental,1000,KS95,0.66835,0.6684714383588798,0.66835,0.6682911041271318,49,80,0.6683513341835133,1.0,switching_incremental,synthetic,NB,4,4042
synthetic_dataset_with_switching_drifts_incremental,1000,KS90,0.6688875,0.6691625432488892,0.6688875,0.6687541733557812,54,80,0.6688895079388952,1.0,switching_incremental,synthetic,NB,4,4042
synthetic_dataset_with_switching_drifts_incremental,1000,HD,0.67225,0.672667023550547,0.67225,0.6720535529742918,4,80,0.6722524492225245,1.0,switching_incremental,synthetic,NB,4,4042
synthetic_dataset_with_switching_drifts_incremental,1000,JS,0.67225,0.672667023550547,0.67225,0.6720535529742918,4,80,0.6722524492225245,1.0,switching_incremental,synthetic,NB,4,4042
synthetic_dataset_with_switching_drifts_incremental,1500,Base,0.668575,0.6690561289385263,0.668575,0.6683407735476492,0,53,0.6685776591857766,1.0,switching_incremental,synthetic,NB,4,4042
synthetic_dataset_with_switching_drifts_incremental,1500,KS95,0.667,0.667173324884682,0.667,0.6669147311398889,38,53,0.667001601670016,1.0,switching_incremental,synthetic,NB,4,4042
synthetic_dataset_with_switching_drifts_incremental,1500,KS90,0.667725,0.6679260189077346,0.667725,0.6676266716741145,41,53,0.6677267216772672,1.0,switching_incremental,synthetic,NB,4,4042
synthetic_dataset_with_switching_drifts_incremental,1500,HD,0.6677625,0.6681342797621109,0.6677625,0.6675802870012222,4,53,0.6677648429276484,1.0,switching_incremental,synthetic,NB,4,4042
synthetic_dataset_with_switching_drifts_incremental,1500,JS,0.6668875,0.6672417570994807,0.6668875,0.6667125310925194,5,53,0.6668897929188978,1.0,switching_incremental,synthetic,NB,4,4042
synthetic_dataset_with_switching_drifts_incremental,2000,Base,0.668775,0.6692325608310242,0.668775,0.6685526632153704,0,40,0.6687775916877758,1.0,switching_incremental,synthetic,NB,4,4042
synthetic_dataset_with_switching_drifts_incremental,2000,KS95,0.669,0.6691858949040621,0.669,0.6689101347017087,27,40,0.6690016491900165,1.0,switching_incremental,synthetic,NB,4,4042
synthetic_dataset_with_switching_drifts_incremental,2000,KS90,0.670275,0.6704583464087293,0.670275,0.670187373050071,30,40,0.6702766317027664,1.0,switching_incremental,synthetic,NB,4,4042
synthetic_dataset_with_switching_drifts_incremental,2000,HD,0.6683125,0.6685318056382598,0.6683125,0.6682057449228014,2,40,0.668314295433143,1.0,switching_incremental,synthetic,NB,4,4042
synthetic_dataset_with_switching_drifts_incremental,2000,JS,0.6683125,0.6685318056382598,0.6683125,0.6682057449228014,2,40,0.668314295433143,1.0,switching_incremental,synthetic,NB,4,4042
synthetic_dataset_with_switching_drifts_incremental,2500,Base,0.6681625,0.6686188494218858,0.6681625,0.6679395368664807,0,32,0.6681650929316509,1.0,switching_incremental,synthetic,NB,4,4042
synthetic_dataset_with_switching_drifts_incremental,2500,KS95,0.6704625,0.6707889701896258,0.6704625,0.6703063561414302,25,32,0.6704646779546468,1.0,switching_incremental,synthetic,NB,4,4042
synthetic_dataset_with_switching_drifts_incremental,2500,KS90,0.6704625,0.6707889701896258,0.6704625,0.6703063561414302,26,32,0.6704646779546468,1.0,switching_incremental,synthetic,NB,4,4042
synthetic_dataset_with_switching_drifts_incremental,2500,HD,0.66705,0.6673044599802326,0.66705,0.6669246448345805,2,32,0.6670519416705193,1.0,switching_incremental,synthetic,NB,4,4042
synthetic_dataset_with_switching_drifts_incremental,2500,JS,0.66705,0.6673044599802326,0.66705,0.6669246448345805,2,32,0.6670519416705193,1.0,switching_incremental,synthetic,NB,4,4042
synthetic_dataset_with_parallel_drifts_incremental,1000,Base,0.66835,0.668833203866031,0.66835,0.6681142887571531,0,80,0.6683526666835267,1.0,parallel_incremental,synthetic,NB,4,4042
synthetic_dataset_with_parallel_drifts_incremental,1000,KS95,0.6722875,0.6728554185879168,0.6722875,0.6720199300608796,27,80,0.6722903579729036,1.0,parallel_incremental,synthetic,NB,4,4042
synthetic_dataset_with_parallel_drifts_incremental,1000,KS90,0.672375,0.6730070825820907,0.672375,0.6720774068377326,29,80,0.6723780142237801,1.0,parallel_incremental,synthetic,NB,4,4042
synthetic_dataset_with_parallel_drifts_incremental,1000,HD,0.6703375,0.6707882093846923,0.6703374999999999,0.6701215232884306,3,80,0.6703400604534007,1.0,parallel_incremental,synthetic,NB,4,4042
synthetic_dataset_with_parallel_drifts_incremental,1000,JS,0.6703375,0.6707882093846923,0.6703374999999999,0.6701215232884306,3,80,0.6703400604534007,1.0,parallel_incremental,synthetic,NB,4,4042
synthetic_dataset_with_parallel_drifts_incremental,1500,Base,0.668725,0.6692101824764686,0.668725,0.6684891130204472,0,53,0.6687276691872768,1.0,parallel_incremental,synthetic,NB,4,4042
synthetic_dataset_with_parallel_drifts_incremental,1500,KS95,0.66925,0.6694979510535303,0.66925,0.6691302425389075,22,53,0.6692519041925191,1.0,parallel_incremental,synthetic,NB,4,4042
synthetic_dataset_with_parallel_drifts_incremental,1500,KS90,0.6695125,0.6697118397355898,0.6695125,0.6694165404108547,26,53,0.6695142054451421,1.0,parallel_incremental,synthetic,NB,4,4042
synthetic_dataset_with_parallel_drifts_incremental,1500,HD,0.6691875,0.6693688527132633,0.6691875,0.6690999882049309,4,53,0.6691891279418913,1.0,parallel_incremental,synthetic,NB,4,4042
synthetic_dataset_with_parallel_drifts_incremental,1500,JS,0.6687,0.6688295212504456,0.6687,0.6686373526637214,2,53,0.6687013766870138,1.0,parallel_incremental,synthetic,NB,4,4042
synthetic_dataset_with_parallel_drifts_incremental,2000,Base,0.6684125,0.6688677639499527,0.6684125,0.6681905643881136,0,40,0.6684150879341509,1.0,parallel_incremental,synthetic,NB,4,4042
synthetic_dataset_with_parallel_drifts_incremental,2000,KS95,0.6707875,0.6709924540302612,0.6707875,0.670689936246676,23,40,0.6707892229578921,1.0,parallel_incremental,synthetic,NB,4,4042
synthetic_dataset_with_parallel_drifts_incremental,2000,KS90,0.670525,0.6707030515165632,0.670525,0.6704401055070097,24,40,0.6705266067052661,1.0,parallel_incremental,synthetic,NB,4,4042
synthetic_dataset_with_parallel_drifts_incremental,2000,HD,0.6688,0.6691897734259145,0.6688,0.6686107084026804,4,40,0.668802391688024,1.0,parallel_incremental,synthetic,NB,4,4042
synthetic_dataset_with_parallel_drifts_incremental,2000,JS,0.669375,0.6697475360416283,0.669375,0.6691950249384441,3,40,0.6693773341937734,1.0,parallel_incremental,synthetic,NB,4,4042
synthetic_dataset_with_parallel_drifts_incremental,2500,Base,0.6680625,0.6685177009740333,0.6680625,0.6678399001107007,0,32,0.668065090430651,1.0,parallel_incremental,synthetic,NB,4,4042
synthetic_dataset_with_parallel_drifts_incremental,2500,KS95,0.6683375,0.66851574845443,0.6683375,0.6682508393279861,19,32,0.6683391179333912,1.0,parallel_incremental,synthetic,NB,4,4042
synthetic_dataset_with_parallel_drifts_incremental,2500,KS90,0.66875,0.6689458506757359,0.66875,0.6686550853739209,21,32,0.668751694187517,1.0,parallel_incremental,synthetic,NB,4,4042
synthetic_dataset_with_parallel_drifts_incremental,2500,HD,0.669725,0.6699736415668196,0.669725,0.669605414526191,4,32,0.669726904197269,1.0,parallel_incremental,synthetic,NB,4,4042
synthetic_dataset_with_parallel_drifts_incremental,2500,JS,0.66585,0.6661409867731776,0.66585,0.6657050238827483,2,32,0.6658520841585208,1.0,parallel_incremental,synthetic,NB,4,4042
synthetic_dataset_with_switching_drifts_abrupt,1000,Base,0.6652375,0.6666518627033513,0.6652375,0.6645288039454975,0,80,0.665242097902421,1.0,switching_abrupt,synthetic,NB,4,4042
synthetic_dataset_with_switching_drifts_abrupt,1000,KS95,0.6446875,0.6450835421926948,0.6446875,0.6444469164639679,74,80,0.644690102696901,1.0,switching_abrupt,synthetic,NB,4,4042
synthetic_dataset_with_switching_drifts_abrupt,1000,KS90,0.6446875,0.6450835421926948,0.6446875,0.6444469164639679,74,80,0.644690102696901,1.0,switching_abrupt,synthetic,NB,4,4042
synthetic_dataset_with_switching_drifts_abrupt,1000,HD,0.6608625,0.6614728244393498,0.6608625,0.6605438691513905,2,80,0.6608655653586557,1.0,switching_abrupt,synthetic,NB,4,4042
synthetic_dataset_with_switching_drifts_abrupt,1000,JS,0.6608625,0.6614728244393498,0.6608625,0.6605438691513905,2,80,0.6608655653586557,1.0,switching_abrupt,synthetic,NB,4,4042
synthetic_dataset_with_switching_drifts_abrupt,1500,Base,0.6632375,0.6645623648360811,0.6632375,0.6625613843868235,0,53,0.6632419778824197,1.0,switching_abrupt,synthetic,NB,4,4042
synthetic_dataset_with_switching_drifts_abrupt,1500,KS95,0.6524375,0.6530122492643184,0.6524375,0.6521130837744257,49,53,0.6524405552744056,1.0,switching_abrupt,synthetic,NB,4,4042
synthetic_dataset_with_switching_drifts_abrupt,1500,KS90,0.6528125,0.6534134535327046,0.6528125,0.6524744776925023,50,53,0.6528156202781561,1.0,switching_abrupt,synthetic,NB,4,4042
synthetic_dataset_with_switching_drifts_abrupt,1500,HD,0.6563875,0.6574186261995756,0.6563875,0.6558267997510407,8,53,0.6563915378139153,1.0,switching_abrupt,synthetic,NB,4,4042
synthetic_dataset_with_switching_drifts_abrupt,1500,JS,0.6563875,0.6574186261995756,0.6563875,0.6558267997510407,8,53,0.6563915378139153,1.0,switching_abrupt,synthetic,NB,4,4042
synthetic_dataset_with_switching_drifts_abrupt,2000,Base,0.6634375,0.664700691197969,0.6634375,0.6627939129039636,0,40,0.6634418703844187,1.0,switching_abrupt,synthetic,NB,4,4042
synthetic_dataset_with_switching_drifts_abrupt,2000,KS95,0.6508,0.6514283161409391,0.6508,0.650439811714693,36,40,0.6508032115080321,1.0,switching_abrupt,synthetic,NB,4,4042
synthetic_dataset_with_switching_drifts_abrupt,2000,KS90,0.651375,0.6520355444409741,0.651375,0.6509983866142551,37,40,0.6513782865137827,1.0,switching_abrupt,synthetic,NB,4,4042
synthetic_dataset_with_switching_drifts_abrupt,2000,HD,0.6621375,0.6630976843812175,0.6621375,0.6616421404353063,5,40,0.6621413278714132,1.0,switching_abrupt,synthetic,NB,4,4042
synthetic_dataset_with_switching_drifts_abrupt,2000,JS,0.657475,0.6581938011268808,0.657475,0.6570878680756507,11,40,0.6574783615747836,1.0,switching_abrupt,synthetic,NB,4,4042
synthetic_dataset_with_switching_drifts_abrupt,2500,Base,0.66635,0.6672634391492929,0.66635,0.6658963155944306,0,32,0.6663536866635368,1.0,switching_abrupt,synthetic,NB,4,4042
synthetic_dataset_with_switching_drifts_abrupt,2500,KS95,0.655375,0.6562342344230767,0.655375,0.6549032033035622,29,32,0.655378699053787,1.0,switching_abrupt,synthetic,NB,4,4042
synthetic_dataset_with_switching_drifts_abrupt,2500,KS90,0.655375,0.6562342344230767,0.655375,0.6549032033035622,30,32,0.655378699053787,1.0,switching_abrupt,synthetic,NB,4,4042
synthetic_dataset_with_switching_drifts_abrupt,2500,HD,0.663625,0.6636866205958164,0.663625,0.6635939976934496,8,32,0.6636259616362596,1.0,switching_abrupt,synthetic,NB,4,4042
synthetic_dataset_with_switching_drifts_abrupt,2500,JS,0.66345,0.6636650963055714,0.66345,0.6633406201953479,9,32,0.6634518041345181,1.0,switching_abrupt,synthetic,NB,4,4042
synthetic_dataset_no_drifts,1000,Base,0.667875,0.6683214009464066,0.667875,0.6676563450222738,0,80,0.6678775666787757,1.0,no_drifts,synthetic,NB,4,4042
synthetic_dataset_no_drifts,1000,KS95,0.6693125,0.6695999975298215,0.6693125,0.6691736408302357,5,80,0.6693145504431455,1.0,no_drifts,synthetic,NB,4,4042
synthetic_dataset_no_drifts,1000,KS90,0.667775,0.6681416744894147,0.667775,0.6675953157407443,7,80,0.6677773266777733,1.0,no_drifts,synthetic,NB,4,4042
synthetic_dataset_no_drifts,1000,HD,0.6693,0.6697651926371126,0.6693,0.6690750036463916,5,80,0.6693026091930261,1.0,no_drifts,synthetic,NB,4,4042
synthetic_dataset_no_drifts,1000,JS,0.668225,0.668674069822007,0.668225,0.6680057224920812,3,80,0.6682275716822756,1.0,no_drifts,synthetic,NB,4,4042
synthetic_dataset_no_drifts,1500,Base,0.6678375,0.6682982550917131,0.6678375,0.6676117253843425,0,53,0.6678401079284011,1.0,no_drifts,synthetic,NB,4,4042
synthetic_dataset_no_drifts,1500,KS95,0.669125,0.6697370115074274,0.669125,0.6688284357152577,1,53,0.66912799419128,1.0,no_drifts,synthetic,NB,4,4042
synthetic_dataset_no_drifts,1500,KS90,0.6692,0.6694414306868721,0.6692,0.6690833527207247,6,53,0.6692018791920188,1.0,no_drifts,synthetic,NB,4,4042
synthetic_dataset_no_drifts,1500,HD,0.6671625,0.6675227660427081,0.6671625,0.6669849933679122,4,53,0.6671648104216481,1.0,no_drifts,synthetic,NB,4,4042
synthetic_dataset_no_drifts,1500,JS,0.6695125,0.670038562440423,0.6695125,0.6692584977920896,5,53,0.6695152729451528,1.0,no_drifts,synthetic,NB,4,4042
synthetic_dataset_no_drifts,2000,Base,0.6679625,0.6684078288861585,0.6679625,0.667744541755271,0,40,0.6679650629296507,1.0,no_drifts,synthetic,NB,4,4042
synthetic_dataset_no_drifts,2000,KS95,0.66655,0.6666362430164144,0.66655,0.6665076054522293,3,40,0.6665511291655113,1.0,no_drifts,synthetic,NB,4,4042
synthetic_dataset_no_drifts,2000,KS90,0.6684875,0.6685343508746764,0.6684875,0.6684650040738864,5,40,0.6684883254348831,1.0,no_drifts,synthetic,NB,4,4042
synthetic_dataset_no_drifts,2000,HD,0.6704875,0.6710338874909745,0.6704875,0.6702259490518172,2,40,0.6704903179549031,1.0,no_drifts,synthetic,NB,4,4042
synthetic_dataset_no_drifts,2000,JS,0.671,0.6717872398616195,0.671,0.670624823175432,3,40,0.6710033767100337,1.0,no_drifts,synthetic,NB,4,4042
synthetic_dataset_no_drifts,2500,Base,0.668125,0.6685940889951203,0.668125,0.6678957247349339,0,32,0.6681276291812763,1.0,no_drifts,synthetic,NB,4,4042
synthetic_dataset_no_drifts,2500,KS95,0.665875,0.6660093719512779,0.665875,0.6658083244683115,2,32,0.6658764141587641,1.0,no_drifts,synthetic,NB,4,4042
synthetic_dataset_no_drifts,2500,KS90,0.6658125,0.6659062821501537,0.6658125,0.6657660607031733,5,32,0.6658136804081369,1.0,no_drifts,synthetic,NB,4,4042
synthetic_dataset_no_drifts,2500,HD,0.66685,0.6670893686297935,0.66685,0.6667318972963794,2,32,0.6668518841685188,1.0,no_drifts,synthetic,NB,4,4042
synthetic_dataset_no_drifts,2500,JS,0.66685,0.6670893686297935,0.66685,0.6667318972963794,2,32,0.6668518841685188,1.0,no_drifts,synthetic,NB,4,4042
synthetic_dataset_with_parallel_drifts_abrupt,1000,Base,0.7019125,0.7026530061357583,0.7019125,0.701650029147587,0,80,0.7019318659412135,1.0,parallel_abrupt,synthetic,NB,3,3042
synthetic_dataset_with_parallel_drifts_abrupt,1000,KS95,0.68015,0.6806257775626787,0.68015,0.6799290608127687,28,80,0.6801329973561914,1.0,parallel_abrupt,synthetic,NB,3,3042
synthetic_dataset_with_parallel_drifts_abrupt,1000,KS90,0.6791375,0.6793589710337674,0.6791375,0.6790313609637133,31,80,0.6791257538056309,1.0,parallel_abrupt,synthetic,NB,3,3042
synthetic_dataset_with_parallel_drifts_abrupt,1000,HD,0.691125,0.6911481811240284,0.691125,0.691113538913051,12,80,0.6911211157486714,1.0,parallel_abrupt,synthetic,NB,3,3042
synthetic_dataset_with_parallel_drifts_abrupt,1000,JS,0.6923,0.6923053907088416,0.6923,0.6922987076560423,10,80,0.6923014299973541,1.0,parallel_abrupt,synthetic,NB,3,3042
synthetic_dataset_with_parallel_drifts_abrupt,1500,Base,0.70205,0.702884207617534,0.70205,0.7017541030069142,0,53,0.7020705603748117,1.0,parallel_abrupt,synthetic,NB,3,3042
synthetic_dataset_with_parallel_drifts_abrupt,1500,KS95,0.6854875,0.6858837983737062,0.6854875,0.6853109592003188,27,53,0.6854721814869967,1.0,parallel_abrupt,synthetic,NB,3,3042
synthetic_dataset_with_parallel_drifts_abrupt,1500,KS90,0.6846875,0.6849690986050567,0.6846875,0.6845599321239534,28,53,0.6846745048999783,1.0,parallel_abrupt,synthetic,NB,3,3042
synthetic_dataset_with_parallel_drifts_abrupt,1500,HD,0.7025,0.7031182820883387,0.7025,0.7022825971281668,2,53,0.7025176518137078,1.0,parallel_abrupt,synthetic,NB,3,3042
synthetic_dataset_with_parallel_drifts_abrupt,1500,JS,0.7003875,0.7007383412979292,0.7003875,0.7002635581113382,3,53,0.7004008040443397,1.0,parallel_abrupt,synthetic,NB,3,3042
synthetic_dataset_with_parallel_drifts_abrupt,2000,Base,0.702475,0.7034064659679541,0.702475,0.7021452461073744,0,40,0.7024967143048617,1.0,parallel_abrupt,synthetic,NB,3,3042
synthetic_dataset_with_parallel_drifts_abrupt,2000,KS95,0.6912625,0.6913994183145703,0.6912625,0.6912023315182594,23,40,0.6912535051796059,1.0,parallel_abrupt,synthetic,NB,3,3042
synthetic_dataset_with_parallel_drifts_abrupt,2000,KS90,0.6912625,0.6913994183145703,0.6912625,0.6912023315182594,23,40,0.6912535051796059,1.0,parallel_abrupt,synthetic,NB,3,3042
synthetic_dataset_with_parallel_drifts_abrupt,2000,HD,0.7015625,0.7021027187636839,0.7015625,0.7013715744073955,3,40,0.7015790220421367,1.0,parallel_abrupt,synthetic,NB,3,3042
synthetic_dataset_with_parallel_drifts_abrupt,2000,JS,0.7027125,0.703710525799975,0.7027125,0.7023595551364242,1,40,0.7027349700305249,1.0,parallel_abrupt,synthetic,NB,3,3042
synthetic_dataset_with_parallel_drifts_abrupt,2500,Base,0.7016125,0.7025853848869771,0.7016125,0.7012654222408643,0,32,0.7016347420656787,1.0,parallel_abrupt,synthetic,NB,3,3042
synthetic_dataset_with_parallel_drifts_abrupt,2500,KS95,0.69465,0.6946543231842401,0.69465,0.694647374916063,22,32,0.6946481647388496,1.0,parallel_abrupt,synthetic,NB,3,3042
synthetic_dataset_with_parallel_drifts_abrupt,2500,KS90,0.69495,0.6949556524358471,0.69495,0.6949486547251413,24,32,0.6949514636169933,1.0,parallel_abrupt,synthetic,NB,3,3042
synthetic_dataset_with_parallel_drifts_abrupt,2500,HD,0.7014,0.702285841238415,0.7014,0.7010838220520563,4,32,0.7014212263504682,1.0,parallel_abrupt,synthetic,NB,3,3042
synthetic_dataset_with_parallel_drifts_abrupt,2500,JS,0.701925,0.703279239769139,0.701925,0.7014413604302897,2,32,0.7019512478244022,1.0,parallel_abrupt,synthetic,NB,3,3042
synthetic_dataset_with_switching_drifts_incremental,1000,Base,0.7125375,0.714444605103002,0.7125375,0.7119116123733187,0,80,0.7125678879349326,1.0,switching_incremental,synthetic,NB,3,3042
synthetic_dataset_with_switching_drifts_incremental,1000,KS95,0.7069375,0.7077290544250332,0.7069375,0.7066680088234841,39,80,0.7069572905644552,1.0,switching_incremental,synthetic,NB,3,3042
synthetic_dataset_with_switching_drifts_incremental,1000,KS90,0.707,0.7076796033293943,0.707,0.7067693204979146,46,80,0.7070183199652401,1.0,switching_incremental,synthetic,NB,3,3042
synthetic_dataset_with_switching_drifts_incremental,1000,HD,0.7113,0.7124900558883552,0.7113,0.7109069410695922,9,80,0.7113240580344146,1.0,switching_incremental,synthetic,NB,3,3042
synthetic_dataset_with_switching_drifts_incremental,1000,JS,0.7119375,0.7129413534855835,0.7119375,0.7116083110662478,8,80,0.7119595514279105,1.0,switching_incremental,synthetic,NB,3,3042
synthetic_dataset_with_switching_drifts_incremental,1500,Base,0.712675,0.7145417065837453,0.712675,0.712063122287105,0,53,0.7127050548678856,1.0,switching_incremental,synthetic,NB,3,3042
synthetic_dataset_with_switching_drifts_incremental,1500,KS95,0.70855,0.7092237911411955,0.70855,0.7083242105154524,25,53,0.7085681743700538,1.0,switching_incremental,synthetic,NB,3,3042
synthetic_dataset_with_switching_drifts_incremental,1500,KS90,0.7080875,0.7089985758500784,0.7080875,0.7077795913674925,29,53,0.7081086885509209,1.0,switching_incremental,synthetic,NB,3,3042
synthetic_dataset_with_switching_drifts_incremental,1500,HD,0.71215,0.7138050090874247,0.71215,0.7116055851855737,4,53,0.7121783321453453,1.0,switching_incremental,synthetic,NB,3,3042
synthetic_dataset_with_switching_drifts_incremental,1500,JS,0.71215,0.7138050090874247,0.71215,0.7116055851855737,4,53,0.7121783321453453,1.0,switching_incremental,synthetic,NB,3,3042
synthetic_dataset_with_switching_drifts_incremental,2000,Base,0.7125,0.7142016525133597,0.7125,0.7119417315678578,0,40,0.7125287060433784,1.0,switching_incremental,synthetic,NB,3,3042
synthetic_dataset_with_switching_drifts_incremental,2000,KS95,0.7119125,0.7125176429295754,0.7119125,0.7117155868066251,13,40,0.7119295789152471,1.0,switching_incremental,synthetic,NB,3,3042
synthetic_dataset_with_switching_drifts_incremental,2000,KS90,0.710925,0.7113779518372215,0.710925,0.7107773093060245,19,40,0.7109397791220566,1.0,switching_incremental,synthetic,NB,3,3042
synthetic_dataset_with_switching_drifts_incremental,2000,HD,0.712525,0.7134290577103817,0.712525,0.7122303603509297,6,40,0.7125458898006385,1.0,switching_incremental,synthetic,NB,3,3042
synthetic_dataset_with_switching_drifts_incremental,2000,JS,0.712525,0.7134290577103817,0.712525,0.7122303603509297,6,40,0.7125458898006385,1.0,switching_incremental,synthetic,NB,3,3042
synthetic_dataset_with_switching_drifts_incremental,2500,Base,0.712425,0.7142474576229239,0.712425,0.7118264884245172,0,32,0.7124547135121164,1.0,switching_incremental,synthetic,NB,3,3042
synthetic_dataset_with_switching_drifts_incremental,2500,KS95,0.7132,0.713991874521534,0.7132,0.7129438331264456,5,32,0.7132195088352424,1.0,switching_incremental,synthetic,NB,3,3042
synthetic_dataset_with_switching_drifts_incremental,2500,KS90,0.7128,0.7138913804555688,0.7128,0.7124442512751693,7,32,0.712822953667698,1.0,switching_incremental,synthetic,NB,3,3042
synthetic_dataset_with_switching_drifts_incremental,2500,HD,0.710825,0.7134325542482499,0.710825,0.7099564314369372,1,32,0.7108606603386289,1.0,switching_incremental,synthetic,NB,3,3042
synthetic_dataset_with_switching_drifts_incremental,2500,JS,0.713225,0.7136205891595421,0.713225,0.7130988096397161,3,32,0.7132387238433607,1.0,switching_incremental,synthetic,NB,3,3042
synthetic_dataset_with_parallel_drifts_incremental,1000,Base,0.7134375,0.7152455520427591,0.7134375,0.7128486122036757,0,80,0.7134670270648189,1.0,parallel_incremental,synthetic,NB,3,3042
synthetic_dataset_with_parallel_drifts_incremental,1000,KS95,0.70965,0.7098288559702127,0.70965,0.7095927040591851,18,80,0.709659221081021,1.0,parallel_incremental,synthetic,NB,3,3042
synthetic_dataset_with_parallel_drifts_incremental,1000,KS90,0.7078,0.7080637315214434,0.7078,0.7077130581961563,24,80,0.7078113003002744,1.0,parallel_incremental,synthetic,NB,3,3042
synthetic_dataset_with_parallel_drifts_incremental,1000,HD,0.711625,0.7119925477822371,0.711625,0.7115064393388104,5,80,0.7116382681671682,1.0,parallel_incremental,synthetic,NB,3,3042
synthetic_dataset_with_parallel_drifts_incremental,1000,JS,0.7113,0.7117488327035997,0.7113,0.7111541291584831,7,80,0.7113146980304599,1.0,parallel_incremental,synthetic,NB,3,3042
synthetic_dataset_with_parallel_drifts_incremental,1500,Base,0.713325,0.7151570530351969,0.713325,0.7127277054022748,0,53,0.7133547301423735,1.0,parallel_incremental,synthetic,NB,3,3042
synthetic_dataset_with_parallel_drifts_incremental,1500,KS95,0.71105,0.7118046237502734,0.71105,0.7108017614259937,16,53,0.7110691341767091,1.0,parallel_incremental,synthetic,NB,3,3042
synthetic_dataset_with_parallel_drifts_incremental,1500,KS90,0.7108,0.7114893148614053,0.7108,0.710573123981131,17,53,0.7108182890707271,1.0,parallel_incremental,synthetic,NB,3,3042
synthetic_dataset_with_parallel_drifts_incremental,1500,HD,0.713575,0.7152793176301558,0.713575,0.7130207161274225,2,53,0.7136036577475453,1.0,parallel_incremental,synthetic,NB,3,3042
synthetic_dataset_with_parallel_drifts_incremental,1500,JS,0.713575,0.7152793176301558,0.713575,0.7130207161274225,2,53,0.7136036577475453,1.0,parallel_incremental,synthetic,NB,3,3042
synthetic_dataset_with_parallel_drifts_incremental,2000,Base,0.7128,0.7145194640150742,0.7128000000000001,0.7122372254512619,0,40,0.7128288361701832,1.0,parallel_incremental,synthetic,NB,3,3042
synthetic_dataset_with_parallel_drifts_incremental,2000,KS95,0.713175,0.714283699449196,0.713175,0.7128146408533027,13,40,0.7131981163262041,1.0,parallel_incremental,synthetic,NB,3,3042
synthetic_dataset_with_parallel_drifts_incremental,2000,KS90,0.7124375,0.7135079850237813,0.7124375,0.7120876113027722,16,40,0.7124602503894557,1.0,parallel_incremental,synthetic,NB,3,3042
synthetic_dataset_with_parallel_drifts_incremental,2000,HD,0.7131875,0.7143678920033727,0.7131875,0.7128036105321387,3,40,0.7132113557067978,1.0,parallel_incremental,synthetic,NB,3,3042
synthetic_dataset_with_parallel_drifts_incremental,2000,JS,0.7142125,0.7145142344537632,0.7142125,0.7141177055261462,5,40,0.7142244286348212,1.0,parallel_incremental,synthetic,NB,3,3042
synthetic_dataset_with_parallel_drifts_incremental,2500,Base,0.71295,0.7147649228054451,0.71295,0.7123565154051492,0,32,0.712979616233888,1.0,parallel_incremental,synthetic,NB,3,3042
synthetic_dataset_with_parallel_drifts_incremental,2500,KS95,0.7102875,0.712369396990372,0.7102875,0.7095913483536177,5,32,0.7103194144849525,1.0,parallel_incremental,synthetic,NB,3,3042
synthetic_dataset_with_parallel_drifts_incremental,2500,KS90,0.7138125,0.7142729400228122,0.7138125,0.7136657985758308,17,32,0.7138273047170363,1.0,parallel_incremental,synthetic,NB,3,3042
synthetic_dataset_with_parallel_drifts_incremental,2500,HD,0.7112625,0.7136474925864904,0.7112625,0.7104709900234889,3,32,0.7112965761478034,1.0,parallel_incremental,synthetic,NB,3,3042
synthetic_dataset_with_parallel_drifts_incremental,2500,JS,0.7112,0.7138965416378301,0.7112,0.7103045097221071,1,32,0.7112362292473069,1.0,parallel_incremental,synthetic,NB,3,3042
synthetic_dataset_with_switching_drifts_abrupt,1000,Base,0.6939375,0.6944212696363354,0.6939375,0.6937557696177556,0,80,0.6939534175703189,1.0,switching_abrupt,synthetic,NB,3,3042
synthetic_dataset_with_switching_drifts_abrupt,1000,KS95,0.6681125,0.6682640247040647,0.6681125,0.668044059349074,73,80,0.6681219066565056,1.0,switching_abrupt,synthetic,NB,3,3042
synthetic_dataset_with_switching_drifts_abrupt,1000,KS90,0.6682,0.6683458386698434,0.6682,0.6681342911769256,75,80,0.6682092198183953,1.0,switching_abrupt,synthetic,NB,3,3042
synthetic_dataset_with_switching_drifts_abrupt,1000,HD,0.6875,0.6875377144987502,0.6875,0.6874868293806086,11,80,0.6875043042205685,1.0,switching_abrupt,synthetic,NB,3,3042
synthetic_dataset_with_switching_drifts_abrupt,1000,JS,0.683825,0.6838586558266208,0.683825,0.6838078354224372,13,80,0.68382028391407,1.0,switching_abrupt,synthetic,NB,3,3042
synthetic_dataset_with_switching_drifts_abrupt,1500,Base,0.69265,0.693135991668496,0.69265,0.69246543776252,0,53,0.6926660064013876,1.0,switching_abrupt,synthetic,NB,3,3042
synthetic_dataset_with_switching_drifts_abrupt,1500,KS95,0.6684375,0.6684374403836504,0.6684375,0.6684373422485927,49,53,0.6684370755396645,1.0,switching_abrupt,synthetic,NB,3,3042
synthetic_dataset_with_switching_drifts_abrupt,1500,KS90,0.6684375,0.6684374403836504,0.6684375,0.6684373422485927,49,53,0.6684370755396645,1.0,switching_abrupt,synthetic,NB,3,3042
synthetic_dataset_with_switching_drifts_abrupt,1500,HD,0.6876875,0.6876874986680039,0.6876875,0.687687300656506,7,53,0.6876870186727654,1.0,switching_abrupt,synthetic,NB,3,3042
synthetic_dataset_with_switching_drifts_abrupt,1500,JS,0.6876875,0.6876874986680039,0.6876875,0.687687300656506,7,53,0.6876870186727654,1.0,switching_abrupt,synthetic,NB,3,3042
synthetic_dataset_with_switching_drifts_abrupt,2000,Base,0.689875,0.6903648145677012,0.689875,0.6896845639950052,0,40,0.6898911839790252,1.0,switching_abrupt,synthetic,NB,3,3042
synthetic_dataset_with_switching_drifts_abrupt,2000,KS95,0.6708875,0.6709524349306832,0.6708875,0.6708520194006636,37,40,0.6708808203221466,1.0,switching_abrupt,synthetic,NB,3,3042
synthetic_dataset_with_switching_drifts_abrupt,2000,KS90,0.6708875,0.6709524349306832,0.6708875,0.6708520194006636,37,40,0.6708808203221466,1.0,switching_abrupt,synthetic,NB,3,3042
synthetic_dataset_with_switching_drifts_abrupt,2000,HD,0.6866375,0.6866516390313893,0.6866375,0.6866330969600324,10,40,0.6866400244804103,1.0,switching_abrupt,synthetic,NB,3,3042
synthetic_dataset_with_switching_drifts_abrupt,2000,JS,0.6799375,0.680674061240803,0.6799374999999999,0.6795983208941364,8,40,0.6799164266396903,1.0,switching_abrupt,synthetic,NB,3,3042
synthetic_dataset_with_switching_drifts_abrupt,2500,Base,0.6917875,0.692383108384589,0.6917875,0.6915587097231921,0,32,0.6918052854127331,1.0,switching_abrupt,synthetic,NB,3,3042
synthetic_dataset_with_switching_drifts_abrupt,2500,KS95,0.6722,0.6722543992856368,0.6722,0.6721702918816441,29,32,0.6721938815019148,1.0,switching_abrupt,synthetic,NB,3,3042
synthetic_dataset_with_switching_drifts_abrupt,2500,KS90,0.6722,0.6722543992856368,0.6722,0.6721702918816441,29,32,0.6721938815019148,1.0,switching_abrupt,synthetic,NB,3,3042
synthetic_dataset_with_switching_drifts_abrupt,2500,HD,0.689725,0.6897761829726151,0.689725,0.689706992230741,5,32,0.6897300364109404,1.0,switching_abrupt,synthetic,NB,3,3042
synthetic_dataset_with_switching_drifts_abrupt,2500,JS,0.6900375,0.6900400553981751,0.6900375,0.6900370386882175,3,32,0.6900384009162245,1.0,switching_abrupt,synthetic,NB,3,3042
synthetic_dataset_no_drifts,1000,Base,0.7132125,0.7150787923219748,0.7132125,0.7126034253795428,0,80,0.7132425144699623,1.0,no_drifts,synthetic,NB,3,3042
synthetic_dataset_no_drifts,1000,KS95,0.71195,0.7140986941053062,0.71195,0.7112410915887418,2,80,0.7119822970625205,1.0,no_drifts,synthetic,NB,3,3042
synthetic_dataset_no_drifts,1000,KS90,0.71025,0.7117706569004946,0.71025,0.7097422876486529,7,80,0.7102772750921487,1.0,no_drifts,synthetic,NB,3,3042
synthetic_dataset_no_drifts,1000,HD,0.712125,0.7127381542193179,0.712125,0.7119257757313083,5,80,0.7121421846300731,1.0,no_drifts,synthetic,NB,3,3042
synthetic_dataset_no_drifts,1000,JS,0.7117875,0.7125001822323022,0.7117875,0.711554681420177,7,80,0.7118060576130594,1.0,no_drifts,synthetic,NB,3,3042
synthetic_dataset_no_drifts,1500,Base,0.7131375,0.7149930608275578,0.7131375,0.7125315770554089,0,53,0.7131674331882405,1.0,no_drifts,synthetic,NB,3,3042
synthetic_dataset_no_drifts,1500,KS95,0.712425,0.7131590951615633,0.712425,0.712186310631653,2,53,0.7124438097575096,1.0,no_drifts,synthetic,NB,3,3042
synthetic_dataset_no_drifts,1500,KS90,0.7094375,0.7107217652676926,0.7094375,0.7090064963424871,4,53,0.7094626053729507,1.0,no_drifts,synthetic,NB,3,3042
synthetic_dataset_no_drifts,1500,HD,0.71215,0.7133096941184001,0.71215,0.7117697178643523,4,53,0.7121737008933886,1.0,no_drifts,synthetic,NB,3,3042
synthetic_dataset_no_drifts,1500,JS,0.71175,0.713388726671722,0.71175,0.7112092197062402,4,53,0.7117782182262973,1.0,no_drifts,synthetic,NB,3,3042
synthetic_dataset_no_drifts,2000,Base,0.7129625,0.7147056063986891,0.7129625,0.7123926923654539,0,40,0.7129915231139186,1.0,no_drifts,synthetic,NB,3,3042
synthetic_dataset_no_drifts,2000,KS95,0.7121875,0.7134253851372633,0.7121875,0.711781421869802,4,40,0.7122119890345654,1.0,no_drifts,synthetic,NB,3,3042
synthetic_dataset_no_drifts,2000,KS90,0.7124,0.7129245778678037,0.7124,0.7122304574579741,8,40,0.7124158684957045,1.0,no_drifts,synthetic,NB,3,3042
synthetic_dataset_no_drifts,2000,HD,0.7111125,0.7123215757488984,0.7111125,0.7107124814932682,7,40,0.7111367610802816,1.0,no_drifts,synthetic,NB,3,3042
synthetic_dataset_no_drifts,2000,JS,0.713025,0.7141298417933994,0.713025,0.7126654708046097,4,40,0.7130480837628154,1.0,no_drifts,synthetic,NB,3,3042
synthetic_dataset_no_drifts,2500,Base,0.713075,0.7148929630100641,0.713075,0.7124811193178221,0,32,0.7131046325367073,1.0,no_drifts,synthetic,NB,3,3042
synthetic_dataset_no_drifts,2500,KS95,0.714025,0.7160272588046368,0.714025,0.7133756281924165,1,32,0.7140560304386728,1.0,no_drifts,synthetic,NB,3,3042
synthetic_dataset_no_drifts,2500,KS90,0.714025,0.7160272588046368,0.714025,0.7133756281924165,1,32,0.7140560304386728,1.0,no_drifts,synthetic,NB,3,3042
synthetic_dataset_no_drifts,2500,HD,0.711575,0.7139600421319666,0.711575,0.7107854834894713,3,32,0.7116090519048245,1.0,no_drifts,synthetic,NB,3,3042
synthetic_dataset_no_drifts,2500,JS,0.714075,0.714904518700096,0.714075,0.7138083690771831,3,32,0.7140949317051086,1.0,no_drifts,synthetic,NB,3,3042
synthetic_dataset_with_parallel_drifts_abrupt,1000,Base,0.779025,0.7792878760739482,0.779025,0.7789733447483318,0,80,0.779026148132022,1.0,parallel_abrupt,synthetic,NB,2,2042
synthetic_dataset_with_parallel_drifts_abrupt,1000,KS95,0.752025,0.7532861697885043,0.752025,0.7517149563326989,28,80,0.7520223511051257,1.0,parallel_abrupt,synthetic,NB,2,2042
synthetic_dataset_with_parallel_drifts_abrupt,1000,KS90,0.7536625,0.7542827611760403,0.7536625,0.7535115104605519,31,80,0.7536606451768412,1.0,parallel_abrupt,synthetic,NB,2,2042
synthetic_dataset_with_parallel_drifts_abrupt,1000,HD,0.7673,0.767393178620772,0.7673,0.767279491781617,15,80,0.7672992974410586,1.0,parallel_abrupt,synthetic,NB,2,2042
synthetic_dataset_with_parallel_drifts_abrupt,1000,JS,0.772275,0.7722750917568645,0.772275,0.7722749874751246,11,80,0.772275019344047,1.0,parallel_abrupt,synthetic,NB,2,2042
synthetic_dataset_with_parallel_drifts_abrupt,1500,Base,0.7809375,0.7812762620351704,0.7809375,0.780871917549261,0,53,0.7809387990802806,1.0,parallel_abrupt,synthetic,NB,2,2042
synthetic_dataset_with_parallel_drifts_abrupt,1500,KS95,0.7628875,0.7631313359802143,0.7628875,0.7628321629361533,26,53,0.7628863558537358,1.0,parallel_abrupt,synthetic,NB,2,2042
synthetic_dataset_with_parallel_drifts_abrupt,1500,KS90,0.7629875,0.763275796087104,0.7629875,0.7629221710853368,29,53,0.7629862564792977,1.0,parallel_abrupt,synthetic,NB,2,2042
synthetic_dataset_with_parallel_drifts_abrupt,1500,HD,0.7804,0.7807327727867692,0.7804,0.780335297845082,2,53,0.7804012887647573,1.0,parallel_abrupt,synthetic,NB,2,2042
synthetic_dataset_with_parallel_drifts_abrupt,1500,JS,0.777875,0.7779579970364239,0.777875,0.7778586184720007,3,53,0.7778756456255504,1.0,parallel_abrupt,synthetic,NB,2,2042
synthetic_dataset_with_parallel_drifts_abrupt,2000,Base,0.78105,0.7815124129894732,0.78105,0.7809605129219562,0,40,0.7810515175184148,1.0,parallel_abrupt,synthetic,NB,2,2042
synthetic_dataset_with_parallel_drifts_abrupt,2000,KS95,0.7656375,0.7658435755106885,0.7656375,0.7655917201979744,22,40,0.765636453369205,1.0,parallel_abrupt,synthetic,NB,2,2042
synthetic_dataset_with_parallel_drifts_abrupt,2000,KS90,0.766375,0.7664058843963125,0.766375,0.7663680926698234,24,40,0.7663745936858571,1.0,parallel_abrupt,synthetic,NB,2,2042
synthetic_dataset_with_parallel_drifts_abrupt,2000,HD,0.780125,0.7803134634504844,0.780125,0.7800883338884254,3,40,0.7801259700132086,1.0,parallel_abrupt,synthetic,NB,2,2042
synthetic_dataset_with_parallel_drifts_abrupt,2000,JS,0.7807125,0.7810901519773926,0.7807125,0.7806392392615149,1,40,0.7807138722040154,1.0,parallel_abrupt,synthetic,NB,2,2042
synthetic_dataset_with_parallel_drifts_abrupt,2500,Base,0.7814875,0.7819708783775711,0.7814875,0.7813942820547629,0,32,0.781489050333376,1.0,parallel_abrupt,synthetic,NB,2,2042
synthetic_dataset_with_parallel_drifts_abrupt,2500,KS95,0.7701875,0.7701884821984948,0.7701875,0.7701873141749106,23,32,0.770187569019805,1.0,parallel_abrupt,synthetic,NB,2,2042
synthetic_dataset_with_parallel_drifts_abrupt,2500,KS90,0.7701875,0.7701884821984948,0.7701875,0.7701873141749106,23,32,0.770187569019805,1.0,parallel_abrupt,synthetic,NB,2,2042
synthetic_dataset_with_parallel_drifts_abrupt,2500,HD,0.7810625,0.7816379992632877,0.7810625,0.7809511135897447,2,32,0.781064192830986,1.0,parallel_abrupt,synthetic,NB,2,2042
synthetic_dataset_with_parallel_drifts_abrupt,2500,JS,0.7810625,0.7816379992632877,0.7810625,0.7809511135897447,2,32,0.781064192830986,1.0,parallel_abrupt,synthetic,NB,2,2042
synthetic_dataset_with_switching_drifts_incremental,1000,Base,0.799925,0.8009277328432277,0.799925,0.7997587683481822,0,80,0.7999271626245903,1.0,switching_incremental,synthetic,NB,2,2042
synthetic_dataset_with_switching_drifts_incremental,1000,KS95,0.7970125,0.7976084907915424,0.7970125,0.7969112798943145,42,80,0.7970141760457048,1.0,switching_incremental,synthetic,NB,2,2042
synthetic_dataset_with_switching_drifts_incremental,1000,KS90,0.7968,0.7975224044243824,0.7968,0.7966770826273921,44,80,0.7968018457320104,1.0,switching_incremental,synthetic,NB,2,2042
synthetic_dataset_with_switching_drifts_incremental,1000,HD,0.799225,0.8000370769489377,0.799225,0.7990895765924161,5,80,0.7992269488706516,1.0,switching_incremental,synthetic,NB,2,2042
synthetic_dataset_with_switching_drifts_incremental,1000,JS,0.798925,0.7997488220798564,0.798925,0.7987872751900402,5,80,0.7989269638689641,1.0,switching_incremental,synthetic,NB,2,2042
synthetic_dataset_with_switching_drifts_incremental,1500,Base,0.8002625,0.8012206580284524,0.8002625,0.80010409860516,0,53,0.8002646129389883,1.0,switching_incremental,synthetic,NB,2,2042
synthetic_dataset_with_switching_drifts_incremental,1500,KS95,0.798575,0.7993391467721296,0.798575,0.7984468792215642,28,53,0.798576892616995,1.0,switching_incremental,synthetic,NB,2,2042
synthetic_dataset_with_switching_drifts_incremental,1500,KS90,0.798675,0.7993201203709448,0.798675,0.7985669313460987,32,53,0.7986767388675566,1.0,switching_incremental,synthetic,NB,2,2042
synthetic_dataset_with_switching_drifts_incremental,1500,HD,0.7996875,0.8008627326237813,0.7996875,0.7994923185406998,3,53,0.7996898416857553,1.0,switching_incremental,synthetic,NB,2,2042
synthetic_dataset_with_switching_drifts_incremental,1500,JS,0.799825,0.8009001196378713,0.799825,0.7996466308028932,3,53,0.7998272394990282,1.0,switching_incremental,synthetic,NB,2,2042
synthetic_dataset_with_switching_drifts_incremental,2000,Base,0.799725,0.8007622059092029,0.799725,0.7995527718602271,0,40,0.7997272001234654,1.0,switching_incremental,synthetic,NB,2,2042
synthetic_dataset_with_switching_drifts_incremental,2000,KS95,0.7970375,0.7976348761504062,0.7970375,0.7969360654510574,23,40,0.7970391779208452,1.0,switching_incremental,synthetic,NB,2,2042
synthetic_dataset_with_switching_drifts_incremental,2000,KS90,0.797375,0.7980298598202412,0.797375,0.7972641089836291,26,40,0.7973767557352442,1.0,switching_incremental,synthetic,NB,2,2042
synthetic_dataset_with_switching_drifts_incremental,2000,HD,0.7998125,0.800742193172551,0.7998125,0.7996582249142048,2,40,0.7998145829364571,1.0,switching_incremental,synthetic,NB,2,2042
synthetic_dataset_with_switching_drifts_incremental,2000,JS,0.799875,0.8006951231718472,0.799875,0.799738972461901,2,40,0.7998769563743078,1.0,switching_incremental,synthetic,NB,2,2042
synthetic_dataset_with_switching_drifts_incremental,2500,Base,0.7999875,0.8010105898683633,0.7999875,0.7998179845184668,0,32,0.799989684187442,1.0,switching_incremental,synthetic,NB,2,2042
synthetic_dataset_with_switching_drifts_incremental,2500,KS95,0.7987875,0.7994279960989559,0.7987875,0.7986803066651764,20,32,0.7987892323056895,1.0,switching_incremental,synthetic,NB,2,2042
synthetic_dataset_with_switching_drifts_incremental,2500,KS90,0.7987,0.7993230846368764,0.7987,0.7985956465401992,23,32,0.7987017088676971,1.0,switching_incremental,synthetic,NB,2,2042
synthetic_dataset_with_switching_drifts_incremental,2500,HD,0.7999125,0.8006402349751617,0.7999125,0.7997918345415365,3,32,0.7999143429370181,1.0,switching_incremental,synthetic,NB,2,2042
synthetic_dataset_with_switching_drifts_incremental,2500,JS,0.7997875,0.8004204239807213,0.7997875,0.799682451936441,3,32,0.7997892191863144,1.0,switching_incremental,synthetic,NB,2,2042
synthetic_dataset_with_parallel_drifts_incremental,1000,Base,0.7994375,0.8003981368850087,0.7994375,0.7992775949909131,0,80,0.7994396185593479,1.0,parallel_incremental,synthetic,NB,2,2042
synthetic_dataset_with_parallel_drifts_incremental,1000,KS95,0.7962875,0.7964640130815532,0.7962875,0.7962574233253106,22,80,0.7962884129166223,1.0,parallel_incremental,synthetic,NB,2,2042
synthetic_dataset_with_parallel_drifts_incremental,1000,KS90,0.7962875,0.7965036623376355,0.7962875,0.7962506415552838,25,80,0.7962885104166229,1.0,parallel_incremental,synthetic,NB,2,2042
synthetic_dataset_with_parallel_drifts_incremental,1000,HD,0.7992125,0.8000521651220137,0.7992125,0.7990724621026225,5,80,0.7992144816830814,1.0,parallel_incremental,synthetic,NB,2,2042
synthetic_dataset_with_parallel_drifts_incremental,1000,JS,0.7990875,0.799899987092086,0.7990875,0.7989518532363227,8,80,0.7990894498073782,1.0,parallel_incremental,synthetic,NB,2,2042
synthetic_dataset_with_parallel_drifts_incremental,1500,Base,0.7998625,0.8008058172618693,0.7998625,0.7997060304594826,0,53,0.7998645979367384,1.0,parallel_incremental,synthetic,NB,2,2042
synthetic_dataset_with_parallel_drifts_incremental,1500,KS95,0.798625,0.7992769933287398,0.798625,0.7985157340138116,21,53,0.7986267482422754,1.0,parallel_incremental,synthetic,NB,2,2042
synthetic_dataset_with_parallel_drifts_incremental,1500,KS90,0.7986375,0.79937848136933,0.7986375,0.7985133281821467,23,53,0.7986393635548464,1.0,parallel_incremental,synthetic,NB,2,2042
synthetic_dataset_with_parallel_drifts_incremental,1500,HD,0.7993,0.8005474357509235,0.7993,0.7990921764253237,3,53,0.799302413871076,1.0,parallel_incremental,synthetic,NB,2,2042
synthetic_dataset_with_parallel_drifts_incremental,1500,JS,0.799275,0.800724426793476,0.799275,0.7990335419397577,2,53,0.7992776013709365,1.0,parallel_incremental,synthetic,NB,2,2042
synthetic_dataset_with_parallel_drifts_incremental,2000,Base,0.7998125,0.800817472604461,0.7998125,0.7996457412846038,0,40,0.7998146654364574,1.0,parallel_incremental,synthetic,NB,2,2042
synthetic_dataset_with_parallel_drifts_incremental,2000,KS95,0.797975,0.7985497187493188,0.797975,0.7978781714228272,18,40,0.7979766432386186,1.0,parallel_incremental,synthetic,NB,2,2042
synthetic_dataset_with_parallel_drifts_incremental,2000,KS90,0.797975,0.7987180708961694,0.797975,0.7978497911735761,20,40,0.7979768682386198,1.0,parallel_incremental,synthetic,NB,2,2042
synthetic_dataset_with_parallel_drifts_incremental,2000,HD,0.7995125,0.8004547186781289,0.7995125,0.7993557568259098,2,40,0.7995145979347696,1.0,parallel_incremental,synthetic,NB,2,2042
synthetic_dataset_with_parallel_drifts_incremental,2000,JS,0.7995125,0.8004547186781289,0.7995125,0.7993557568259098,2,40,0.7995145979347696,1.0,parallel_incremental,synthetic,NB,2,2042
synthetic_dataset_with_parallel_drifts_incremental,2500,Base,0.800075,0.8010730088746588,0.800075,0.7999097573294522,0,32,0.800077157000434,1.0,parallel_incremental,synthetic,NB,2,2042
synthetic_dataset_with_parallel_drifts_incremental,2500,KS95,0.7990125,0.7997469536295719,0.7990125,0.7988898051910073,15,32,0.7990143541819558,1.0,parallel_incremental,synthetic,NB,2,2042
synthetic_dataset_with_parallel_drifts_incremental,2500,KS90,0.7991875,0.7998856505179474,0.7991875,0.7990710409376123,19,32,0.7991893073079399,1.0,parallel_incremental,synthetic,NB,2,2042
synthetic_dataset_with_parallel_drifts_incremental,2500,HD,0.799875,0.8011522508959616,0.799875,0.7996632322816815,1,32,0.7998774401243105,1.0,parallel_incremental,synthetic,NB,2,2042
synthetic_dataset_with_parallel_drifts_incremental,2500,JS,0.799875,0.8011522508959616,0.799875,0.7996632322816815,1,32,0.7998774401243105,1.0,parallel_incremental,synthetic,NB,2,2042
synthetic_dataset_with_switching_drifts_abrupt,1000,Base,0.7691625,0.7696103580184946,0.7691625,0.7690671007902441,0,80,0.7691640258890476,1.0,switching_abrupt,synthetic,NB,2,2042
synthetic_dataset_with_switching_drifts_abrupt,1000,KS95,0.7481875,0.7482614844571341,0.7481875,0.748168983073925,75,80,0.7481881445210583,1.0,switching_abrupt,synthetic,NB,2,2042
synthetic_dataset_with_switching_drifts_abrupt,1000,KS90,0.7481875,0.7482614844571341,0.7481875,0.748168983073925,75,80,0.7481881445210583,1.0,switching_abrupt,synthetic,NB,2,2042
synthetic_dataset_with_switching_drifts_abrupt,1000,HD,0.76895,0.7691698948495663,0.76895,0.768903155564038,2,80,0.7689510693253496,1.0,switching_abrupt,synthetic,NB,2,2042
synthetic_dataset_with_switching_drifts_abrupt,1000,JS,0.7665,0.7665685215774575,0.7665,0.7664851951701734,5,80,0.7665005986865658,1.0,switching_abrupt,synthetic,NB,2,2042
synthetic_dataset_with_switching_drifts_abrupt,1500,Base,0.7701125,0.7704981145812986,0.7701125,0.770031003881652,0,53,0.7701139133943907,1.0,switching_abrupt,synthetic,NB,2,2042
synthetic_dataset_with_switching_drifts_abrupt,1500,KS95,0.7492375,0.7492420285835092,0.7492375,0.7492364206588649,48,53,0.7492376570269619,1.0,switching_abrupt,synthetic,NB,2,2042
synthetic_dataset_with_switching_drifts_abrupt,1500,KS90,0.7499125,0.7499328005562258,0.7499125,0.7499075478975487,49,53,0.7499128351557598,1.0,switching_abrupt,synthetic,NB,2,2042
synthetic_dataset_with_switching_drifts_abrupt,1500,HD,0.7668875,0.7669358446321793,0.7668875,0.7668771133970852,5,53,0.766888002126245,1.0,switching_abrupt,synthetic,NB,2,2042
synthetic_dataset_with_switching_drifts_abrupt,1500,JS,0.7662,0.7663217694377178,0.7662,0.7661735413881103,8,53,0.7662007993098794,1.0,switching_abrupt,synthetic,NB,2,2042
synthetic_dataset_with_switching_drifts_abrupt,2000,Base,0.7685375,0.7690765134438764,0.7685375,0.7684220807810224,0,40,0.7685391758855329,1.0,switching_abrupt,synthetic,NB,2,2042
synthetic_dataset_with_switching_drifts_abrupt,2000,KS95,0.7532125,0.7532237367595069,0.7532125,0.7532098533691248,37,40,0.7532127470493217,1.0,switching_abrupt,synthetic,NB,2,2042
synthetic_dataset_with_switching_drifts_abrupt,2000,KS90,0.7532125,0.7532237367595069,0.7532125,0.7532098533691248,37,40,0.7532127470493217,1.0,switching_abrupt,synthetic,NB,2,2042
synthetic_dataset_with_switching_drifts_abrupt,2000,HD,0.763725,0.7637355792951418,0.763725,0.7637227113596408,2,40,0.7637252349209545,1.0,switching_abrupt,synthetic,NB,2,2042
synthetic_dataset_with_switching_drifts_abrupt,2000,JS,0.763725,0.7637355792951418,0.763725,0.7637227113596408,2,40,0.7637252349209545,1.0,switching_abrupt,synthetic,NB,2,2042
synthetic_dataset_with_switching_drifts_abrupt,2500,Base,0.7693125,0.7698689118470309,0.7693125,0.7691940919013961,0,32,0.7693142002648924,1.0,switching_abrupt,synthetic,NB,2,2042
synthetic_dataset_with_switching_drifts_abrupt,2500,KS95,0.7587,0.7587186260570683,0.7587,0.7586957690332572,29,32,0.7587003155176893,1.0,switching_abrupt,synthetic,NB,2,2042
synthetic_dataset_with_switching_drifts_abrupt,2500,KS90,0.7587,0.7587186260570683,0.7587,0.7586957690332572,29,32,0.7587003155176893,1.0,switching_abrupt,synthetic,NB,2,2042
synthetic_dataset_with_switching_drifts_abrupt,2500,HD,0.76495,0.7649702089389806,0.76495,0.7649456288715525,4,32,0.7649503249278454,1.0,switching_abrupt,synthetic,NB,2,2042
synthetic_dataset_with_switching_drifts_abrupt,2500,JS,0.76495,0.7649702089389806,0.76495,0.7649456288715525,4,32,0.7649503249278454,1.0,switching_abrupt,synthetic,NB,2,2042
synthetic_dataset_no_drifts,1000,Base,0.800025,0.8009832534828144,0.800025,0.7998662692696371,0,80,0.8000271138751525,1.0,no_drifts,synthetic,NB,2,2042
synthetic_dataset_no_drifts,1000,KS95,0.7987875,0.8003401297335954,0.7987875,0.7985278416493162,7,80,0.7987901941806947,1.0,no_drifts,synthetic,NB,2,2042
synthetic_dataset_no_drifts,1000,KS90,0.7986375,0.8003065018337711,0.7986375,0.7983580857362412,14,80,0.7986402935548517,1.0,no_drifts,synthetic,NB,2,2042
synthetic_dataset_no_drifts,1000,HD,0.7979,0.7996386859472059,0.7979,0.7976071687666991,5,80,0.7979028544882036,1.0,no_drifts,synthetic,NB,2,2042
synthetic_dataset_no_drifts,1000,JS,0.7982125,0.7995794783557124,0.7982125,0.7979827313474172,4,80,0.7982150310524596,1.0,no_drifts,synthetic,NB,2,2042
synthetic_dataset_no_drifts,1500,Base,0.8002,0.8011435309596487,0.8002,0.8000439341172563,0,53,0.8002020970011366,1.0,no_drifts,synthetic,NB,2,2042
synthetic_dataset_no_drifts,1500,KS95,0.7992125,0.8010369504003704,0.7992125,0.7989085986456426,2,53,0.7992154173080868,1.0,no_drifts,synthetic,NB,2,2042
synthetic_dataset_no_drifts,1500,KS90,0.7993875,0.8005785931893035,0.7993875,0.7991891939283884,4,53,0.799389858559068,1.0,no_drifts,synthetic,NB,2,2042
synthetic_dataset_no_drifts,1500,HD,0.799925,0.800586873002985,0.799925,0.7998152701838759,5,53,0.799926757624588,1.0,no_drifts,synthetic,NB,2,2042
synthetic_dataset_no_drifts,1500,JS,0.7991375,0.8007006503262916,0.7991375,0.798876845377473,3,53,0.7991402016826636,1.0,no_drifts,synthetic,NB,2,2042
synthetic_dataset_no_drifts,2000,Base,0.799875,0.800865405360969,0.799875,0.7997107421305082,0,40,0.7998771494993089,1.0,no_drifts,synthetic,NB,2,2042
synthetic_dataset_no_drifts,2000,KS95,0.79965,0.8007663903026978,0.79965,0.7994645213983446,1,40,0.799652282623044,1.0,no_drifts,synthetic,NB,2,2042
synthetic_dataset_no_drifts,2000,KS90,0.7986625,0.7999831158110362,0.7986625,0.798441337440423,6,40,0.7986649860549905,1.0,no_drifts,synthetic,NB,2,2042
synthetic_dataset_no_drifts,2000,HD,0.799975,0.8009347983147973,0.799975,0.7998159473497575,2,40,0.7999771157498713,1.0,no_drifts,synthetic,NB,2,2042
synthetic_dataset_no_drifts,2000,JS,0.799975,0.8009347983147973,0.799975,0.7998159473497575,2,40,0.7999771157498713,1.0,no_drifts,synthetic,NB,2,2042
synthetic_dataset_no_drifts,2500,Base,0.8000875,0.801053636359959,0.8000875,0.7999275475711503,0,32,0.8000896223130042,1.0,no_drifts,synthetic,NB,2,2042
synthetic_dataset_no_drifts,2500,KS95,0.7999,0.8012030936979428,0.7999,0.7996839997883323,1,32,0.7999024644994515,1.0,no_drifts,synthetic,NB,2,2042
synthetic_dataset_no_drifts,2500,KS90,0.8007875,0.8016331753427494,0.8007875,0.8006482971241505,2,32,0.8007894835669408,1.0,no_drifts,synthetic,NB,2,2042
synthetic_dataset_no_drifts,2500,HD,0.7999,0.8004117853240476,0.7999,0.7998151530345394,2,32,0.7999015457494462,1.0,no_drifts,synthetic,NB,2,2042
synthetic_dataset_no_drifts,2500,JS,0.7999,0.8004117853240476,0.7999,0.7998151530345394,2,32,0.7999015457494462,1.0,no_drifts,synthetic,NB,2,2042
synthetic_dataset_with_parallel_drifts_abrupt,1000,Base,0.8803,0.8806491799001694,0.8803,0.8802717019656325,0,80,0.8802939108470257,1.0,parallel_abrupt,synthetic,NB,5,5042
synthetic_dataset_with_parallel_drifts_abrupt,1000,KS95,0.8723,0.8723075999014073,0.8723,0.8722994814564605,27,80,0.8723008695681391,1.0,parallel_abrupt,synthetic,NB,5,5042
synthetic_dataset_with_parallel_drifts_abrupt,1000,KS90,0.87175,0.8717500389600249,0.87175,0.8717499846099945,31,80,0.8717498994799839,1.0,parallel_abrupt,synthetic,NB,5,5042
synthetic_dataset_with_parallel_drifts_abrupt,1000,HD,0.8778,0.8779020786846932,0.8778,0.8777912788499618,12,80,0.8777966804474688,1.0,parallel_abrupt,synthetic,NB,5,5042
synthetic_dataset_with_parallel_drifts_abrupt,1000,JS,0.8791,0.8794968240712089,0.8791,0.879067478610406,10,80,0.8790935006549602,1.0,parallel_abrupt,synthetic,NB,5,5042
synthetic_dataset_with_parallel_drifts_abrupt,1500,Base,0.8796875,0.8800073496070345,0.8796875,0.8796613678398139,0,53,0.8796816657490665,1.0,parallel_abrupt,synthetic,NB,5,5042
synthetic_dataset_with_parallel_drifts_abrupt,1500,KS95,0.8779875,0.878048574913789,0.8779875,0.8779822098852815,25,53,0.877984925477588,1.0,parallel_abrupt,synthetic,NB,5,5042
synthetic_dataset_with_parallel_drifts_abrupt,1500,KS90,0.87805,0.8781244879835985,0.87805,0.8780435945256051,27,53,0.8780471604875458,1.0,parallel_abrupt,synthetic,NB,5,5042
synthetic_dataset_with_parallel_drifts_abrupt,1500,HD,0.8775875,0.8776974286704663,0.8775875,0.877578105137952,3,53,0.8775840554134487,1.0,parallel_abrupt,synthetic,NB,5,5042
synthetic_dataset_with_parallel_drifts_abrupt,1500,JS,0.8775875,0.8776974286704663,0.8775875,0.877578105137952,3,53,0.8775840554134487,1.0,parallel_abrupt,synthetic,NB,5,5042
synthetic_dataset_with_parallel_drifts_abrupt,2000,Base,0.87915,0.8794699397450632,0.87915,0.8791237065292186,0,40,0.8791441606630657,1.0,parallel_abrupt,synthetic,NB,5,5042
synthetic_dataset_with_parallel_drifts_abrupt,2000,KS95,0.8776,0.8776259203845294,0.8776,0.8775976620345649,23,40,0.8775983104157299,1.0,parallel_abrupt,synthetic,NB,5,5042
synthetic_dataset_with_parallel_drifts_abrupt,2000,KS90,0.8775375,0.8775745805832131,0.8775375,0.8775342093179778,24,40,0.8775354854056776,1.0,parallel_abrupt,synthetic,NB,5,5042
synthetic_dataset_with_parallel_drifts_abrupt,2000,HD,0.8803,0.8805813068541695,0.8803,0.8802771219520611,5,40,0.8802945308471248,1.0,parallel_abrupt,synthetic,NB,5,5042
synthetic_dataset_with_parallel_drifts_abrupt,2000,JS,0.8783875,0.8787659868662216,0.8783875,0.8783562177107066,1,40,0.8783811455409832,1.0,parallel_abrupt,synthetic,NB,5,5042
synthetic_dataset_with_parallel_drifts_abrupt,2500,Base,0.879525,0.8798862390965806,0.879525,0.8794954903673288,0,32,0.879518800723008,1.0,parallel_abrupt,synthetic,NB,5,5042
synthetic_dataset_with_parallel_drifts_abrupt,2500,KS95,0.8757125,0.8757780624640574,0.8757125,0.8757066940685488,22,32,0.875709825113572,1.0,parallel_abrupt,synthetic,NB,5,5042
synthetic_dataset_with_parallel_drifts_abrupt,2500,KS90,0.8757125,0.8757780624640574,0.8757125,0.8757066940685488,22,32,0.875709825113572,1.0,parallel_abrupt,synthetic,NB,5,5042
synthetic_dataset_with_parallel_drifts_abrupt,2500,HD,0.87875,0.879216839364631,0.87875,0.8787116834566198,2,32,0.878742950598872,1.0,parallel_abrupt,synthetic,NB,5,5042
synthetic_dataset_with_parallel_drifts_abrupt,2500,JS,0.87875,0.879216839364631,0.87875,0.8787116834566198,2,32,0.878742950598872,1.0,parallel_abrupt,synthetic,NB,5,5042
synthetic_dataset_with_switching_drifts_incremental,1000,Base,0.885425,0.8858323092011804,0.885425,0.8853938973437471,0,80,0.8854184716669554,1.0,switching_incremental,synthetic,NB,5,5042
synthetic_dataset_with_switching_drifts_incremental,1000,KS95,0.8821375,0.882544395914598,0.8821375,0.8821052615968951,41,80,0.8821309461409513,1.0,switching_incremental,synthetic,NB,5,5042
synthetic_dataset_with_switching_drifts_incremental,1000,KS90,0.8825875,0.8829076169898166,0.8825875,0.8825621705461623,44,80,0.8825816862130696,1.0,switching_incremental,synthetic,NB,5,5042
synthetic_dataset_with_switching_drifts_incremental,1000,HD,0.8844875,0.8847419178865402,0.8844875,0.8844677158396251,5,80,0.8844823265171722,1.0,switching_incremental,synthetic,NB,5,5042
synthetic_dataset_with_switching_drifts_incremental,1000,JS,0.8857,0.8861837110565833,0.8857,0.8856632672717873,6,80,0.8856928917108627,1.0,switching_incremental,synthetic,NB,5,5042
synthetic_dataset_with_switching_drifts_incremental,1500,Base,0.8861375,0.8864880433975393,0.8861375,0.8861108876331771,0,53,0.8861314467810314,1.0,switching_incremental,synthetic,NB,5,5042
synthetic_dataset_with_switching_drifts_incremental,1500,KS95,0.8839125,0.8842404522622397,0.8839125,0.8838869420377967,22,53,0.8839066264250602,1.0,switching_incremental,synthetic,NB,5,5042
synthetic_dataset_with_switching_drifts_incremental,1500,KS90,0.8838625,0.8842941592968853,0.8838625,0.8838289803462449,27,53,0.8838557664169225,1.0,switching_incremental,synthetic,NB,5,5042
synthetic_dataset_with_switching_drifts_incremental,1500,HD,0.885625,0.8860923365464299,0.885625,0.8855894637625646,3,53,0.885618011698882,1.0,switching_incremental,synthetic,NB,5,5042
synthetic_dataset_with_switching_drifts_incremental,1500,JS,0.885625,0.8860923365464299,0.885625,0.8855894637625646,3,53,0.885618011698882,1.0,switching_incremental,synthetic,NB,5,5042
synthetic_dataset_with_switching_drifts_incremental,2000,Base,0.88605,0.8864092530905585,0.88605,0.8860227096051277,0,40,0.8860438717670196,1.0,switching_incremental,synthetic,NB,5,5042
synthetic_dataset_with_switching_drifts_incremental,2000,KS95,0.8837,0.8839011377800933,0.8837,0.8836841500727253,22,40,0.8836953913912626,1.0,switching_incremental,synthetic,NB,5,5042
synthetic_dataset_with_switching_drifts_incremental,2000,KS90,0.88435,0.8845940396410457,0.88435,0.8843309792148306,25,40,0.8843449314951891,1.0,switching_incremental,synthetic,NB,5,5042
synthetic_dataset_with_switching_drifts_incremental,2000,HD,0.8869375,0.8874003976856111,0.8869375,0.8869028187687304,2,40,0.8869305569088891,1.0,switching_incremental,synthetic,NB,5,5042
synthetic_dataset_with_switching_drifts_incremental,2000,JS,0.8869375,0.8874003976856111,0.8869375,0.8869028187687304,2,40,0.8869305569088891,1.0,switching_incremental,synthetic,NB,5,5042
synthetic_dataset_with_switching_drifts_incremental,2500,Base,0.885525,0.885884934912451,0.885525,0.8854974951805871,0,32,0.885518861683018,1.0,switching_incremental,synthetic,NB,5,5042
synthetic_dataset_with_switching_drifts_incremental,2500,KS95,0.88365,0.8839013888091994,0.88365,0.8836302623516542,12,32,0.8836448513831763,1.0,switching_incremental,synthetic,NB,5,5042
synthetic_dataset_with_switching_drifts_incremental,2500,KS90,0.88335,0.8836441417288992,0.88335,0.8833268909357798,17,32,0.883344431335109,1.0,switching_incremental,synthetic,NB,5,5042
synthetic_dataset_with_switching_drifts_incremental,2500,HD,0.884375,0.8845309723134109,0.884375,0.884362736616712,2,32,0.8843709414993506,1.0,switching_incremental,synthetic,NB,5,5042
synthetic_dataset_with_switching_drifts_incremental,2500,JS,0.884375,0.8845309723134109,0.884375,0.884362736616712,2,32,0.8843709414993506,1.0,switching_incremental,synthetic,NB,5,5042
synthetic_dataset_with_parallel_drifts_incremental,1000,Base,0.8863625,0.8867918382738808,0.8863625,0.8863300870691994,0,80,0.886355806816929,1.0,parallel_incremental,synthetic,NB,5,5042
synthetic_dataset_with_parallel_drifts_incremental,1000,KS95,0.8844125,0.8846242772721971,0.8844125,0.8843959614432159,22,80,0.8844077765052443,1.0,parallel_incremental,synthetic,NB,5,5042
synthetic_dataset_with_parallel_drifts_incremental,1000,KS90,0.88405,0.8842349526418377,0.88405,0.8840354579801191,26,80,0.884045581447293,1.0,parallel_incremental,synthetic,NB,5,5042
synthetic_dataset_with_parallel_drifts_incremental,1000,HD,0.8857,0.8860045986193461,0.8857,0.8856767081378206,5,80,0.8856943517110963,1.0,parallel_incremental,synthetic,NB,5,5042
synthetic_dataset_with_parallel_drifts_incremental,1000,JS,0.883625,0.8840952436504336,0.883625,0.8835884307167242,9,80,0.8836179713788754,1.0,parallel_incremental,synthetic,NB,5,5042
synthetic_dataset_with_parallel_drifts_incremental,1500,Base,0.886825,0.8872102319174835,0.886825,0.8867960241225709,0,53,0.8868186618909859,1.0,parallel_incremental,synthetic,NB,5,5042
synthetic_dataset_with_parallel_drifts_incremental,1500,KS95,0.883525,0.8838398351798286,0.883525,0.8835003412454921,17,53,0.8835192413630787,1.0,parallel_incremental,synthetic,NB,5,5042
synthetic_dataset_with_parallel_drifts_incremental,1500,KS90,0.8833875,0.8837507036660436,0.8833875,0.8833590732417153,18,53,0.8833813163410106,1.0,parallel_incremental,synthetic,NB,5,5042
synthetic_dataset_with_parallel_drifts_incremental,1500,HD,0.885725,0.8861115605040589,0.885725,0.8856955592711201,3,53,0.8857186417149828,1.0,parallel_incremental,synthetic,NB,5,5042
synthetic_dataset_with_parallel_drifts_incremental,1500,JS,0.885725,0.8861115605040589,0.885725,0.8856955592711201,3,53,0.8857186417149828,1.0,parallel_incremental,synthetic,NB,5,5042
synthetic_dataset_with_parallel_drifts_incremental,2000,Base,0.8866,0.8869680885346566,0.8866,0.8865722233463795,0,40,0.8865938018550084,1.0,parallel_incremental,synthetic,NB,5,5042
synthetic_dataset_with_parallel_drifts_incremental,2000,KS95,0.8854,0.8855864656506541,0.8854,0.8853855630279078,15,40,0.8853955716632915,1.0,parallel_incremental,synthetic,NB,5,5042
synthetic_dataset_with_parallel_drifts_incremental,2000,KS90,0.8852,0.8853375075849337,0.8852,0.8851892576186999,20,40,0.8851961916313906,1.0,parallel_incremental,synthetic,NB,5,5042
synthetic_dataset_with_parallel_drifts_incremental,2000,HD,0.885875,0.8859917405058393,0.885875,0.8858659131101715,3,40,0.8858714917394387,1.0,parallel_incremental,synthetic,NB,5,5042
synthetic_dataset_with_parallel_drifts_incremental,2000,JS,0.885825,0.8861264511784626,0.885825,0.8858019775460638,2,40,0.8858193817311011,1.0,parallel_incremental,synthetic,NB,5,5042
synthetic_dataset_with_parallel_drifts_incremental,2500,Base,0.8864875,0.8868560770132597,0.8864875,0.8864596513384672,0,32,0.8864812968370075,1.0,parallel_incremental,synthetic,NB,5,5042
synthetic_dataset_with_parallel_drifts_incremental,2500,KS95,0.8854125,0.8856377057763042,0.8854125,0.8853951306676757,14,32,0.8854076366652219,1.0,parallel_incremental,synthetic,NB,5,5042
synthetic_dataset_with_parallel_drifts_incremental,2500,KS90,0.88515,0.8853440502994175,0.88515,0.8851349454286308,16,32,0.8851454816232771,1.0,parallel_incremental,synthetic,NB,5,5042
synthetic_dataset_with_parallel_drifts_incremental,2500,HD,0.88535,0.8855206729210578,0.88535,0.8853367537571174,2,32,0.8853457616553219,1.0,parallel_incremental,synthetic,NB,5,5042
synthetic_dataset_with_parallel_drifts_incremental,2500,JS,0.88535,0.8855206729210578,0.88535,0.8853367537571174,2,32,0.8853457616553219,1.0,parallel_incremental,synthetic,NB,5,5042
synthetic_dataset_with_switching_drifts_abrupt,1000,Base,0.82475,0.8247596143972489,0.82475,0.8247484559224034,0,80,0.824748861959818,1.0,switching_abrupt,synthetic,NB,5,5042
synthetic_dataset_with_switching_drifts_abrupt,1000,KS95,0.7814,0.7814086780169504,0.7814,0.7813986424868188,75,80,0.7814010450241673,1.0,switching_abrupt,synthetic,NB,5,5042
synthetic_dataset_with_switching_drifts_abrupt,1000,KS90,0.7814,0.7814086780169504,0.7814,0.7813986424868188,75,80,0.7814010450241673,1.0,switching_abrupt,synthetic,NB,5,5042
synthetic_dataset_with_switching_drifts_abrupt,1000,HD,0.81655,0.8167406537210616,0.81655,0.8165212238449969,10,80,0.8165450406472066,1.0,switching_abrupt,synthetic,NB,5,5042
synthetic_dataset_with_switching_drifts_abrupt,1000,JS,0.8120875,0.8120887381196858,0.8120875,0.8120874053096895,13,80,0.8120878449340552,1.0,switching_abrupt,synthetic,NB,5,5042
synthetic_dataset_with_switching_drifts_abrupt,1500,Base,0.825675,0.825688726857616,0.825675,0.8256728714626104,0,53,0.8256736521077843,1.0,switching_abrupt,synthetic,NB,5,5042
synthetic_dataset_with_switching_drifts_abrupt,1500,KS95,0.77645,0.7764914049277833,0.77645,0.7764408519355104,49,53,0.7764474842315975,1.0,switching_abrupt,synthetic,NB,5,5042
synthetic_dataset_with_switching_drifts_abrupt,1500,KS90,0.77645,0.7764914049277833,0.77645,0.7764408519355104,49,53,0.7764474842315975,1.0,switching_abrupt,synthetic,NB,5,5042
synthetic_dataset_with_switching_drifts_abrupt,1500,HD,0.8176125,0.8178338370094065,0.8176125,0.8175819745226636,5,53,0.8176177258188362,1.0,switching_abrupt,synthetic,NB,5,5042
synthetic_dataset_with_switching_drifts_abrupt,1500,JS,0.8147,0.8148697266974699,0.8147,0.814676133635624,8,53,0.8147045903527343,1.0,switching_abrupt,synthetic,NB,5,5042
synthetic_dataset_with_switching_drifts_abrupt,2000,Base,0.825325,0.8253561966999078,0.825325,0.825320374036906,0,40,0.8253229920516788,1.0,switching_abrupt,synthetic,NB,5,5042
synthetic_dataset_with_switching_drifts_abrupt,2000,KS95,0.792125,0.7922837807183577,0.792125,0.7920954429753587,37,40,0.7921202767392443,1.0,switching_abrupt,synthetic,NB,5,5042
synthetic_dataset_with_switching_drifts_abrupt,2000,KS90,0.792125,0.7922837807183577,0.792125,0.7920954429753587,37,40,0.7921202767392443,1.0,switching_abrupt,synthetic,NB,5,5042
synthetic_dataset_with_switching_drifts_abrupt,2000,HD,0.822175,0.822177108132797,0.822175,0.8221748202854869,2,40,0.8221754615480739,1.0,switching_abrupt,synthetic,NB,5,5042
synthetic_dataset_with_switching_drifts_abrupt,2000,JS,0.8188625,0.8189564344263698,0.8188625,0.818848358997039,5,40,0.8188590160174426,1.0,switching_abrupt,synthetic,NB,5,5042
synthetic_dataset_with_switching_drifts_abrupt,2500,Base,0.8284625,0.8285031217665649,0.8284625,0.828456711230995,0,32,0.8284602275536364,1.0,switching_abrupt,synthetic,NB,5,5042
synthetic_dataset_with_switching_drifts_abrupt,2500,KS95,0.792875,0.7930453231843867,0.792875,0.7928435398970985,29,32,0.7928701168592187,1.0,switching_abrupt,synthetic,NB,5,5042
synthetic_dataset_with_switching_drifts_abrupt,2500,KS90,0.792875,0.7930453231843867,0.792875,0.7928435398970985,29,32,0.7928701168592187,1.0,switching_abrupt,synthetic,NB,5,5042
synthetic_dataset_with_switching_drifts_abrupt,2500,HD,0.827925,0.8279492238282251,0.827925,0.8279214444200897,3,32,0.8279232324677172,1.0,switching_abrupt,synthetic,NB,5,5042
synthetic_dataset_with_switching_drifts_abrupt,2500,JS,0.8172625,0.817283363352077,0.8172625,0.8172591087512363,7,32,0.817260825761732,1.0,switching_abrupt,synthetic,NB,5,5042
synthetic_dataset_no_drifts,1000,Base,0.8864875,0.8869247576879781,0.8864875,0.8864545447478951,0,80,0.8864807468369196,1.0,no_drifts,synthetic,NB,5,5042
synthetic_dataset_no_drifts,1000,KS95,0.8857625,0.885896232146858,0.8857625,0.88575211209529,4,80,0.8857587467213994,1.0,no_drifts,synthetic,NB,5,5042
synthetic_dataset_no_drifts,1000,KS90,0.8856125,0.8857853283439375,0.8856125,0.8855991298935402,8,80,0.8856082366973179,1.0,no_drifts,synthetic,NB,5,5042
synthetic_dataset_no_drifts,1000,HD,0.886775,0.8871589598496121,0.886775,0.8867461018776005,4,80,0.8867686718829876,1.0,no_drifts,synthetic,NB,5,5042
synthetic_dataset_no_drifts,1000,JS,0.885875,0.8864037418063928,0.885875,0.8858349750803968,7,80,0.8858675717388116,1.0,no_drifts,synthetic,NB,5,5042
synthetic_dataset_no_drifts,1500,Base,0.8869875,0.8873710639369518,0.8869875,0.886958701253583,0,53,0.8869811769169883,1.0,no_drifts,synthetic,NB,5,5042
synthetic_dataset_no_drifts,1500,KS95,0.8857625,0.8860050285323426,0.8857625,0.885743894278601,2,53,0.8857574567211932,1.0,no_drifts,synthetic,NB,5,5042
synthetic_dataset_no_drifts,1500,KS90,0.8875375,0.8879155327358937,0.8875375,0.8875092886777953,2,53,0.8875312270049963,1.0,no_drifts,synthetic,NB,5,5042
synthetic_dataset_no_drifts,1500,HD,0.8870125,0.8871381651538075,0.8870125,0.8870028622788392,6,53,0.8870088669214189,1.0,no_drifts,synthetic,NB,5,5042
synthetic_dataset_no_drifts,1500,JS,0.88655,0.8870090846972521,0.88655,0.8865154479656389,2,53,0.886543081846893,1.0,no_drifts,synthetic,NB,5,5042
synthetic_dataset_no_drifts,2000,Base,0.886675,0.8870455547972078,0.886675,0.8866470639912477,0,40,0.8866687818670052,1.0,no_drifts,synthetic,NB,5,5042
synthetic_dataset_no_drifts,2000,KS95,0.88525,0.8856956257879243,0.88525,0.885215947854007,3,40,0.8852431716389074,1.0,no_drifts,synthetic,NB,5,5042
synthetic_dataset_no_drifts,2000,KS90,0.8852125,0.8854470030576646,0.8852125,0.8851943862903813,2,40,0.885207536633206,1.0,no_drifts,synthetic,NB,5,5042
synthetic_dataset_no_drifts,2000,HD,0.8875,0.8880252655575401,0.8875,0.887460965471607,2,40,0.887492611998818,1.0,no_drifts,synthetic,NB,5,5042
synthetic_dataset_no_drifts,2000,JS,0.8858125,0.886045474236394,0.8858125,0.8857946241803202,3,40,0.885807556729209,1.0,no_drifts,synthetic,NB,5,5042
synthetic_dataset_no_drifts,2500,Base,0.8865875,0.8869597694748494,0.8865875,0.8865594086513576,0,32,0.8865812668530028,1.0,no_drifts,synthetic,NB,5,5042
synthetic_dataset_no_drifts,2500,KS95,0.885325,0.8854759781107742,0.885325,0.885313247354805,2,32,0.8853210116513619,1.0,no_drifts,synthetic,NB,5,5042
synthetic_dataset_no_drifts,2500,KS90,0.8870875,0.8872489225881572,0.8870875,0.8870752022784009,5,32,0.8870833869333419,1.0,no_drifts,synthetic,NB,5,5042
synthetic_dataset_no_drifts,2500,HD,0.8858125,0.8859920209624889,0.8858125,0.8857986547199649,2,32,0.8858081567293051,1.0,no_drifts,synthetic,NB,5,5042
synthetic_dataset_no_drifts,2500,JS,0.8858125,0.8859920209624889,0.8858125,0.8857986547199649,2,32,0.8858081567293051,1.0,no_drifts,synthetic,NB,5,5042
