dataset,batch_size,technique,accuracy,precision,recall,f1,num_drifts,num_batches,auc,drift_alignment_with_batch,scenario,type_of_dataset,algorithm,run_id,algorithm_seed
synthetic_dataset_with_parallel_drifts_abrupt,1000,Base,0.7077125,0.7124637407593276,0.7077125,0.7060784586737815,0,80,0.707731153608197,1.0,parallel_abrupt,synthetic,NB,23,23042
synthetic_dataset_with_parallel_drifts_abrupt,1000,KS95,0.7197125,0.7201609721696465,0.7197125,0.7195722684669464,9,80,0.7197181043573817,1.0,parallel_abrupt,synthetic,NB,23,23042
synthetic_dataset_with_parallel_drifts_abrupt,1000,KS90,0.7213625,0.7215080260376758,0.7213625,0.7213181731376344,19,80,0.7213656669603541,1.0,parallel_abrupt,synthetic,NB,23,23042
synthetic_dataset_with_parallel_drifts_abrupt,1000,HD,0.71275,0.71633111143851,0.71275,0.7115639700212069,4,80,0.7127660445478778,1.0,parallel_abrupt,synthetic,NB,23,23042
synthetic_dataset_with_parallel_drifts_abrupt,1000,JS,0.71275,0.71633111143851,0.71275,0.7115639700212069,4,80,0.7127660445478778,1.0,parallel_abrupt,synthetic,NB,23,23042
synthetic_dataset_with_parallel_drifts_abrupt,1500,Base,0.7071375,0.7112180559415645,0.7071375,0.7057247850334798,0,53,0.7071548348221771,1.0,parallel_abrupt,synthetic,NB,23,23042
synthetic_dataset_with_parallel_drifts_abrupt,1500,KS95,0.714525,0.7168303492537555,0.714525,0.7137702771641665,9,53,0.7145378509086158,1.0,parallel_abrupt,synthetic,NB,23,23042
synthetic_dataset_with_parallel_drifts_abrupt,1500,KS90,0.7163375,0.7171992093305462,0.7163375,0.716059555126528,14,53,0.7163453353965835,1.0,parallel_abrupt,synthetic,NB,23,23042
synthetic_dataset_with_parallel_drifts_abrupt,1500,HD,0.7044375,0.7121477134820418,0.7044375,0.7017393876097875,5,53,0.7044612909038306,1.0,parallel_abrupt,synthetic,NB,23,23042
synthetic_dataset_with_parallel_drifts_abrupt,1500,JS,0.708125,0.7120304317443764,0.708125,0.7067831135560436,7,53,0.7081419255088703,1.0,parallel_abrupt,synthetic,NB,23,23042
synthetic_dataset_with_parallel_drifts_abrupt,2000,Base,0.7070125,0.7107029671724832,0.7070125,0.705732151134055,0,40,0.7070290035643128,1.0,parallel_abrupt,synthetic,NB,23,23042
synthetic_dataset_with_parallel_drifts_abrupt,2000,KS95,0.7100125,0.7116214223641955,0.7100125,0.7094655866396233,10,40,0.7100233600014599,1.0,parallel_abrupt,synthetic,NB,23,23042
synthetic_dataset_with_parallel_drifts_abrupt,2000,KS90,0.710975,0.7122388794672443,0.710975,0.7105487509303455,14,40,0.7109846069365379,1.0,parallel_abrupt,synthetic,NB,23,23042
synthetic_dataset_with_parallel_drifts_abrupt,2000,HD,0.7092,0.7116054397660754,0.7092,0.7083777544464268,5,40,0.7092132880758304,1.0,parallel_abrupt,synthetic,NB,23,23042
synthetic_dataset_with_parallel_drifts_abrupt,2000,JS,0.7092,0.7116054397660754,0.7092,0.7083777544464268,5,40,0.7092132880758304,1.0,parallel_abrupt,synthetic,NB,23,23042
synthetic_dataset_with_parallel_drifts_abrupt,2500,Base,0.70725,0.7106676613542273,0.70725,0.7060657399860661,0,32,0.7072658817041176,1.0,parallel_abrupt,synthetic,NB,23,23042
synthetic_dataset_with_parallel_drifts_abrupt,2500,KS95,0.7078125,0.7097210740220702,0.7078125,0.7071521220815795,6,32,0.7078243848640241,1.0,parallel_abrupt,synthetic,NB,23,23042
synthetic_dataset_with_parallel_drifts_abrupt,2500,KS90,0.7079625,0.7095265052185625,0.7079625,0.707421847837409,8,32,0.7079732598733286,1.0,parallel_abrupt,synthetic,NB,23,23042
synthetic_dataset_with_parallel_drifts_abrupt,2500,HD,0.7021125,0.7065392367308608,0.7021125,0.7005171360675071,7,32,0.7021307595081725,1.0,parallel_abrupt,synthetic,NB,23,23042
synthetic_dataset_with_parallel_drifts_abrupt,2500,JS,0.6938,0.7052944688888768,0.6938,0.6894689668471434,4,32,0.6938295371143461,1.0,parallel_abrupt,synthetic,NB,23,23042
synthetic_dataset_with_switching_drifts_incremental,1000,Base,0.7290125,0.7296055349088336,0.7290125,0.7288401370854839,0,80,0.729018817438676,1.0,switching_incremental,synthetic,NB,23,23042
synthetic_dataset_with_switching_drifts_incremental,1000,KS95,0.7313875,0.7321237485029984,0.7313875,0.7311773128259926,32,80,0.7313945050871566,1.0,switching_incremental,synthetic,NB,23,23042
synthetic_dataset_with_switching_drifts_incremental,1000,KS90,0.7311125,0.7318232073106059,0.7311125,0.7309091906286059,39,80,0.7311193863199615,1.0,switching_incremental,synthetic,NB,23,23042
synthetic_dataset_with_switching_drifts_incremental,1000,HD,0.7297625,0.7298023658187125,0.7297625,0.7297514780579679,9,80,0.7297641112352571,1.0,switching_incremental,synthetic,NB,23,23042
synthetic_dataset_with_switching_drifts_incremental,1000,JS,0.7296875,0.7297089840718135,0.7296875,0.7296816906548996,12,80,0.729688673730542,1.0,switching_incremental,synthetic,NB,23,23042
synthetic_dataset_with_switching_drifts_incremental,1500,Base,0.728725,0.7292088927897198,0.728725,0.7285842215040891,0,53,0.7287307080456693,1.0,switching_incremental,synthetic,NB,23,23042
synthetic_dataset_with_switching_drifts_incremental,1500,KS95,0.7286125,0.7294446178748185,0.7286125,0.7283694625510428,25,53,0.7286199924137495,1.0,switching_incremental,synthetic,NB,23,23042
synthetic_dataset_with_switching_drifts_incremental,1500,KS90,0.7286875,0.7293756181166112,0.7286875,0.7284868138710775,27,53,0.7286943111683944,1.0,switching_incremental,synthetic,NB,23,23042
synthetic_dataset_with_switching_drifts_incremental,1500,HD,0.7293375,0.7301764114499865,0.7293375,0.7290938936931558,14,53,0.7293450112090631,1.0,switching_incremental,synthetic,NB,23,23042
synthetic_dataset_with_switching_drifts_incremental,1500,JS,0.7293375,0.7301764114499865,0.7293375,0.7290938936931558,14,53,0.7293450112090631,1.0,switching_incremental,synthetic,NB,23,23042
synthetic_dataset_with_switching_drifts_incremental,2000,Base,0.7281875,0.7286582374008169,0.7281875,0.7280499832514369,0,40,0.7281931361370709,1.0,switching_incremental,synthetic,NB,23,23042
synthetic_dataset_with_switching_drifts_incremental,2000,KS95,0.7282125,0.7293305044769277,0.7282125,0.7278846195759184,20,40,0.7282211923888245,1.0,switching_incremental,synthetic,NB,23,23042
synthetic_dataset_with_switching_drifts_incremental,2000,KS90,0.729775,0.730382376947336,0.729775,0.7295995220179005,24,40,0.7297813831113364,1.0,switching_incremental,synthetic,NB,23,23042
synthetic_dataset_with_switching_drifts_incremental,2000,HD,0.7298375,0.7302192497412845,0.7298375,0.7297276319188715,10,40,0.7298425549901597,1.0,switching_incremental,synthetic,NB,23,23042
synthetic_dataset_with_switching_drifts_incremental,2000,JS,0.729675,0.7301255208414857,0.729675,0.729544995692503,11,40,0.7296804956050309,1.0,switching_incremental,synthetic,NB,23,23042
synthetic_dataset_with_switching_drifts_incremental,2500,Base,0.728125,0.7285806613540351,0.728125,0.7279918527442282,0,32,0.728130545508159,1.0,switching_incremental,synthetic,NB,23,23042
synthetic_dataset_with_switching_drifts_incremental,2500,KS95,0.7283875,0.7289673247814433,0.7283875,0.7282181508511997,17,32,0.7283937548996098,1.0,switching_incremental,synthetic,NB,23,23042
synthetic_dataset_with_switching_drifts_incremental,2500,KS90,0.72775,0.7284222124555534,0.72775,0.7275524932277359,18,32,0.7277567454847966,1.0,switching_incremental,synthetic,NB,23,23042
synthetic_dataset_with_switching_drifts_incremental,2500,HD,0.7283625,0.7286279285087579,0.7283625,0.7282854731168975,10,32,0.7283667236479202,1.0,switching_incremental,synthetic,NB,23,23042
synthetic_dataset_with_switching_drifts_incremental,2500,JS,0.7283625,0.7286279285087579,0.7283625,0.7282854731168975,10,32,0.7283667236479202,1.0,switching_incremental,synthetic,NB,23,23042
synthetic_dataset_with_parallel_drifts_incremental,1000,Base,0.72565,0.7269093902654132,0.72565,0.7252728891819777,0,80,0.7256592766037048,1.0,parallel_incremental,synthetic,NB,23,23042
synthetic_dataset_with_parallel_drifts_incremental,1000,KS95,0.728075,0.7287809118751011,0.728075,0.7278680818340196,13,80,0.7280819080051193,1.0,parallel_incremental,synthetic,NB,23,23042
synthetic_dataset_with_parallel_drifts_incremental,1000,KS90,0.7299,0.7303267834101257,0.7299,0.7297771194985875,23,80,0.729905345619084,1.0,parallel_incremental,synthetic,NB,23,23042
synthetic_dataset_with_parallel_drifts_incremental,1000,HD,0.726975,0.7280750201145291,0.726975,0.7266491795581219,8,80,0.7269836454364778,1.0,parallel_incremental,synthetic,NB,23,23042
synthetic_dataset_with_parallel_drifts_incremental,1000,JS,0.7262875,0.7274510671896782,0.7262875,0.7259409071732665,7,80,0.7262964047685252,1.0,parallel_incremental,synthetic,NB,23,23042
synthetic_dataset_with_parallel_drifts_incremental,1500,Base,0.72465,0.7257451517373534,0.72465,0.7243194963868245,0,53,0.7246586702911669,1.0,parallel_incremental,synthetic,NB,23,23042
synthetic_dataset_with_parallel_drifts_incremental,1500,KS95,0.72415,0.7252986152318839,0.72415,0.7238019287745879,9,53,0.7241588890099306,1.0,parallel_incremental,synthetic,NB,23,23042
synthetic_dataset_with_parallel_drifts_incremental,1500,KS90,0.7257875,0.7262350139316511,0.7257875,0.7256542686262699,14,53,0.725793023487064,1.0,parallel_incremental,synthetic,NB,23,23042
synthetic_dataset_with_parallel_drifts_incremental,1500,HD,0.721625,0.7234208048929879,0.721625,0.7210695510566049,6,53,0.7216361701022606,1.0,parallel_incremental,synthetic,NB,23,23042
synthetic_dataset_with_parallel_drifts_incremental,1500,JS,0.721625,0.7234208048929879,0.721625,0.7210695510566049,6,53,0.7216361701022606,1.0,parallel_incremental,synthetic,NB,23,23042
synthetic_dataset_with_parallel_drifts_incremental,2000,Base,0.725025,0.7261061976922171,0.725025,0.7246997010696484,0,40,0.7250336078146005,1.0,parallel_incremental,synthetic,NB,23,23042
synthetic_dataset_with_parallel_drifts_incremental,2000,KS95,0.7239875,0.7249534058188104,0.7239875,0.7236945354758605,10,40,0.7239956546247284,1.0,parallel_incremental,synthetic,NB,23,23042
synthetic_dataset_with_parallel_drifts_incremental,2000,KS90,0.7246875,0.7254505412300836,0.7246875,0.7244575692014221,14,40,0.7246947359184209,1.0,parallel_incremental,synthetic,NB,23,23042
synthetic_dataset_with_parallel_drifts_incremental,2000,HD,0.723725,0.7251498533103425,0.723725,0.7232916333149697,5,40,0.7237349077334317,1.0,parallel_incremental,synthetic,NB,23,23042
synthetic_dataset_with_parallel_drifts_incremental,2000,JS,0.723725,0.7251498533103425,0.723725,0.7232916333149697,5,40,0.7237349077334317,1.0,parallel_incremental,synthetic,NB,23,23042
synthetic_dataset_with_parallel_drifts_incremental,2500,Base,0.725625,0.7266347869766776,0.725625,0.7253227022775671,0,32,0.7256333078520816,1.0,parallel_incremental,synthetic,NB,23,23042
synthetic_dataset_with_parallel_drifts_incremental,2500,KS95,0.7256625,0.7267554184587134,0.7256625,0.7253353505639302,6,32,0.7256711422294464,1.0,parallel_incremental,synthetic,NB,23,23042
synthetic_dataset_with_parallel_drifts_incremental,2500,KS90,0.7256,0.726575038079879,0.7256,0.7253080750719905,8,32,0.7256081641005103,1.0,parallel_incremental,synthetic,NB,23,23042
synthetic_dataset_with_parallel_drifts_incremental,2500,HD,0.724525,0.7254283112304604,0.724525,0.7242522636690505,4,32,0.7245328765333048,1.0,parallel_incremental,synthetic,NB,23,23042
synthetic_dataset_with_parallel_drifts_incremental,2500,JS,0.725075,0.7260762919026366,0.725075,0.7247739216639979,4,32,0.7250832828177052,1.0,parallel_incremental,synthetic,NB,23,23042
synthetic_dataset_with_switching_drifts_abrupt,1000,Base,0.71555,0.7166133084588391,0.71555,0.7152046131188603,0,80,0.71555871972242,1.0,switching_abrupt,synthetic,NB,23,23042
synthetic_dataset_with_switching_drifts_abrupt,1000,KS95,0.7238875,0.724350494188234,0.7238875,0.7237474968351009,24,80,0.7238931421183215,1.0,switching_abrupt,synthetic,NB,23,23042
synthetic_dataset_with_switching_drifts_abrupt,1000,KS90,0.723725,0.7242288565628975,0.723725,0.7235723480404472,30,80,0.7237308889831805,1.0,switching_abrupt,synthetic,NB,23,23042
synthetic_dataset_with_switching_drifts_abrupt,1000,HD,0.722775,0.7228919359019254,0.722775,0.7227399137001003,20,80,0.7227778264236142,1.0,switching_abrupt,synthetic,NB,23,23042
synthetic_dataset_with_switching_drifts_abrupt,1000,JS,0.7223625,0.7225367236494984,0.7223625,0.7223097169414507,20,80,0.7223659607728725,1.0,switching_abrupt,synthetic,NB,23,23042
synthetic_dataset_with_switching_drifts_abrupt,1500,Base,0.7152125,0.7159716734717131,0.7152125,0.7149655049456379,0,53,0.7152198728262421,1.0,switching_abrupt,synthetic,NB,23,23042
synthetic_dataset_with_switching_drifts_abrupt,1500,KS95,0.7194125,0.7203617472892971,0.7194125,0.7191137631919488,26,53,0.7194206668387917,1.0,switching_abrupt,synthetic,NB,23,23042
synthetic_dataset_with_switching_drifts_abrupt,1500,KS90,0.71985,0.7205706055426881,0.71985,0.7196242640798772,28,53,0.7198571074910693,1.0,switching_abrupt,synthetic,NB,23,23042
synthetic_dataset_with_switching_drifts_abrupt,1500,HD,0.7170625,0.7175438059500472,0.7170625,0.7169086529087696,14,53,0.7170683416917714,1.0,switching_abrupt,synthetic,NB,23,23042
synthetic_dataset_with_switching_drifts_abrupt,1500,JS,0.7170625,0.7175438059500472,0.7170625,0.7169086529087696,14,53,0.7170683416917714,1.0,switching_abrupt,synthetic,NB,23,23042
synthetic_dataset_with_switching_drifts_abrupt,2000,Base,0.7139875,0.7146377371735202,0.7139875,0.7137739891458834,0,40,0.7139943414996464,1.0,switching_abrupt,synthetic,NB,23,23042
synthetic_dataset_with_switching_drifts_abrupt,2000,KS95,0.71225,0.7137068861848873,0.71225,0.7117637100040902,20,40,0.7122602820162677,1.0,switching_abrupt,synthetic,NB,23,23042
synthetic_dataset_with_switching_drifts_abrupt,2000,KS90,0.7149375,0.7155484566854889,0.7149375,0.7147385015939133,24,40,0.7149441165590072,1.0,switching_abrupt,synthetic,NB,23,23042
synthetic_dataset_with_switching_drifts_abrupt,2000,HD,0.714475,0.7148417261447872,0.714475,0.7143555478461588,14,40,0.7144801259050079,1.0,switching_abrupt,synthetic,NB,23,23042
synthetic_dataset_with_switching_drifts_abrupt,2000,JS,0.71445,0.714814021818481,0.71445,0.7143314124279337,14,40,0.7144551071534442,1.0,switching_abrupt,synthetic,NB,23,23042
synthetic_dataset_with_switching_drifts_abrupt,2500,Base,0.714025,0.714590079341584,0.714025,0.7138396588763497,0,32,0.7140313758769611,1.0,switching_abrupt,synthetic,NB,23,23042
synthetic_dataset_with_switching_drifts_abrupt,2500,KS95,0.710775,0.7109988372497177,0.710775,0.7107002481351886,16,32,0.7107790319236895,1.0,switching_abrupt,synthetic,NB,23,23042
synthetic_dataset_with_switching_drifts_abrupt,2500,KS90,0.7102,0.7105321738021156,0.7102,0.7100880635545836,17,32,0.7102049256378078,1.0,switching_abrupt,synthetic,NB,23,23042
synthetic_dataset_with_switching_drifts_abrupt,2500,HD,0.711975,0.7125884587434347,0.711975,0.7117702986419421,11,32,0.7119816757488547,1.0,switching_abrupt,synthetic,NB,23,23042
synthetic_dataset_with_switching_drifts_abrupt,2500,JS,0.711975,0.7125884587434347,0.711975,0.7117702986419421,11,32,0.7119816757488547,1.0,switching_abrupt,synthetic,NB,23,23042
synthetic_dataset_no_drifts,1000,Base,0.7302875,0.7307531227038875,0.7302875,0.7301537640601802,0,80,0.7302930800183176,1.0,no_drifts,synthetic,NB,23,23042
synthetic_dataset_no_drifts,1000,KS95,0.7326,0.7328643510952861,0.7326,0.732525854634333,6,80,0.732604177037761,1.0,no_drifts,synthetic,NB,23,23042
synthetic_dataset_no_drifts,1000,KS90,0.7326125,0.7329447749703457,0.7326125,0.7325190942204379,16,80,0.7326171864135742,1.0,no_drifts,synthetic,NB,23,23042
synthetic_dataset_no_drifts,1000,HD,0.732725,0.7329167559800719,0.732725,0.7326714791799057,4,80,0.7327285520455344,1.0,no_drifts,synthetic,NB,23,23042
synthetic_dataset_no_drifts,1000,JS,0.732725,0.7329167559800719,0.732725,0.7326714791799057,4,80,0.7327285520455344,1.0,no_drifts,synthetic,NB,23,23042
synthetic_dataset_no_drifts,1500,Base,0.7303375,0.7307836949727207,0.7303375,0.7302094366353895,0,53,0.730342961271435,1.0,no_drifts,synthetic,NB,23,23042
synthetic_dataset_no_drifts,1500,KS95,0.7314125,0.731864846803149,0.7314125,0.7312837729895574,3,53,0.7314179863386241,1.0,no_drifts,synthetic,NB,23,23042
synthetic_dataset_no_drifts,1500,KS90,0.732875,0.7331188533974077,0.732875,0.7328068165776652,8,53,0.7328790083049381,1.0,no_drifts,synthetic,NB,23,23042
synthetic_dataset_no_drifts,1500,HD,0.731525,0.7319233531475098,0.731525,0.7314118551351331,6,53,0.7315301457206341,1.0,no_drifts,synthetic,NB,23,23042
synthetic_dataset_no_drifts,1500,JS,0.731525,0.7319233531475098,0.731525,0.7314118551351331,6,53,0.7315301457206341,1.0,no_drifts,synthetic,NB,23,23042
synthetic_dataset_no_drifts,2000,Base,0.7302375,0.7307187297901946,0.7302375,0.7300991925978062,0,40,0.7302431737651984,1.0,no_drifts,synthetic,NB,23,23042
synthetic_dataset_no_drifts,2000,KS95,0.7292875,0.7296674121746609,0.7292875,0.7291776812105323,7,40,0.7292925487057843,1.0,no_drifts,synthetic,NB,23,23042
synthetic_dataset_no_drifts,2000,KS90,0.7300625,0.7304008399792249,0.7300625,0.7299654066078846,11,40,0.7300672550042036,1.0,no_drifts,synthetic,NB,23,23042
synthetic_dataset_no_drifts,2000,HD,0.7302375,0.7307187297901946,0.7302375,0.7300991925978062,0,40,0.7302431737651984,1.0,no_drifts,synthetic,NB,23,23042
synthetic_dataset_no_drifts,2000,JS,0.7302375,0.7307187297901946,0.7302375,0.7300991925978062,0,40,0.7302431737651984,1.0,no_drifts,synthetic,NB,23,23042
synthetic_dataset_no_drifts,2500,Base,0.7304125,0.7309154579426835,0.7304125,0.7302681057193547,0,32,0.7304182987761436,1.0,no_drifts,synthetic,NB,23,23042
synthetic_dataset_no_drifts,2500,KS95,0.7311875,0.7316072075412274,0.7311875,0.7310679153950288,1,32,0.7311927863245491,1.0,no_drifts,synthetic,NB,23,23042
synthetic_dataset_no_drifts,2500,KS90,0.7303625,0.7307039361820397,0.7303625,0.7302647454978807,5,32,0.7303672737729546,1.0,no_drifts,synthetic,NB,23,23042
synthetic_dataset_no_drifts,2500,HD,0.7304125,0.7309154579426835,0.7304125,0.7302681057193547,0,32,0.7304182987761436,1.0,no_drifts,synthetic,NB,23,23042
synthetic_dataset_no_drifts,2500,JS,0.7304125,0.7309154579426835,0.7304125,0.7302681057193547,0,32,0.7304182987761436,1.0,no_drifts,synthetic,NB,23,23042
synthetic_dataset_with_parallel_drifts_abrupt,1000,Base,0.7,0.7079471777628331,0.7,0.6971350845283769,0,80,0.7000559920810123,1.0,parallel_abrupt,synthetic,NB,24,24042
synthetic_dataset_with_parallel_drifts_abrupt,1000,KS95,0.7440125,0.7446320498251937,0.7440125,0.7438446447006136,13,80,0.7439978606717927,1.0,parallel_abrupt,synthetic,NB,24,24042
synthetic_dataset_with_parallel_drifts_abrupt,1000,KS90,0.7444625,0.7456637823460642,0.7444625,0.7441418834117361,16,80,0.7444422258187109,1.0,parallel_abrupt,synthetic,NB,24,24042
synthetic_dataset_with_parallel_drifts_abrupt,1000,HD,0.72245,0.7246833202663873,0.72245,0.7217714077972567,4,80,0.7224784713694445,1.0,parallel_abrupt,synthetic,NB,24,24042
synthetic_dataset_with_parallel_drifts_abrupt,1000,JS,0.72245,0.7246833202663873,0.72245,0.7217714077972567,4,80,0.7224784713694445,1.0,parallel_abrupt,synthetic,NB,24,24042
synthetic_dataset_with_parallel_drifts_abrupt,1500,Base,0.70105,0.708266212797844,0.70105,0.6984652721847963,0,53,0.70110330430228,1.0,parallel_abrupt,synthetic,NB,24,24042
synthetic_dataset_with_parallel_drifts_abrupt,1500,KS95,0.7380875,0.7387320435984303,0.7380875,0.7379045026453462,9,53,0.7380723843376821,1.0,parallel_abrupt,synthetic,NB,24,24042
synthetic_dataset_with_parallel_drifts_abrupt,1500,KS90,0.736275,0.7364528811702198,0.736275,0.7362221137429986,15,53,0.7362669346782552,1.0,parallel_abrupt,synthetic,NB,24,24042
synthetic_dataset_with_parallel_drifts_abrupt,1500,HD,0.71315,0.7167838505425065,0.71315,0.7119605600435905,6,53,0.7131870214224589,1.0,parallel_abrupt,synthetic,NB,24,24042
synthetic_dataset_with_parallel_drifts_abrupt,1500,JS,0.71315,0.7167838505425065,0.71315,0.7119605600435905,6,53,0.7131870214224589,1.0,parallel_abrupt,synthetic,NB,24,24042
synthetic_dataset_with_parallel_drifts_abrupt,2000,Base,0.7022875,0.7090856261791526,0.7022875,0.6998741551658964,0,40,0.7023391300233748,1.0,parallel_abrupt,synthetic,NB,24,24042
synthetic_dataset_with_parallel_drifts_abrupt,2000,KS95,0.7284375,0.7285449308760819,0.7284375,0.7284028419771749,8,40,0.7284310780250253,1.0,parallel_abrupt,synthetic,NB,24,24042
synthetic_dataset_with_parallel_drifts_abrupt,2000,KS90,0.726025,0.7260266221352222,0.726025,0.7260241225911931,9,40,0.7260240325416958,1.0,parallel_abrupt,synthetic,NB,24,24042
synthetic_dataset_with_parallel_drifts_abrupt,2000,HD,0.7230125,0.7234099602757661,0.7230125,0.7228946462630613,7,40,0.7230244331124531,1.0,parallel_abrupt,synthetic,NB,24,24042
synthetic_dataset_with_parallel_drifts_abrupt,2000,JS,0.7192,0.7201033302091655,0.7192,0.7189200188062198,5,40,0.7192182209165243,1.0,parallel_abrupt,synthetic,NB,24,24042
synthetic_dataset_with_parallel_drifts_abrupt,2500,Base,0.7044625,0.7106853377094855,0.7044625,0.7022888326740394,0,32,0.7045117013666813,1.0,parallel_abrupt,synthetic,NB,24,24042
synthetic_dataset_with_parallel_drifts_abrupt,2500,KS95,0.7172,0.718005083414195,0.7172,0.7169467636594999,7,32,0.7172172715049604,1.0,parallel_abrupt,synthetic,NB,24,24042
synthetic_dataset_with_parallel_drifts_abrupt,2500,KS90,0.7172,0.718005083414195,0.7172,0.7169467636594999,7,32,0.7172172715049604,1.0,parallel_abrupt,synthetic,NB,24,24042
synthetic_dataset_with_parallel_drifts_abrupt,2500,HD,0.6798125,0.6945527777255416,0.6798125,0.6736770730424998,4,32,0.6798914063515963,1.0,parallel_abrupt,synthetic,NB,24,24042
synthetic_dataset_with_parallel_drifts_abrupt,2500,JS,0.6798125,0.6945527777255416,0.6798125,0.6736770730424998,4,32,0.6798914063515963,1.0,parallel_abrupt,synthetic,NB,24,24042
synthetic_dataset_with_switching_drifts_incremental,1000,Base,0.7576375,0.7576412104263068,0.7576375,0.7576362099031813,0,80,0.7576362483059845,1.0,switching_incremental,synthetic,NB,24,24042
synthetic_dataset_with_switching_drifts_incremental,1000,KS95,0.74765,0.7477362149327792,0.74765,0.7476259678593812,32,80,0.7476444684399525,1.0,switching_incremental,synthetic,NB,24,24042
synthetic_dataset_with_switching_drifts_incremental,1000,KS90,0.74685,0.7469473354029873,0.74685,0.7468228342402292,36,80,0.7468441231753381,1.0,switching_incremental,synthetic,NB,24,24042
synthetic_dataset_with_switching_drifts_incremental,1000,HD,0.7464,0.7464580821111519,0.7464,0.7463833296957433,17,80,0.7463954167769847,1.0,switching_incremental,synthetic,NB,24,24042
synthetic_dataset_with_switching_drifts_incremental,1000,JS,0.7441,0.7442015945435438,0.7441,0.7440710609733394,16,80,0.7440939641410668,1.0,switching_incremental,synthetic,NB,24,24042
synthetic_dataset_with_switching_drifts_incremental,1500,Base,0.7576625,0.7576688064867126,0.7576625,0.7576604819518303,0,53,0.7576609176891409,1.0,switching_incremental,synthetic,NB,24,24042
synthetic_dataset_with_switching_drifts_incremental,1500,KS95,0.7509,0.7516561867545868,0.7509,0.7507068336242535,28,53,0.7508840763860479,1.0,switching_incremental,synthetic,NB,24,24042
synthetic_dataset_with_switching_drifts_incremental,1500,KS90,0.7486125,0.7491649057042168,0.7486125,0.748467937987469,30,53,0.7485987965679771,1.0,switching_incremental,synthetic,NB,24,24042
synthetic_dataset_with_switching_drifts_incremental,1500,HD,0.74735,0.7475849571136688,0.74735,0.7472866331151823,13,53,0.7473409752146101,1.0,switching_incremental,synthetic,NB,24,24042
synthetic_dataset_with_switching_drifts_incremental,1500,JS,0.7479125,0.7482294437275772,0.7479125,0.7478280700836052,13,53,0.7479020594626183,1.0,switching_incremental,synthetic,NB,24,24042
synthetic_dataset_with_switching_drifts_incremental,2000,Base,0.75665,0.7566508855297631,0.75665,0.7566495683567624,0,40,0.7566493014171751,1.0,switching_incremental,synthetic,NB,24,24042
synthetic_dataset_with_switching_drifts_incremental,2000,KS95,0.741,0.7410285670408381,0.741,0.7409910434384807,20,40,0.7409966943670321,1.0,switching_incremental,synthetic,NB,24,24042
synthetic_dataset_with_switching_drifts_incremental,2000,KS90,0.741,0.7410285670408381,0.741,0.7409910434384807,20,40,0.7409966943670321,1.0,switching_incremental,synthetic,NB,24,24042
synthetic_dataset_with_switching_drifts_incremental,2000,HD,0.7427875,0.7429642190141341,0.7427875,0.7427376362374117,12,40,0.7427795733939965,1.0,switching_incremental,synthetic,NB,24,24042
synthetic_dataset_with_switching_drifts_incremental,2000,JS,0.7427875,0.7429642190141341,0.7427875,0.7427376362374117,12,40,0.7427795733939965,1.0,switching_incremental,synthetic,NB,24,24042
synthetic_dataset_with_switching_drifts_incremental,2500,Base,0.756475,0.7564761412416007,0.756475,0.7564744812901157,0,32,0.7564742294842921,1.0,switching_incremental,synthetic,NB,24,24042
synthetic_dataset_with_switching_drifts_incremental,2500,KS95,0.736525,0.7365352161890234,0.736525,0.7365213412610073,18,32,0.7365229291378934,1.0,switching_incremental,synthetic,NB,24,24042
synthetic_dataset_with_switching_drifts_incremental,2500,KS90,0.736775,0.7368206040342642,0.736775,0.736760655366708,20,32,0.7367708304698559,1.0,switching_incremental,synthetic,NB,24,24042
synthetic_dataset_with_switching_drifts_incremental,2500,HD,0.749575,0.7500047829739181,0.749575,0.749462815894594,9,32,0.7495629140742386,1.0,switching_incremental,synthetic,NB,24,24042
synthetic_dataset_with_switching_drifts_incremental,2500,JS,0.7491,0.7496505739690182,0.7491,0.7489564701406731,8,32,0.7490863326666688,1.0,switching_incremental,synthetic,NB,24,24042
synthetic_dataset_with_parallel_drifts_incremental,1000,Base,0.7503375,0.7508813454873932,0.7503375,0.7502070998451716,0,80,0.7503507215222073,1.0,parallel_incremental,synthetic,NB,24,24042
synthetic_dataset_with_parallel_drifts_incremental,1000,KS95,0.7567625,0.7572493564701486,0.7567625,0.7566428524073444,17,80,0.756749834262914,1.0,parallel_incremental,synthetic,NB,24,24042
synthetic_dataset_with_parallel_drifts_incremental,1000,KS90,0.7565625,0.7573496164074601,0.7565625,0.7563704868533894,20,80,0.7565464416956673,1.0,parallel_incremental,synthetic,NB,24,24042
synthetic_dataset_with_parallel_drifts_incremental,1000,HD,0.7506,0.7506033436052124,0.7506,0.7505987439510825,6,80,0.7505987819167221,1.0,parallel_incremental,synthetic,NB,24,24042
synthetic_dataset_with_parallel_drifts_incremental,1000,JS,0.7414625,0.7429568712834942,0.7414625,0.7410732334611854,4,80,0.7414848754659369,1.0,parallel_incremental,synthetic,NB,24,24042
synthetic_dataset_with_parallel_drifts_incremental,1500,Base,0.7514125,0.7518442936358393,0.7514125,0.7513102914530504,0,53,0.7514242412521398,1.0,parallel_incremental,synthetic,NB,24,24042
synthetic_dataset_with_parallel_drifts_incremental,1500,KS95,0.75245,0.7531562870410632,0.75245,0.7522715909586978,10,53,0.7524346518987067,1.0,parallel_incremental,synthetic,NB,24,24042
synthetic_dataset_with_parallel_drifts_incremental,1500,KS90,0.7476875,0.7479918455437365,0.7476875,0.7476061980953895,15,53,0.7476772606382942,1.0,parallel_incremental,synthetic,NB,24,24042
synthetic_dataset_with_parallel_drifts_incremental,1500,HD,0.74205,0.7424778068556541,0.74205,0.7419409109853526,5,53,0.7420619034692169,1.0,parallel_incremental,synthetic,NB,24,24042
synthetic_dataset_with_parallel_drifts_incremental,1500,JS,0.74205,0.7424778068556541,0.74205,0.7419409109853526,5,53,0.7420619034692169,1.0,parallel_incremental,synthetic,NB,24,24042
synthetic_dataset_with_parallel_drifts_incremental,2000,Base,0.7525625,0.7529192006047588,0.7525625,0.7524791754937165,0,40,0.7525731347569927,1.0,parallel_incremental,synthetic,NB,24,24042
synthetic_dataset_with_parallel_drifts_incremental,2000,KS95,0.7465125,0.7469858961770043,0.7465125,0.7463861167335155,8,40,0.7464997446239781,1.0,parallel_incremental,synthetic,NB,24,24042
synthetic_dataset_with_parallel_drifts_incremental,2000,KS90,0.7441,0.7442501911711148,0.7441,0.7440578412093646,9,40,0.7440926991406487,1.0,parallel_incremental,synthetic,NB,24,24042
synthetic_dataset_with_parallel_drifts_incremental,2000,HD,0.7466125,0.7467031399570715,0.7466125,0.7465913050443572,3,40,0.7466178427880243,1.0,parallel_incremental,synthetic,NB,24,24042
synthetic_dataset_with_parallel_drifts_incremental,2000,JS,0.7462125,0.7462389645648333,0.7462125,0.7462067947830412,5,40,0.7462153126549378,1.0,parallel_incremental,synthetic,NB,24,24042
synthetic_dataset_with_parallel_drifts_incremental,2500,Base,0.7534625,0.7537223532758396,0.7534625,0.7534027011815877,0,32,0.7534715394290278,1.0,parallel_incremental,synthetic,NB,24,24042
synthetic_dataset_with_parallel_drifts_incremental,2500,KS95,0.7415,0.7415630408471702,0.7415,0.741484941884648,7,32,0.7415044714099158,1.0,parallel_incremental,synthetic,NB,24,24042
synthetic_dataset_with_parallel_drifts_incremental,2500,KS90,0.7415,0.7415630408471702,0.7415,0.741484941884648,7,32,0.7415044714099158,1.0,parallel_incremental,synthetic,NB,24,24042
synthetic_dataset_with_parallel_drifts_incremental,2500,HD,0.74565,0.7461263925065327,0.74565,0.7455317096356875,2,32,0.7456624796596572,1.0,parallel_incremental,synthetic,NB,24,24042
synthetic_dataset_with_parallel_drifts_incremental,2500,JS,0.74565,0.7461263925065327,0.74565,0.7455317096356875,2,32,0.7456624796596572,1.0,parallel_incremental,synthetic,NB,24,24042
synthetic_dataset_with_switching_drifts_abrupt,1000,Base,0.7268125,0.7281906847770795,0.7268125,0.7264091052645257,0,80,0.7268346549972078,1.0,switching_abrupt,synthetic,NB,24,24042
synthetic_dataset_with_switching_drifts_abrupt,1000,KS95,0.7290125,0.7290303504838648,0.7290125,0.7290060820404582,25,80,0.729009772591356,1.0,switching_abrupt,synthetic,NB,24,24042
synthetic_dataset_with_switching_drifts_abrupt,1000,KS90,0.728625,0.7286401930621716,0.728625,0.7286194349868492,28,80,0.728622466525803,1.0,switching_abrupt,synthetic,NB,24,24042
synthetic_dataset_with_switching_drifts_abrupt,1000,HD,0.7354625,0.7356753308265713,0.7354625,0.735399155844268,18,80,0.7354536797218728,1.0,switching_abrupt,synthetic,NB,24,24042
synthetic_dataset_with_switching_drifts_abrupt,1000,JS,0.7336625,0.7338793019691189,0.7336625,0.7335970647195591,18,80,0.7336535641267097,1.0,switching_abrupt,synthetic,NB,24,24042
synthetic_dataset_with_switching_drifts_abrupt,1500,Base,0.7277875,0.7290627047299358,0.7277875,0.7274173842447194,0,53,0.7278087640692725,1.0,switching_abrupt,synthetic,NB,24,24042
synthetic_dataset_with_switching_drifts_abrupt,1500,KS95,0.737575,0.7382501681859063,0.737575,0.7373826832993745,27,53,0.7375595176056156,1.0,switching_abrupt,synthetic,NB,24,24042
synthetic_dataset_with_switching_drifts_abrupt,1500,KS90,0.735625,0.7362032564539442,0.735625,0.735457190763083,30,53,0.735610595086253,1.0,switching_abrupt,synthetic,NB,24,24042
synthetic_dataset_with_switching_drifts_abrupt,1500,HD,0.725225,0.7252330787502653,0.725225,0.7252217284141496,14,53,0.7252230835268819,1.0,switching_abrupt,synthetic,NB,24,24042
synthetic_dataset_with_switching_drifts_abrupt,1500,JS,0.7262375,0.7262913305364105,0.7262375,0.726219225600504,15,53,0.726232874173244,1.0,switching_abrupt,synthetic,NB,24,24042
synthetic_dataset_with_switching_drifts_abrupt,2000,Base,0.72795,0.7294048829150104,0.72795,0.7275278619299256,0,40,0.7279727088109769,1.0,switching_abrupt,synthetic,NB,24,24042
synthetic_dataset_with_switching_drifts_abrupt,2000,KS95,0.7206125,0.7209864452053472,0.7206125,0.7204996034333766,20,40,0.7206241304438532,1.0,switching_abrupt,synthetic,NB,24,24042
synthetic_dataset_with_switching_drifts_abrupt,2000,KS90,0.7206125,0.7209864452053472,0.7206125,0.7204996034333766,20,40,0.7206241304438532,1.0,switching_abrupt,synthetic,NB,24,24042
synthetic_dataset_with_switching_drifts_abrupt,2000,HD,0.7198125,0.7198201002208338,0.7198125,0.7198108068275912,12,40,0.7198139958010024,1.0,switching_abrupt,synthetic,NB,24,24042
synthetic_dataset_with_switching_drifts_abrupt,2000,JS,0.7198125,0.7198201002208338,0.7198125,0.7198108068275912,12,40,0.7198139958010024,1.0,switching_abrupt,synthetic,NB,24,24042
synthetic_dataset_with_switching_drifts_abrupt,2500,Base,0.7276875,0.7291051524574744,0.7276875,0.7272753723317205,0,32,0.7277099284115951,1.0,switching_abrupt,synthetic,NB,24,24042
synthetic_dataset_with_switching_drifts_abrupt,2500,KS95,0.70995,0.710139045704672,0.70995,0.7098889234146147,16,32,0.7099584141050006,1.0,switching_abrupt,synthetic,NB,24,24042
synthetic_dataset_with_switching_drifts_abrupt,2500,KS90,0.713175,0.7132090145334035,0.713175,0.7131652494423147,18,32,0.7131784270446174,1.0,switching_abrupt,synthetic,NB,24,24042
synthetic_dataset_with_switching_drifts_abrupt,2500,HD,0.7038875,0.7062124043953141,0.7038875,0.703066004151435,7,32,0.7039178124203267,1.0,switching_abrupt,synthetic,NB,24,24042
synthetic_dataset_with_switching_drifts_abrupt,2500,JS,0.694975,0.7024870953131628,0.694975,0.6921490985656856,4,32,0.6950301566693455,1.0,switching_abrupt,synthetic,NB,24,24042
synthetic_dataset_no_drifts,1000,Base,0.770125,0.770206844256027,0.770125,0.7701059290342644,0,80,0.7701198496208753,1.0,no_drifts,synthetic,NB,24,24042
synthetic_dataset_no_drifts,1000,KS95,0.7649875,0.7655149641372937,0.7649875,0.7648663558184938,8,80,0.7649745351072056,1.0,no_drifts,synthetic,NB,24,24042
synthetic_dataset_no_drifts,1000,KS90,0.7639375,0.7647758612001467,0.7639375,0.763744944248501,12,80,0.7639211710089371,1.0,no_drifts,synthetic,NB,24,24042
synthetic_dataset_no_drifts,1000,HD,0.7623375,0.7626763169515159,0.7623375,0.7622572471780844,5,80,0.7623270211068713,1.0,no_drifts,synthetic,NB,24,24042
synthetic_dataset_no_drifts,1000,JS,0.7625875,0.7628628454599048,0.7625875,0.7625220795780302,6,80,0.7625780418148651,1.0,no_drifts,synthetic,NB,24,24042
synthetic_dataset_no_drifts,1500,Base,0.7701125,0.7701913109275279,0.7701125,0.7700941028683168,0,53,0.7701074430542734,1.0,no_drifts,synthetic,NB,24,24042
synthetic_dataset_no_drifts,1500,KS95,0.7701125,0.7701913109275279,0.7701125,0.7700941028683168,0,53,0.7701074430542734,1.0,no_drifts,synthetic,NB,24,24042
synthetic_dataset_no_drifts,1500,KS90,0.7701125,0.7701913109275279,0.7701125,0.7700941028683168,0,53,0.7701074430542734,1.0,no_drifts,synthetic,NB,24,24042
synthetic_dataset_no_drifts,1500,HD,0.769725,0.7697932310435651,0.769725,0.7697089143755271,2,53,0.7697202807387677,1.0,no_drifts,synthetic,NB,24,24042
synthetic_dataset_no_drifts,1500,JS,0.769725,0.7697932310435651,0.769725,0.7697089143755271,2,53,0.7697202807387677,1.0,no_drifts,synthetic,NB,24,24042
synthetic_dataset_no_drifts,2000,Base,0.7699125,0.7699671509168036,0.7699125,0.7698994893755722,0,40,0.7699082623634192,1.0,no_drifts,synthetic,NB,24,24042
synthetic_dataset_no_drifts,2000,KS95,0.7611875,0.7614389346526095,0.7611875,0.7611269396280249,3,40,0.7611784294771182,1.0,no_drifts,synthetic,NB,24,24042
synthetic_dataset_no_drifts,2000,KS90,0.7611875,0.7614389346526095,0.7611875,0.7611269396280249,3,40,0.7611784294771182,1.0,no_drifts,synthetic,NB,24,24042
synthetic_dataset_no_drifts,2000,HD,0.767175,0.767318863884668,0.767175,0.7671414174798631,2,40,0.7671681811449799,1.0,no_drifts,synthetic,NB,24,24042
synthetic_dataset_no_drifts,2000,JS,0.767175,0.767318863884668,0.767175,0.7671414174798631,2,40,0.7671681811449799,1.0,no_drifts,synthetic,NB,24,24042
synthetic_dataset_no_drifts,2500,Base,0.7699625,0.7700292998571635,0.7699625,0.7699467658988834,0,32,0.7699578311298079,1.0,no_drifts,synthetic,NB,24,24042
synthetic_dataset_no_drifts,2500,KS95,0.76105,0.7610531128414494,0.76105,0.7610496081215883,1,32,0.7610508409974344,1.0,no_drifts,synthetic,NB,24,24042
synthetic_dataset_no_drifts,2500,KS90,0.75925,0.7592992421715012,0.75925,0.7592371456150308,2,32,0.7592458810256694,1.0,no_drifts,synthetic,NB,24,24042
synthetic_dataset_no_drifts,2500,HD,0.7699625,0.7700292998571635,0.7699625,0.7699467658988834,0,32,0.7699578311298079,1.0,no_drifts,synthetic,NB,24,24042
synthetic_dataset_no_drifts,2500,JS,0.7699625,0.7700292998571635,0.7699625,0.7699467658988834,0,32,0.7699578311298079,1.0,no_drifts,synthetic,NB,24,24042
synthetic_dataset_with_parallel_drifts_abrupt,1000,Base,0.707725,0.7077856945933275,0.707725,0.707701150112837,0,80,0.7077198721148829,1.0,parallel_abrupt,synthetic,NB,12,12042
synthetic_dataset_with_parallel_drifts_abrupt,1000,KS95,0.710875,0.7114359313909896,0.710875,0.7106758482774836,7,80,0.710859983153082,1.0,parallel_abrupt,synthetic,NB,12,12042
synthetic_dataset_with_parallel_drifts_abrupt,1000,KS90,0.709075,0.709300841749806,0.709075,0.7089917853780362,15,80,0.7090653444347295,1.0,parallel_abrupt,synthetic,NB,12,12042
synthetic_dataset_with_parallel_drifts_abrupt,1000,HD,0.7110875,0.7117824393787615,0.7110875,0.7108422371623482,4,80,0.7110708229102909,1.0,parallel_abrupt,synthetic,NB,12,12042
synthetic_dataset_with_parallel_drifts_abrupt,1000,JS,0.7110875,0.7117824393787615,0.7110875,0.7108422371623482,4,80,0.7110708229102909,1.0,parallel_abrupt,synthetic,NB,12,12042
synthetic_dataset_with_parallel_drifts_abrupt,1500,Base,0.7079125,0.707982280573222,0.7079125,0.7078853215406596,0,53,0.7079070199892584,1.0,parallel_abrupt,synthetic,NB,12,12042
synthetic_dataset_with_parallel_drifts_abrupt,1500,KS95,0.709475,0.710041913741957,0.709475,0.7092714341782754,8,53,0.709459853315164,1.0,parallel_abrupt,synthetic,NB,12,12042
synthetic_dataset_with_parallel_drifts_abrupt,1500,KS90,0.7098,0.7104471538661906,0.7098,0.7095688529533113,11,53,0.7097838471722844,1.0,parallel_abrupt,synthetic,NB,12,12042
synthetic_dataset_with_parallel_drifts_abrupt,1500,HD,0.7097625,0.7100678619250834,0.7097625,0.7096515508304216,6,53,0.709751328099033,1.0,parallel_abrupt,synthetic,NB,12,12042
synthetic_dataset_with_parallel_drifts_abrupt,1500,JS,0.7100625,0.7107240354050937,0.7100625,0.7098268269237429,4,53,0.7100461819465189,1.0,parallel_abrupt,synthetic,NB,12,12042
synthetic_dataset_with_parallel_drifts_abrupt,2000,Base,0.708425,0.7085199988896997,0.708425,0.7083886886849645,0,40,0.7084186504709163,1.0,parallel_abrupt,synthetic,NB,12,12042
synthetic_dataset_with_parallel_drifts_abrupt,2000,KS95,0.7110375,0.7117261991458015,0.7110375,0.7107942978135192,6,40,0.7110208947687834,1.0,parallel_abrupt,synthetic,NB,12,12042
synthetic_dataset_with_parallel_drifts_abrupt,2000,KS90,0.7104125,0.7111901572598668,0.7104125,0.7101370969176904,9,40,0.7103948451867957,1.0,parallel_abrupt,synthetic,NB,12,12042
synthetic_dataset_with_parallel_drifts_abrupt,2000,HD,0.70985,0.7102164610310441,0.70985,0.7097175500891842,5,40,0.709837785940118,1.0,parallel_abrupt,synthetic,NB,12,12042
synthetic_dataset_with_parallel_drifts_abrupt,2000,JS,0.70985,0.7102164610310441,0.70985,0.7097175500891842,5,40,0.709837785940118,1.0,parallel_abrupt,synthetic,NB,12,12042
synthetic_dataset_with_parallel_drifts_abrupt,2500,Base,0.7079125,0.7079861446168231,0.7079125,0.7078838936780708,0,32,0.7079068762392109,1.0,parallel_abrupt,synthetic,NB,12,12042
synthetic_dataset_with_parallel_drifts_abrupt,2500,KS95,0.710975,0.7115394871258229,0.710975,0.7107747764381915,6,32,0.7109599400611303,1.0,parallel_abrupt,synthetic,NB,12,12042
synthetic_dataset_with_parallel_drifts_abrupt,2500,KS90,0.710975,0.7115394871258229,0.710975,0.7107747764381915,7,32,0.7109599400611303,1.0,parallel_abrupt,synthetic,NB,12,12042
synthetic_dataset_with_parallel_drifts_abrupt,2500,HD,0.710325,0.7109761632146839,0.710325,0.7100934518250349,4,32,0.7103088185958532,1.0,parallel_abrupt,synthetic,NB,12,12042
synthetic_dataset_with_parallel_drifts_abrupt,2500,JS,0.71035,0.7108419685796932,0.71035,0.7101740952539995,4,32,0.710335902979808,1.0,parallel_abrupt,synthetic,NB,12,12042
synthetic_dataset_with_switching_drifts_incremental,1000,Base,0.7054375,0.7054396180103318,0.7054375,0.7054371515415232,0,80,0.7054382147980098,1.0,switching_incremental,synthetic,NB,12,12042
synthetic_dataset_with_switching_drifts_incremental,1000,KS95,0.7062375,0.7065297113799552,0.7062375,0.7061280586983204,30,80,0.7062264706836269,1.0,switching_incremental,synthetic,NB,12,12042
synthetic_dataset_with_switching_drifts_incremental,1000,KS90,0.7063375,0.70659734711329,0.7063375,0.7062399506587331,32,80,0.7063270888418938,1.0,switching_incremental,synthetic,NB,12,12042
synthetic_dataset_with_switching_drifts_incremental,1000,HD,0.7028625,0.7031605618333021,0.7028625,0.7027477474713493,12,80,0.7028512683177006,1.0,switching_incremental,synthetic,NB,12,12042
synthetic_dataset_with_switching_drifts_incremental,1000,JS,0.7036875,0.7041889763574618,0.7036875,0.7034981087179666,18,80,0.703673034214397,1.0,switching_incremental,synthetic,NB,12,12042
synthetic_dataset_with_switching_drifts_incremental,1500,Base,0.7049875,0.7049879330675504,0.7049875,0.7049870634265637,0,53,0.7049868490237768,1.0,switching_incremental,synthetic,NB,12,12042
synthetic_dataset_with_switching_drifts_incremental,1500,KS95,0.7041375,0.704138552280428,0.7041375,0.7041367189662966,23,53,0.7041366187426695,1.0,switching_incremental,synthetic,NB,12,12042
synthetic_dataset_with_switching_drifts_incremental,1500,KS90,0.7043875,0.704402091464695,0.7043875,0.7043809245351909,27,53,0.7043848506997412,1.0,switching_incremental,synthetic,NB,12,12042
synthetic_dataset_with_switching_drifts_incremental,1500,HD,0.702625,0.7026983571926864,0.702625,0.7025952095292165,13,53,0.7026193098035094,1.0,switching_incremental,synthetic,NB,12,12042
synthetic_dataset_with_switching_drifts_incremental,1500,JS,0.702625,0.7026983571926864,0.702625,0.7025952095292165,13,53,0.7026193098035094,1.0,switching_incremental,synthetic,NB,12,12042
synthetic_dataset_with_switching_drifts_incremental,2000,Base,0.705475,0.7054812669518505,0.705475,0.7054718894086426,0,40,0.7054731919970741,1.0,switching_incremental,synthetic,NB,12,12042
synthetic_dataset_with_switching_drifts_incremental,2000,KS95,0.7051625,0.705301382372437,0.7051625,0.7051087800238798,20,40,0.7051548053293075,1.0,switching_incremental,synthetic,NB,12,12042
synthetic_dataset_with_switching_drifts_incremental,2000,KS90,0.7051625,0.705301382372437,0.7051625,0.7051087800238798,20,40,0.7051548053293075,1.0,switching_incremental,synthetic,NB,12,12042
synthetic_dataset_with_switching_drifts_incremental,2000,HD,0.7047125,0.7048144156248798,0.7047125,0.7046724415411518,12,40,0.7047058689308779,1.0,switching_incremental,synthetic,NB,12,12042
synthetic_dataset_with_switching_drifts_incremental,2000,JS,0.7047125,0.7048144156248798,0.7047125,0.7046724415411518,12,40,0.7047058689308779,1.0,switching_incremental,synthetic,NB,12,12042
synthetic_dataset_with_switching_drifts_incremental,2500,Base,0.70605,0.706064993740254,0.70605,0.7060433569280226,0,32,0.7060473296868983,1.0,switching_incremental,synthetic,NB,12,12042
synthetic_dataset_with_switching_drifts_incremental,2500,KS95,0.70335,0.7035220890674045,0.70335,0.7032829283694128,20,32,0.7033414206672572,1.0,switching_incremental,synthetic,NB,12,12042
synthetic_dataset_with_switching_drifts_incremental,2500,KS90,0.7023625,0.7024645305836699,0.7023625,0.7023216007985026,23,32,0.7023558250288947,1.0,switching_incremental,synthetic,NB,12,12042
synthetic_dataset_with_switching_drifts_incremental,2500,HD,0.704775,0.7047749663165236,0.704775,0.7047749391098023,10,32,0.7047747586411546,1.0,switching_incremental,synthetic,NB,12,12042
synthetic_dataset_with_switching_drifts_incremental,2500,JS,0.7054875,0.7054879354738155,0.7054875,0.7054870641664874,10,32,0.7054868491890895,1.0,switching_incremental,synthetic,NB,12,12042
synthetic_dataset_with_parallel_drifts_incremental,1000,Base,0.7084625,0.7085117447603105,0.7084625,0.7084430390703874,0,80,0.7084578682963827,1.0,parallel_incremental,synthetic,NB,12,12042
synthetic_dataset_with_parallel_drifts_incremental,1000,KS95,0.7111,0.7117095482421603,0.7111,0.7108843481040118,11,80,0.7110843651022681,1.0,parallel_incremental,synthetic,NB,12,12042
synthetic_dataset_with_parallel_drifts_incremental,1000,KS90,0.709325,0.7095824683468627,0.709325,0.7092306828910808,19,80,0.7093147120171767,1.0,parallel_incremental,synthetic,NB,12,12042
synthetic_dataset_with_parallel_drifts_incremental,1000,HD,0.709025,0.7093023003432498,0.709025,0.7089233723974182,8,80,0.7090143237928608,1.0,parallel_incremental,synthetic,NB,12,12042
synthetic_dataset_with_parallel_drifts_incremental,1000,JS,0.709025,0.7093023003432498,0.709025,0.7089233723974182,8,80,0.7090143237928608,1.0,parallel_incremental,synthetic,NB,12,12042
synthetic_dataset_with_parallel_drifts_incremental,1500,Base,0.70845,0.7085190226130275,0.70845,0.7084232221656177,0,53,0.7084445561044814,1.0,parallel_incremental,synthetic,NB,12,12042
synthetic_dataset_with_parallel_drifts_incremental,1500,KS95,0.7098125,0.7103930271474215,0.7098125,0.7096047248036867,8,53,0.7097971881141952,1.0,parallel_incremental,synthetic,NB,12,12042
synthetic_dataset_with_parallel_drifts_incremental,1500,KS90,0.7103,0.7109700328528533,0.7103,0.7100618245089004,12,53,0.7102835885875116,1.0,parallel_incremental,synthetic,NB,12,12042
synthetic_dataset_with_parallel_drifts_incremental,1500,HD,0.70955,0.7099509701281107,0.70955,0.7094050257299679,7,53,0.7095372252157451,1.0,parallel_incremental,synthetic,NB,12,12042
synthetic_dataset_with_parallel_drifts_incremental,1500,JS,0.70955,0.7099509701281107,0.70955,0.7094050257299679,7,53,0.7095372252157451,1.0,parallel_incremental,synthetic,NB,12,12042
synthetic_dataset_with_parallel_drifts_incremental,2000,Base,0.7090625,0.7091527399176366,0.7090625,0.7090281118577184,0,40,0.7090563159942445,1.0,parallel_incremental,synthetic,NB,12,12042
synthetic_dataset_with_parallel_drifts_incremental,2000,KS95,0.7114125,0.7120327121031885,0.7114125,0.7111937133293245,6,40,0.7113967430180481,1.0,parallel_incremental,synthetic,NB,12,12042
synthetic_dataset_with_parallel_drifts_incremental,2000,KS90,0.710825,0.7115355656328025,0.710825,0.7105737864116797,9,40,0.7108081287609376,1.0,parallel_incremental,synthetic,NB,12,12042
synthetic_dataset_with_parallel_drifts_incremental,2000,HD,0.7103625,0.7106958943322039,0.7103625,0.7102422323006161,5,40,0.7103508539222511,1.0,parallel_incremental,synthetic,NB,12,12042
synthetic_dataset_with_parallel_drifts_incremental,2000,JS,0.7103625,0.7106958943322039,0.7103625,0.7102422323006161,5,40,0.7103508539222511,1.0,parallel_incremental,synthetic,NB,12,12042
synthetic_dataset_with_parallel_drifts_incremental,2500,Base,0.7087,0.7088001016084807,0.7087,0.7086619120224564,0,32,0.7086934924367859,1.0,parallel_incremental,synthetic,NB,12,12042
synthetic_dataset_with_parallel_drifts_incremental,2500,KS95,0.711625,0.7122568386226332,0.711625,0.7114025819582724,6,32,0.7116091065257609,1.0,parallel_incremental,synthetic,NB,12,12042
synthetic_dataset_with_parallel_drifts_incremental,2500,KS90,0.711625,0.7122568386226332,0.711625,0.7114025819582724,7,32,0.7116091065257609,1.0,parallel_incremental,synthetic,NB,12,12042
synthetic_dataset_with_parallel_drifts_incremental,2500,HD,0.7114875,0.7119654122988532,0.7114875,0.7113181083252844,3,32,0.7114736405434724,1.0,parallel_incremental,synthetic,NB,12,12042
synthetic_dataset_with_parallel_drifts_incremental,2500,JS,0.7114875,0.7119654122988532,0.7114875,0.7113181083252844,3,32,0.7114736405434724,1.0,parallel_incremental,synthetic,NB,12,12042
synthetic_dataset_with_switching_drifts_abrupt,1000,Base,0.691775,0.6919530685584613,0.691775,0.6917082939353854,0,80,0.6917835230959273,1.0,switching_abrupt,synthetic,NB,12,12042
synthetic_dataset_with_switching_drifts_abrupt,1000,KS95,0.69845,0.6988877246578938,0.6984500000000001,0.6982767726224128,22,80,0.6984362871704974,1.0,switching_abrupt,synthetic,NB,12,12042
synthetic_dataset_with_switching_drifts_abrupt,1000,KS90,0.6985125,0.6989707134056996,0.6985125,0.6983314458046042,25,80,0.6984984781285594,1.0,switching_abrupt,synthetic,NB,12,12042
synthetic_dataset_with_switching_drifts_abrupt,1000,HD,0.693925,0.6939334173476476,0.693925,0.6939226470337314,22,80,0.6939266669295043,1.0,switching_abrupt,synthetic,NB,12,12042
synthetic_dataset_with_switching_drifts_abrupt,1000,JS,0.6943,0.6943005568780427,0.6943,0.694299985097125,21,80,0.6943002726780276,1.0,switching_abrupt,synthetic,NB,12,12042
synthetic_dataset_with_switching_drifts_abrupt,1500,Base,0.69025,0.6903552388085065,0.69025,0.6902109052496292,0,53,0.6902565244660634,1.0,switching_abrupt,synthetic,NB,12,12042
synthetic_dataset_with_switching_drifts_abrupt,1500,KS95,0.6949375,0.694940697494979,0.6949375,0.6949368157532979,23,53,0.694938441326522,1.0,switching_abrupt,synthetic,NB,12,12042
synthetic_dataset_with_switching_drifts_abrupt,1500,KS90,0.69515,0.6951509937887995,0.69515,0.6951491826178294,26,53,0.6951491085836741,1.0,switching_abrupt,synthetic,NB,12,12042
synthetic_dataset_with_switching_drifts_abrupt,1500,HD,0.6906,0.6906126711857606,0.6906,0.6905960988109073,14,53,0.6906021114553231,1.0,switching_abrupt,synthetic,NB,12,12042
synthetic_dataset_with_switching_drifts_abrupt,1500,JS,0.6906,0.6906126711857606,0.6906,0.6905960988109073,14,53,0.6906021114553231,1.0,switching_abrupt,synthetic,NB,12,12042
synthetic_dataset_with_switching_drifts_abrupt,2000,Base,0.689775,0.6898197989934429,0.689775,0.6897591099122262,0,40,0.6897791811832419,1.0,switching_abrupt,synthetic,NB,12,12042
synthetic_dataset_with_switching_drifts_abrupt,2000,KS95,0.6897125,0.6897638402565474,0.6897125,0.6896887673220825,20,40,0.6897075314720525,1.0,switching_abrupt,synthetic,NB,12,12042
synthetic_dataset_with_switching_drifts_abrupt,2000,KS90,0.6897125,0.6897638402565474,0.6897125,0.6896887673220825,20,40,0.6897075314720525,1.0,switching_abrupt,synthetic,NB,12,12042
synthetic_dataset_with_switching_drifts_abrupt,2000,HD,0.6899,0.689946663579624,0.6899,0.689878338281841,12,40,0.6898952543466185,1.0,switching_abrupt,synthetic,NB,12,12042
synthetic_dataset_with_switching_drifts_abrupt,2000,JS,0.6899,0.689946663579624,0.6899,0.689878338281841,12,40,0.6898952543466185,1.0,switching_abrupt,synthetic,NB,12,12042
synthetic_dataset_with_switching_drifts_abrupt,2500,Base,0.6895125,0.6895327451677232,0.6895125,0.6895058120204821,0,32,0.6895152364084751,1.0,switching_abrupt,synthetic,NB,12,12042
synthetic_dataset_with_switching_drifts_abrupt,2500,KS95,0.687275,0.687578417527813,0.687275,0.6871417759348749,18,32,0.6872631953513939,1.0,switching_abrupt,synthetic,NB,12,12042
synthetic_dataset_with_switching_drifts_abrupt,2500,KS90,0.6863875,0.6866037099334564,0.6863875,0.6862909017527189,21,32,0.6863774703710511,1.0,switching_abrupt,synthetic,NB,12,12042
synthetic_dataset_with_switching_drifts_abrupt,2500,HD,0.6870875,0.6871086562352957,0.6870875,0.6870768168137187,10,32,0.687084198104713,1.0,switching_abrupt,synthetic,NB,12,12042
synthetic_dataset_with_switching_drifts_abrupt,2500,JS,0.6870875,0.6876665049584372,0.6870875,0.6868367124171115,7,32,0.6870712893504449,1.0,switching_abrupt,synthetic,NB,12,12042
synthetic_dataset_no_drifts,1000,Base,0.708775,0.7088191689373768,0.708775,0.7087574747639772,0,80,0.7087706055872814,1.0,no_drifts,synthetic,NB,12,12042
synthetic_dataset_no_drifts,1000,KS95,0.7079875,0.70799028071224,0.7079875,0.7079869919433035,1,80,0.7079883450161466,1.0,no_drifts,synthetic,NB,12,12042
synthetic_dataset_no_drifts,1000,KS90,0.7105625,0.7106670446844204,0.7105625,0.7105234036110931,6,80,0.7105558852400395,1.0,no_drifts,synthetic,NB,12,12042
synthetic_dataset_no_drifts,1000,HD,0.7077375,0.7078368828392821,0.7077375,0.70769936971972,5,80,0.7077309993060618,1.0,no_drifts,synthetic,NB,12,12042
synthetic_dataset_no_drifts,1000,JS,0.7077375,0.7078544235759356,0.7077375,0.7076929404337178,6,80,0.7077304674308857,1.0,no_drifts,synthetic,NB,12,12042
synthetic_dataset_no_drifts,1500,Base,0.7091125,0.7091800557263834,0.7091125,0.7090864069497178,0,53,0.7091071210110419,1.0,no_drifts,synthetic,NB,12,12042
synthetic_dataset_no_drifts,1500,KS95,0.7081625,0.7083278164568161,0.7081625,0.708100515207607,1,53,0.7081541881959784,1.0,no_drifts,synthetic,NB,12,12042
synthetic_dataset_no_drifts,1500,KS90,0.7090375,0.7093174944971128,0.7090375,0.7089349223121996,4,53,0.709026773484477,1.0,no_drifts,synthetic,NB,12,12042
synthetic_dataset_no_drifts,1500,HD,0.7084375,0.7086421821592561,0.7084374999999999,0.7083614574932748,8,53,0.7084282826616008,1.0,no_drifts,synthetic,NB,12,12042
synthetic_dataset_no_drifts,1500,JS,0.7092,0.7095758834015533,0.7092,0.709063496324688,9,53,0.7091876132251547,1.0,no_drifts,synthetic,NB,12,12042
synthetic_dataset_no_drifts,2000,Base,0.7094875,0.7095706816159054,0.7094875,0.7094557956660761,0,40,0.709481560509841,1.0,no_drifts,synthetic,NB,12,12042
synthetic_dataset_no_drifts,2000,KS95,0.7103125,0.7106917900922086,0.7103125,0.7101760470293975,3,40,0.7103000920304678,1.0,no_drifts,synthetic,NB,12,12042
synthetic_dataset_no_drifts,2000,KS90,0.71005,0.7104355401455449,0.71005,0.7099110514237298,5,40,0.7100374841311432,1.0,no_drifts,synthetic,NB,12,12042
synthetic_dataset_no_drifts,2000,HD,0.7091625,0.7094245603133915,0.7091625,0.7090664187557604,4,40,0.7091521185259192,1.0,no_drifts,synthetic,NB,12,12042
synthetic_dataset_no_drifts,2000,JS,0.710475,0.7106437328748351,0.710475,0.710412977529177,4,40,0.7104666530230371,1.0,no_drifts,synthetic,NB,12,12042
synthetic_dataset_no_drifts,2500,Base,0.7094375,0.7095409847558851,0.7094375,0.7093984204043652,0,32,0.7094308992430911,1.0,no_drifts,synthetic,NB,12,12042
synthetic_dataset_no_drifts,2500,KS95,0.7094375,0.7095409847558851,0.7094375,0.7093984204043652,0,32,0.7094308992430911,1.0,no_drifts,synthetic,NB,12,12042
synthetic_dataset_no_drifts,2500,KS90,0.70845,0.708481241492469,0.70845,0.7084372754233079,3,32,0.7084462667300471,1.0,no_drifts,synthetic,NB,12,12042
synthetic_dataset_no_drifts,2500,HD,0.7090875,0.7092077248977212,0.7090875,0.7090422432346181,1,32,0.7090803960022061,1.0,no_drifts,synthetic,NB,12,12042
synthetic_dataset_no_drifts,2500,JS,0.709525,0.709644737844975,0.709525,0.70948008275009,2,32,0.7095179177093617,1.0,no_drifts,synthetic,NB,12,12042
synthetic_dataset_with_parallel_drifts_abrupt,1000,Base,0.622525,0.6241140663449264,0.622525,0.6213343633996331,0,80,0.622547449607592,1.0,parallel_abrupt,synthetic,NB,15,15042
synthetic_dataset_with_parallel_drifts_abrupt,1000,KS95,0.63735,0.6374142378847913,0.63735,0.6373111625302418,12,80,0.6373541619766658,1.0,parallel_abrupt,synthetic,NB,15,15042
synthetic_dataset_with_parallel_drifts_abrupt,1000,KS90,0.6389625,0.6390278943044492,0.6389625,0.6389235543968623,18,80,0.6389666772346685,1.0,parallel_abrupt,synthetic,NB,15,15042
synthetic_dataset_with_parallel_drifts_abrupt,1000,HD,0.619575,0.6225072446411568,0.619575,0.6173149765090731,4,80,0.6196057591369215,1.0,parallel_abrupt,synthetic,NB,15,15042
synthetic_dataset_with_parallel_drifts_abrupt,1000,JS,0.619575,0.6225072446411568,0.619575,0.6173149765090731,4,80,0.6196057591369215,1.0,parallel_abrupt,synthetic,NB,15,15042
synthetic_dataset_with_parallel_drifts_abrupt,1500,Base,0.6235,0.6248034867008375,0.6235,0.6225335846704365,0,53,0.6235202597632415,1.0,parallel_abrupt,synthetic,NB,15,15042
synthetic_dataset_with_parallel_drifts_abrupt,1500,KS95,0.6276625,0.6296120089327908,0.6276625,0.6262793330394423,7,53,0.6276868554298969,1.0,parallel_abrupt,synthetic,NB,15,15042
synthetic_dataset_with_parallel_drifts_abrupt,1500,KS90,0.6287375,0.6305973646581517,0.6287375,0.6274323816608974,10,53,0.6287611956017913,1.0,parallel_abrupt,synthetic,NB,15,15042
synthetic_dataset_with_parallel_drifts_abrupt,1500,HD,0.621725,0.62435763419643,0.621725,0.6197400919290724,6,53,0.6217539194806272,1.0,parallel_abrupt,synthetic,NB,15,15042
synthetic_dataset_with_parallel_drifts_abrupt,1500,JS,0.621725,0.62435763419643,0.621725,0.6197400919290724,6,53,0.6217539194806272,1.0,parallel_abrupt,synthetic,NB,15,15042
synthetic_dataset_with_parallel_drifts_abrupt,2000,Base,0.6231375,0.6241880925901604,0.6231375,0.6223561415730359,0,40,0.6231557147049144,1.0,parallel_abrupt,synthetic,NB,15,15042
synthetic_dataset_with_parallel_drifts_abrupt,2000,KS95,0.62635,0.6278685976429068,0.62635,0.6252572887588752,11,40,0.6263716202194592,1.0,parallel_abrupt,synthetic,NB,15,15042
synthetic_dataset_with_parallel_drifts_abrupt,2000,KS90,0.6333875,0.6338569190971164,0.6333875,0.6330760020442274,13,40,0.6333991763438684,1.0,parallel_abrupt,synthetic,NB,15,15042
synthetic_dataset_with_parallel_drifts_abrupt,2000,HD,0.6339375,0.6342554722836183,0.6339375,0.6337289549668667,9,40,0.6339470664315305,1.0,parallel_abrupt,synthetic,NB,15,15042
synthetic_dataset_with_parallel_drifts_abrupt,2000,JS,0.6249375,0.6259926908185227,0.6249375,0.6241675632885448,7,40,0.6249556249929,1.0,parallel_abrupt,synthetic,NB,15,15042
synthetic_dataset_with_parallel_drifts_abrupt,2500,Base,0.625625,0.6264678630766225,0.625625,0.6250152599906984,0,32,0.625641150102584,1.0,parallel_abrupt,synthetic,NB,15,15042
synthetic_dataset_with_parallel_drifts_abrupt,2500,KS95,0.626725,0.6274735660377326,0.626725,0.6261902018750012,9,32,0.626740150278424,1.0,parallel_abrupt,synthetic,NB,15,15042
synthetic_dataset_with_parallel_drifts_abrupt,2500,KS90,0.626725,0.6274735660377326,0.626725,0.6261902018750012,9,32,0.626740150278424,1.0,parallel_abrupt,synthetic,NB,15,15042
synthetic_dataset_with_parallel_drifts_abrupt,2500,HD,0.608375,0.6128193206823939,0.608375,0.6045225488748208,4,32,0.6084144973463195,1.0,parallel_abrupt,synthetic,NB,15,15042
synthetic_dataset_with_parallel_drifts_abrupt,2500,JS,0.608375,0.6128193206823939,0.608375,0.6045225488748208,4,32,0.6084144973463195,1.0,parallel_abrupt,synthetic,NB,15,15042
synthetic_dataset_with_switching_drifts_incremental,1000,Base,0.637425,0.6379285522721816,0.637425,0.6371038325228184,0,80,0.6374369219899075,1.0,switching_incremental,synthetic,NB,15,15042
synthetic_dataset_with_switching_drifts_incremental,1000,KS95,0.6382,0.6385917826085077,0.6382,0.6379529142511534,31,80,0.6382104721136754,1.0,switching_incremental,synthetic,NB,15,15042
synthetic_dataset_with_switching_drifts_incremental,1000,KS90,0.6362375,0.6369405593458246,0.6362375,0.6357820641123245,34,80,0.6362516668002668,1.0,switching_incremental,synthetic,NB,15,15042
synthetic_dataset_with_switching_drifts_incremental,1000,HD,0.63465,0.6351820612837372,0.63465,0.6343008457060696,10,80,0.634662381545981,1.0,switching_incremental,synthetic,NB,15,15042
synthetic_dataset_with_switching_drifts_incremental,1000,JS,0.63435,0.6348111776945523,0.63435,0.6340470087958714,11,80,0.634361531497845,1.0,switching_incremental,synthetic,NB,15,15042
synthetic_dataset_with_switching_drifts_incremental,1500,Base,0.6371,0.6375293536852762,0.6371,0.6368258662165414,0,53,0.6371110119377619,1.0,switching_incremental,synthetic,NB,15,15042
synthetic_dataset_with_switching_drifts_incremental,1500,KS95,0.634275,0.6354095565133016,0.634275,0.6335229844065127,23,53,0.6342931414869026,1.0,switching_incremental,synthetic,NB,15,15042
synthetic_dataset_with_switching_drifts_incremental,1500,KS90,0.634275,0.6354095565133016,0.634275,0.6335229844065127,23,53,0.6342931414869026,1.0,switching_incremental,synthetic,NB,15,15042
synthetic_dataset_with_switching_drifts_incremental,1500,HD,0.6332125,0.6346064839863848,0.6332125,0.6322779973689823,12,53,0.6332326863172298,1.0,switching_incremental,synthetic,NB,15,15042
synthetic_dataset_with_switching_drifts_incremental,1500,JS,0.6332125,0.6346064839863848,0.6332125,0.6322779973689823,12,53,0.6332326863172298,1.0,switching_incremental,synthetic,NB,15,15042
synthetic_dataset_with_switching_drifts_incremental,2000,Base,0.6365375,0.6368921927215045,0.6365375,0.6363104380718462,0,40,0.6365475168476027,1.0,switching_incremental,synthetic,NB,15,15042
synthetic_dataset_with_switching_drifts_incremental,2000,KS95,0.6330625,0.6337199710540383,0.6330625,0.632623029449609,20,40,0.6330763562922169,1.0,switching_incremental,synthetic,NB,15,15042
synthetic_dataset_with_switching_drifts_incremental,2000,KS90,0.6346625,0.635034152522492,0.6346625,0.6344198792358533,22,40,0.6346728265476523,1.0,switching_incremental,synthetic,NB,15,15042
synthetic_dataset_with_switching_drifts_incremental,2000,HD,0.631825,0.6326967070725444,0.631825,0.6312335218259137,11,40,0.6318410410945666,1.0,switching_incremental,synthetic,NB,15,15042
synthetic_dataset_with_switching_drifts_incremental,2000,JS,0.635725,0.6361486340353396,0.635725,0.6354508289718408,9,40,0.6357359917177586,1.0,switching_incremental,synthetic,NB,15,15042
synthetic_dataset_with_switching_drifts_incremental,2500,Base,0.63825,0.6385239231339256,0.63825,0.6380784106098698,0,32,0.6382587321213973,1.0,switching_incremental,synthetic,NB,15,15042
synthetic_dataset_with_switching_drifts_incremental,2500,KS95,0.63525,0.6359603600952811,0.63525,0.6347852102867564,20,32,0.6352642916422866,1.0,switching_incremental,synthetic,NB,15,15042
synthetic_dataset_with_switching_drifts_incremental,2500,KS90,0.6367875,0.6372396807842852,0.6367875,0.6364976768844363,21,32,0.6367988168878107,1.0,switching_incremental,synthetic,NB,15,15042
synthetic_dataset_with_switching_drifts_incremental,2500,HD,0.6383,0.638734570829736,0.6382999999999999,0.6380257765289403,10,32,0.6383110321297651,1.0,switching_incremental,synthetic,NB,15,15042
synthetic_dataset_with_switching_drifts_incremental,2500,JS,0.6383,0.638734570829736,0.6382999999999999,0.6380257765289403,10,32,0.6383110321297651,1.0,switching_incremental,synthetic,NB,15,15042
synthetic_dataset_with_parallel_drifts_incremental,1000,Base,0.641125,0.6419254992959437,0.641125,0.6406303817390798,0,80,0.6411398625823781,1.0,parallel_incremental,synthetic,NB,15,15042
synthetic_dataset_with_parallel_drifts_incremental,1000,KS95,0.6421875,0.6424801878099832,0.6421875,0.6420108857797062,16,80,0.6421964077514253,1.0,parallel_incremental,synthetic,NB,15,15042
synthetic_dataset_with_parallel_drifts_incremental,1000,KS90,0.6426,0.6428002420123048,0.6426,0.6424806124030256,21,80,0.6426073328171733,1.0,parallel_incremental,synthetic,NB,15,15042
synthetic_dataset_with_parallel_drifts_incremental,1000,HD,0.6371375,0.638287572061639,0.6371375,0.636396724762304,7,80,0.6371555769448922,1.0,parallel_incremental,synthetic,NB,15,15042
synthetic_dataset_with_parallel_drifts_incremental,1000,JS,0.6330875,0.6348247394648446,0.6330875,0.6319213637259696,4,80,0.6331100362976058,1.0,parallel_incremental,synthetic,NB,15,15042
synthetic_dataset_with_parallel_drifts_incremental,1500,Base,0.6414625,0.6421377625659589,0.6414625,0.6410472654471029,0,53,0.6414761276361804,1.0,parallel_incremental,synthetic,NB,15,15042
synthetic_dataset_with_parallel_drifts_incremental,1500,KS95,0.63425,0.636037577317917,0.63425,0.6330641332654183,7,53,0.6342727614836419,1.0,parallel_incremental,synthetic,NB,15,15042
synthetic_dataset_with_parallel_drifts_incremental,1500,KS90,0.6349875,0.6368303384100512,0.6349875,0.6337740743449811,11,53,0.6350105466016875,1.0,parallel_incremental,synthetic,NB,15,15042
synthetic_dataset_with_parallel_drifts_incremental,1500,HD,0.63315,0.6348258250861905,0.63315,0.6320257583561788,5,53,0.633172131307541,1.0,parallel_incremental,synthetic,NB,15,15042
synthetic_dataset_with_parallel_drifts_incremental,1500,JS,0.63315,0.6348258250861905,0.63315,0.6320257583561788,5,53,0.633172131307541,1.0,parallel_incremental,synthetic,NB,15,15042
synthetic_dataset_with_parallel_drifts_incremental,2000,Base,0.6414875,0.6420689798616936,0.6414875,0.6411305823153829,0,40,0.6415001376400221,1.0,parallel_incremental,synthetic,NB,15,15042
synthetic_dataset_with_parallel_drifts_incremental,2000,KS95,0.634375,0.6356192498199381,0.634375,0.6335508381940598,11,40,0.6343939915030387,1.0,parallel_incremental,synthetic,NB,15,15042
synthetic_dataset_with_parallel_drifts_incremental,2000,KS90,0.639125,0.6396586163579344,0.639125,0.6387901037818419,13,40,0.6391372022619524,1.0,parallel_incremental,synthetic,NB,15,15042
synthetic_dataset_with_parallel_drifts_incremental,2000,HD,0.6343875,0.6355691162982899,0.6343875,0.6336050577927944,7,40,0.634406006504961,1.0,parallel_incremental,synthetic,NB,15,15042
synthetic_dataset_with_parallel_drifts_incremental,2000,JS,0.63405,0.6351901848694411,0.63405,0.6332925198201141,7,40,0.6340682014509121,1.0,parallel_incremental,synthetic,NB,15,15042
synthetic_dataset_with_parallel_drifts_incremental,2500,Base,0.6427875,0.643283232422089,0.6427875,0.6424876269314436,0,32,0.6427991078478571,1.0,parallel_incremental,synthetic,NB,15,15042
synthetic_dataset_with_parallel_drifts_incremental,2500,KS95,0.6402,0.6409094614837745,0.6402,0.6397580935815826,9,32,0.6402140324342451,1.0,parallel_incremental,synthetic,NB,15,15042
synthetic_dataset_with_parallel_drifts_incremental,2500,KS90,0.6402,0.6409094614837745,0.6402,0.6397580935815826,9,32,0.6402140324342451,1.0,parallel_incremental,synthetic,NB,15,15042
synthetic_dataset_with_parallel_drifts_incremental,2500,HD,0.638875,0.6400182674609812,0.638875,0.6381512119615279,2,32,0.6388929122228659,1.0,parallel_incremental,synthetic,NB,15,15042
synthetic_dataset_with_parallel_drifts_incremental,2500,JS,0.638875,0.6400182674609812,0.638875,0.6381512119615279,2,32,0.6388929122228659,1.0,parallel_incremental,synthetic,NB,15,15042
synthetic_dataset_with_switching_drifts_abrupt,1000,Base,0.6098875,0.6102684476892787,0.6098875,0.6095628312379726,0,80,0.6098990525838484,1.0,switching_abrupt,synthetic,NB,15,15042
synthetic_dataset_with_switching_drifts_abrupt,1000,KS95,0.6271375,0.6272272124712753,0.6271375,0.627076534720587,22,80,0.6271426353428217,1.0,switching_abrupt,synthetic,NB,15,15042
synthetic_dataset_with_switching_drifts_abrupt,1000,KS90,0.6259,0.6263785814069588,0.6259,0.6255568136086661,26,80,0.6259121301459408,1.0,switching_abrupt,synthetic,NB,15,15042
synthetic_dataset_with_switching_drifts_abrupt,1000,HD,0.617375,0.6182009463670205,0.617375,0.6167220639454972,17,80,0.6173915287826446,1.0,switching_abrupt,synthetic,NB,15,15042
synthetic_dataset_with_switching_drifts_abrupt,1000,JS,0.6180375,0.6187847218495194,0.6180375,0.6174515581833835,15,80,0.6180531738885078,1.0,switching_abrupt,synthetic,NB,15,15042
synthetic_dataset_with_switching_drifts_abrupt,1500,Base,0.609425,0.609681468866837,0.609425,0.6092069001703346,0,53,0.6094344675095147,1.0,switching_abrupt,synthetic,NB,15,15042
synthetic_dataset_with_switching_drifts_abrupt,1500,KS95,0.62145,0.622516779911936,0.62145,0.6206420649585587,23,53,0.6214684794349566,1.0,switching_abrupt,synthetic,NB,15,15042
synthetic_dataset_with_switching_drifts_abrupt,1500,KS90,0.62145,0.622516779911936,0.62145,0.6206420649585587,23,53,0.6214684794349566,1.0,switching_abrupt,synthetic,NB,15,15042
synthetic_dataset_with_switching_drifts_abrupt,1500,HD,0.615425,0.616192175554856,0.615425,0.6148056288922528,15,53,0.6154410584705694,1.0,switching_abrupt,synthetic,NB,15,15042
synthetic_dataset_with_switching_drifts_abrupt,1500,JS,0.615425,0.616192175554856,0.615425,0.6148056288922528,15,53,0.6154410584705694,1.0,switching_abrupt,synthetic,NB,15,15042
synthetic_dataset_with_switching_drifts_abrupt,2000,Base,0.6077625,0.6079452386173558,0.6077625,0.6076053628275984,0,40,0.6077705222432835,1.0,switching_abrupt,synthetic,NB,15,15042
synthetic_dataset_with_switching_drifts_abrupt,2000,KS95,0.61235,0.6130347172114036,0.61235,0.6117783132310824,20,40,0.6123653679784589,1.0,switching_abrupt,synthetic,NB,15,15042
synthetic_dataset_with_switching_drifts_abrupt,2000,KS90,0.6146125,0.6149273441278348,0.6146125,0.6143590433742809,22,40,0.6146227733396438,1.0,switching_abrupt,synthetic,NB,15,15042
synthetic_dataset_with_switching_drifts_abrupt,2000,HD,0.607575,0.607996469432069,0.607575,0.6072054179455348,12,40,0.6075872872139659,1.0,switching_abrupt,synthetic,NB,15,15042
synthetic_dataset_with_switching_drifts_abrupt,2000,JS,0.607575,0.607996469432069,0.607575,0.6072054179455348,12,40,0.6075872872139659,1.0,switching_abrupt,synthetic,NB,15,15042
synthetic_dataset_with_switching_drifts_abrupt,2500,Base,0.6087,0.60878967166829,0.6087,0.6086254826972798,0,32,0.608705537392886,1.0,switching_abrupt,synthetic,NB,15,15042
synthetic_dataset_with_switching_drifts_abrupt,2500,KS95,0.6090375,0.609417529782621,0.6090375,0.6087104276764532,18,32,0.6090490824478532,1.0,switching_abrupt,synthetic,NB,15,15042
synthetic_dataset_with_switching_drifts_abrupt,2500,KS90,0.6120375,0.6121549382081566,0.6120375,0.6119426238922697,19,32,0.6120437729270037,1.0,switching_abrupt,synthetic,NB,15,15042
synthetic_dataset_with_switching_drifts_abrupt,2500,HD,0.6111125,0.6112911959144114,0.6111125,0.6109476162226952,4,32,0.6111042827766852,1.0,switching_abrupt,synthetic,NB,15,15042
synthetic_dataset_with_switching_drifts_abrupt,2500,JS,0.6111125,0.6112911959144114,0.6111125,0.6109476162226952,4,32,0.6111042827766852,1.0,switching_abrupt,synthetic,NB,15,15042
synthetic_dataset_no_drifts,1000,Base,0.6463625,0.6468446896795107,0.6463625,0.6460808170536546,0,80,0.6463738084198094,1.0,no_drifts,synthetic,NB,15,15042
synthetic_dataset_no_drifts,1000,KS95,0.6463125,0.646693360064888,0.6463125,0.6460906589445055,4,80,0.6463225384116061,1.0,no_drifts,synthetic,NB,15,15042
synthetic_dataset_no_drifts,1000,KS90,0.6450875,0.6454622892128904,0.6450875,0.6448666664614473,7,80,0.6450974982155997,1.0,no_drifts,synthetic,NB,15,15042
synthetic_dataset_no_drifts,1000,HD,0.6453625,0.6459841770430664,0.6453625,0.6449947209562004,3,80,0.6453753982600637,1.0,no_drifts,synthetic,NB,15,15042
synthetic_dataset_no_drifts,1000,JS,0.6453625,0.6459841770430664,0.6453625,0.6449947209562004,3,80,0.6453753982600637,1.0,no_drifts,synthetic,NB,15,15042
synthetic_dataset_no_drifts,1500,Base,0.6466375,0.6470679758731435,0.6466375,0.6463870792241437,0,53,0.6466481684637069,1.0,no_drifts,synthetic,NB,15,15042
synthetic_dataset_no_drifts,1500,KS95,0.6456125,0.6461618477607833,0.6456125,0.6452887393546125,1,53,0.6456246082999373,1.0,no_drifts,synthetic,NB,15,15042
synthetic_dataset_no_drifts,1500,KS90,0.6452625,0.6458195662242495,0.6452625,0.6449330288574052,4,53,0.6452747082439534,1.0,no_drifts,synthetic,NB,15,15042
synthetic_dataset_no_drifts,1500,HD,0.64655,0.6469671682599214,0.64655,0.6463072278059969,5,53,0.6465605034496805,1.0,no_drifts,synthetic,NB,15,15042
synthetic_dataset_no_drifts,1500,JS,0.6463,0.6467347005401056,0.6463000000000001,0.6460462672030657,4,53,0.6463107334097173,1.0,no_drifts,synthetic,NB,15,15042
synthetic_dataset_no_drifts,2000,Base,0.6469125,0.6473193393418909,0.6469125,0.646676646216852,0,40,0.6469228585076574,1.0,no_drifts,synthetic,NB,15,15042
synthetic_dataset_no_drifts,2000,KS95,0.6445625,0.6451415203583041,0.6445625,0.6442175718145854,6,40,0.6445749781319965,1.0,no_drifts,synthetic,NB,15,15042
synthetic_dataset_no_drifts,2000,KS90,0.6447875,0.645439597289529,0.6447875,0.6443993896456041,7,40,0.6448007381681181,1.0,no_drifts,synthetic,NB,15,15042
synthetic_dataset_no_drifts,2000,HD,0.6469125,0.6473193393418909,0.6469125,0.646676646216852,0,40,0.6469228585076574,1.0,no_drifts,synthetic,NB,15,15042
synthetic_dataset_no_drifts,2000,JS,0.647675,0.6479650246398105,0.647675,0.6475090310546049,1,40,0.6476837036293925,1.0,no_drifts,synthetic,NB,15,15042
synthetic_dataset_no_drifts,2500,Base,0.6469375,0.6472875542287854,0.6469375,0.6467350938812954,0,32,0.6469470985115358,1.0,no_drifts,synthetic,NB,15,15042
synthetic_dataset_no_drifts,2500,KS95,0.647625,0.6478042342774388,0.647625,0.6475234484418437,4,32,0.6476318136210901,1.0,no_drifts,synthetic,NB,15,15042
synthetic_dataset_no_drifts,2500,KS90,0.64505,0.6453847557379767,0.64505,0.6448530506594132,5,32,0.6450594432095109,1.0,no_drifts,synthetic,NB,15,15042
synthetic_dataset_no_drifts,2500,HD,0.6451125,0.6456351969415315,0.6451125,0.6448031457594703,4,32,0.6451243282198924,1.0,no_drifts,synthetic,NB,15,15042
synthetic_dataset_no_drifts,2500,JS,0.64515,0.6455941794836458,0.64515,0.6448877735349675,1,32,0.6451608932257431,1.0,no_drifts,synthetic,NB,15,15042
synthetic_dataset_with_parallel_drifts_abrupt,1000,Base,0.7402875,0.7410476981714391,0.7402875,0.7400936871706272,0,80,0.7403150528150528,1.0,parallel_abrupt,synthetic,NB,14,14042
synthetic_dataset_with_parallel_drifts_abrupt,1000,KS95,0.746,0.7460023233659479,0.746,0.7459999009399911,6,80,0.7460010460010461,1.0,parallel_abrupt,synthetic,NB,14,14042
synthetic_dataset_with_parallel_drifts_abrupt,1000,KS90,0.7461625,0.7461810272690844,0.7461625,0.74615929650055,8,80,0.7461663336663337,1.0,parallel_abrupt,synthetic,NB,14,14042
synthetic_dataset_with_parallel_drifts_abrupt,1000,HD,0.7425,0.7434288977380954,0.7425,0.7422661738862659,4,80,0.7425303675303674,1.0,parallel_abrupt,synthetic,NB,14,14042
synthetic_dataset_with_parallel_drifts_abrupt,1000,JS,0.7425,0.7434288977380954,0.7425,0.7422661738862659,4,80,0.7425303675303674,1.0,parallel_abrupt,synthetic,NB,14,14042
synthetic_dataset_with_parallel_drifts_abrupt,1500,Base,0.7398875,0.740468653865058,0.7398875,0.7397399919294421,0,53,0.7399115524115524,1.0,parallel_abrupt,synthetic,NB,14,14042
synthetic_dataset_with_parallel_drifts_abrupt,1500,KS95,0.7426875,0.7429971851996962,0.7426875,0.7426124128810315,9,53,0.7427048302048302,1.0,parallel_abrupt,synthetic,NB,14,14042
synthetic_dataset_with_parallel_drifts_abrupt,1500,KS90,0.743525,0.7436893572932634,0.743525,0.7434867285083059,11,53,0.7435374685374686,1.0,parallel_abrupt,synthetic,NB,14,14042
synthetic_dataset_with_parallel_drifts_abrupt,1500,HD,0.73905,0.7398932390831698,0.73905,0.738832318833706,7,53,0.739079114079114,1.0,parallel_abrupt,synthetic,NB,14,14042
synthetic_dataset_with_parallel_drifts_abrupt,1500,JS,0.7359625,0.738634480974957,0.7359625,0.7352429091415014,4,53,0.7360148735148735,1.0,parallel_abrupt,synthetic,NB,14,14042
synthetic_dataset_with_parallel_drifts_abrupt,2000,Base,0.7395375,0.7398433941392817,0.7395375,0.739461493670248,0,40,0.739554827054827,1.0,parallel_abrupt,synthetic,NB,14,14042
synthetic_dataset_with_parallel_drifts_abrupt,2000,KS95,0.7392375,0.7401942102434377,0.7392375,0.7389901693144911,7,40,0.7392685267685268,1.0,parallel_abrupt,synthetic,NB,14,14042
synthetic_dataset_with_parallel_drifts_abrupt,2000,KS90,0.7386625,0.7392244233023404,0.7386625,0.7385186260785136,8,40,0.7386862011862012,1.0,parallel_abrupt,synthetic,NB,14,14042
synthetic_dataset_with_parallel_drifts_abrupt,2000,HD,0.739825,0.7402364829665218,0.739825,0.7397217351402716,4,40,0.7398451648451647,1.0,parallel_abrupt,synthetic,NB,14,14042
synthetic_dataset_with_parallel_drifts_abrupt,2000,JS,0.739825,0.7402364829665218,0.739825,0.7397217351402716,4,40,0.7398451648451647,1.0,parallel_abrupt,synthetic,NB,14,14042
synthetic_dataset_with_parallel_drifts_abrupt,2500,Base,0.739925,0.7401730301234863,0.739925,0.7398641707379585,0,32,0.7399405399405399,1.0,parallel_abrupt,synthetic,NB,14,14042
synthetic_dataset_with_parallel_drifts_abrupt,2500,KS95,0.736625,0.7367619347919885,0.736625,0.7365917286003864,8,32,0.7366364866364866,1.0,parallel_abrupt,synthetic,NB,14,14042
synthetic_dataset_with_parallel_drifts_abrupt,2500,KS90,0.736625,0.7367619347919885,0.736625,0.7365917286003864,8,32,0.7366364866364866,1.0,parallel_abrupt,synthetic,NB,14,14042
synthetic_dataset_with_parallel_drifts_abrupt,2500,HD,0.724325,0.7290602904995449,0.724325,0.7229244932722866,4,32,0.7243963243963243,1.0,parallel_abrupt,synthetic,NB,14,14042
synthetic_dataset_with_parallel_drifts_abrupt,2500,JS,0.724325,0.7290602904995449,0.724325,0.7229244932722866,4,32,0.7243963243963243,1.0,parallel_abrupt,synthetic,NB,14,14042
synthetic_dataset_with_switching_drifts_incremental,1000,Base,0.7510875,0.751449223604193,0.7510875,0.750990799641238,0,80,0.7510680385680385,1.0,switching_incremental,synthetic,NB,14,14042
synthetic_dataset_with_switching_drifts_incremental,1000,KS95,0.751225,0.7513063133563112,0.751225,0.751208128931994,30,80,0.7512335012335012,1.0,switching_incremental,synthetic,NB,14,14042
synthetic_dataset_with_switching_drifts_incremental,1000,KS90,0.75125,0.7513326833873203,0.75125,0.7512328213614224,33,80,0.7512585762585763,1.0,switching_incremental,synthetic,NB,14,14042
synthetic_dataset_with_switching_drifts_incremental,1000,HD,0.7507125,0.750812547082221,0.7507125,0.7506838173701379,17,80,0.7507020132020132,1.0,switching_incremental,synthetic,NB,14,14042
synthetic_dataset_with_switching_drifts_incremental,1000,JS,0.751375,0.7513802704723643,0.751375,0.7513727492938229,14,80,0.7513722013722014,1.0,switching_incremental,synthetic,NB,14,14042
synthetic_dataset_with_switching_drifts_incremental,1500,Base,0.751575,0.7518827571521092,0.751575,0.7514925186671655,0,53,0.7515570265570265,1.0,switching_incremental,synthetic,NB,14,14042
synthetic_dataset_with_switching_drifts_incremental,1500,KS95,0.75085,0.750855354289753,0.75085,0.7508494442391391,25,53,0.7508518258518259,1.0,switching_incremental,synthetic,NB,14,14042
synthetic_dataset_with_switching_drifts_incremental,1500,KS90,0.7506875,0.750693389124698,0.7506875,0.7506868523709128,26,53,0.7506894381894382,1.0,switching_incremental,synthetic,NB,14,14042
synthetic_dataset_with_switching_drifts_incremental,1500,HD,0.74975,0.7497505381118763,0.74975,0.7497500624061079,13,53,0.7497502747502748,1.0,switching_incremental,synthetic,NB,14,14042
synthetic_dataset_with_switching_drifts_incremental,1500,JS,0.7501125,0.7501133639745389,0.7501125,0.7501125511878969,12,53,0.7501129626129626,1.0,switching_incremental,synthetic,NB,14,14042
synthetic_dataset_with_switching_drifts_incremental,2000,Base,0.751525,0.7519141842075993,0.751525,0.7514216116016637,0,40,0.7515048515048515,1.0,switching_incremental,synthetic,NB,14,14042
synthetic_dataset_with_switching_drifts_incremental,2000,KS95,0.7511125,0.7511124827459252,0.7511125,0.7511124903167103,18,40,0.7511122136122136,1.0,switching_incremental,synthetic,NB,14,14042
synthetic_dataset_with_switching_drifts_incremental,2000,KS90,0.7510125,0.7510125874544288,0.7510125,0.7510125295283833,21,40,0.7510123885123885,1.0,switching_incremental,synthetic,NB,14,14042
synthetic_dataset_with_switching_drifts_incremental,2000,HD,0.750225,0.7502344051217237,0.750225,0.7502214080122002,13,40,0.7502214252214252,1.0,switching_incremental,synthetic,NB,14,14042
synthetic_dataset_with_switching_drifts_incremental,2000,JS,0.750225,0.7502344051217237,0.750225,0.7502214080122002,13,40,0.7502214252214252,1.0,switching_incremental,synthetic,NB,14,14042
synthetic_dataset_with_switching_drifts_incremental,2500,Base,0.75125,0.7516328150999678,0.75125,0.7511480152298075,0,32,0.7512300012300013,1.0,switching_incremental,synthetic,NB,14,14042
synthetic_dataset_with_switching_drifts_incremental,2500,KS95,0.7507125,0.7507152050886425,0.7507125,0.7507123547510554,18,32,0.7507136632136632,1.0,switching_incremental,synthetic,NB,14,14042
synthetic_dataset_with_switching_drifts_incremental,2500,KS90,0.7507125,0.7507152050886425,0.7507125,0.7507123547510554,18,32,0.7507136632136632,1.0,switching_incremental,synthetic,NB,14,14042
synthetic_dataset_with_switching_drifts_incremental,2500,HD,0.7503125,0.7503396522301451,0.7503125,0.7503036853119912,9,32,0.7503067878067878,1.0,switching_incremental,synthetic,NB,14,14042
synthetic_dataset_with_switching_drifts_incremental,2500,JS,0.749975,0.7500970946678462,0.749975,0.7499402437669795,10,32,0.74996344996345,1.0,switching_incremental,synthetic,NB,14,14042
synthetic_dataset_with_parallel_drifts_incremental,1000,Base,0.7532375,0.7532441883688541,0.7532375,0.7532367285187976,0,80,0.7532395907395907,1.0,parallel_incremental,synthetic,NB,14,14042
synthetic_dataset_with_parallel_drifts_incremental,1000,KS95,0.7538375,0.7538673797892393,0.7538375,0.7538321526028634,10,80,0.7538424413424414,1.0,parallel_incremental,synthetic,NB,14,14042
synthetic_dataset_with_parallel_drifts_incremental,1000,KS90,0.7534875,0.7535386425315912,0.7534875,0.7534775821145998,11,80,0.753494115994116,1.0,parallel_incremental,synthetic,NB,14,14042
synthetic_dataset_with_parallel_drifts_incremental,1000,HD,0.75155,0.7519753991218869,0.75155,0.7514526235027286,4,80,0.7515700515700515,1.0,parallel_incremental,synthetic,NB,14,14042
synthetic_dataset_with_parallel_drifts_incremental,1000,JS,0.7519875,0.752246800051559,0.7519875,0.7519295869191668,4,80,0.7520030395030395,1.0,parallel_incremental,synthetic,NB,14,14042
synthetic_dataset_with_parallel_drifts_incremental,1500,Base,0.7534375,0.7534415182777674,0.7534375,0.7534371686429225,0,53,0.753439015939016,1.0,parallel_incremental,synthetic,NB,14,14042
synthetic_dataset_with_parallel_drifts_incremental,1500,KS95,0.7523125,0.752382956484865,0.7523125,0.7522982076695335,10,53,0.7523203648203648,1.0,parallel_incremental,synthetic,NB,14,14042
synthetic_dataset_with_parallel_drifts_incremental,1500,KS90,0.7520125,0.7520292490041451,0.7520125,0.7520097996656199,11,53,0.7520160895160896,1.0,parallel_incremental,synthetic,NB,14,14042
synthetic_dataset_with_parallel_drifts_incremental,1500,HD,0.7511375,0.751270010281848,0.7511375,0.7511088668849469,6,53,0.7511484886484886,1.0,parallel_incremental,synthetic,NB,14,14042
synthetic_dataset_with_parallel_drifts_incremental,1500,JS,0.7511375,0.751270010281848,0.7511375,0.7511088668849469,6,53,0.7511484886484886,1.0,parallel_incremental,synthetic,NB,14,14042
synthetic_dataset_with_parallel_drifts_incremental,2000,Base,0.753,0.7530054383481919,0.753,0.7529977261815642,0,40,0.752997177997178,1.0,parallel_incremental,synthetic,NB,14,14042
synthetic_dataset_with_parallel_drifts_incremental,2000,KS95,0.7517375,0.7518932039492016,0.7517375,0.7517036457527874,7,40,0.7517494392494392,1.0,parallel_incremental,synthetic,NB,14,14042
synthetic_dataset_with_parallel_drifts_incremental,2000,KS90,0.7510875,0.7511382233022071,0.7510875,0.7510774855559063,8,40,0.7510941135941136,1.0,parallel_incremental,synthetic,NB,14,14042
synthetic_dataset_with_parallel_drifts_incremental,2000,HD,0.75165,0.7517305325040222,0.75165,0.7516333620470357,4,40,0.7516584516584516,1.0,parallel_incremental,synthetic,NB,14,14042
synthetic_dataset_with_parallel_drifts_incremental,2000,JS,0.75165,0.7517305325040222,0.75165,0.7516333620470357,4,40,0.7516584516584516,1.0,parallel_incremental,synthetic,NB,14,14042
synthetic_dataset_with_parallel_drifts_incremental,2500,Base,0.75355,0.7535598894283588,0.75355,0.7535463609420648,0,32,0.7535463785463785,1.0,parallel_incremental,synthetic,NB,14,14042
synthetic_dataset_with_parallel_drifts_incremental,2500,KS95,0.7524875,0.7524962737920384,0.7524875,0.7524863502623919,8,32,0.752489964989965,1.0,parallel_incremental,synthetic,NB,14,14042
synthetic_dataset_with_parallel_drifts_incremental,2500,KS90,0.7524875,0.7524962737920384,0.7524875,0.7524863502623919,8,32,0.752489964989965,1.0,parallel_incremental,synthetic,NB,14,14042
synthetic_dataset_with_parallel_drifts_incremental,2500,HD,0.7541375,0.7541989727316799,0.7541375,0.7541253842617549,2,32,0.7541447916447916,1.0,parallel_incremental,synthetic,NB,14,14042
synthetic_dataset_with_parallel_drifts_incremental,2500,JS,0.7541375,0.7541989727316799,0.7541375,0.7541253842617549,2,32,0.7541447916447916,1.0,parallel_incremental,synthetic,NB,14,14042
synthetic_dataset_with_switching_drifts_abrupt,1000,Base,0.7340125,0.7349692467938481,0.7340125,0.7337280528332223,0,80,0.7339800464800464,1.0,switching_abrupt,synthetic,NB,14,14042
synthetic_dataset_with_switching_drifts_abrupt,1000,KS95,0.7415625,0.7418355874298606,0.7415625,0.7414960780857734,22,80,0.741578779078779,1.0,switching_abrupt,synthetic,NB,14,14042
synthetic_dataset_with_switching_drifts_abrupt,1000,KS90,0.74155,0.7417608038702344,0.74155,0.7414993991905025,25,80,0.7415642415642416,1.0,switching_abrupt,synthetic,NB,14,14042
synthetic_dataset_with_switching_drifts_abrupt,1000,HD,0.7388625,0.7388633168766533,0.7388625000000001,0.7388617769311241,16,80,0.7388610013610014,1.0,switching_abrupt,synthetic,NB,14,14042
synthetic_dataset_with_switching_drifts_abrupt,1000,JS,0.7393625,0.7393713927762954,0.7393625,0.7393612013287822,15,80,0.7393650268650269,1.0,switching_abrupt,synthetic,NB,14,14042
synthetic_dataset_with_switching_drifts_abrupt,1500,Base,0.7329625,0.7337612458408026,0.7329625,0.7327218086027883,0,53,0.7329327204327205,1.0,switching_abrupt,synthetic,NB,14,14042
synthetic_dataset_with_switching_drifts_abrupt,1500,KS95,0.7387875,0.7388860782271914,0.7387875,0.7387645440975151,25,53,0.7387971262971263,1.0,switching_abrupt,synthetic,NB,14,14042
synthetic_dataset_with_switching_drifts_abrupt,1500,KS90,0.7385875,0.7386590416694938,0.7385875,0.7385713013030766,27,53,0.738595626095626,1.0,switching_abrupt,synthetic,NB,14,14042
synthetic_dataset_with_switching_drifts_abrupt,1500,HD,0.7337625,0.7338459025983606,0.7337625,0.7337425870618448,13,53,0.7337713962713962,1.0,switching_abrupt,synthetic,NB,14,14042
synthetic_dataset_with_switching_drifts_abrupt,1500,JS,0.7337625,0.7338459025983606,0.7337625,0.7337425870618448,13,53,0.7337713962713962,1.0,switching_abrupt,synthetic,NB,14,14042
synthetic_dataset_with_switching_drifts_abrupt,2000,Base,0.732575,0.733517458692614,0.732575,0.7322914196446564,0,40,0.7325426825426826,1.0,switching_abrupt,synthetic,NB,14,14042
synthetic_dataset_with_switching_drifts_abrupt,2000,KS95,0.7313625,0.7316139450946079,0.7313625,0.7312964408630332,18,40,0.7313784188784188,1.0,switching_abrupt,synthetic,NB,14,14042
synthetic_dataset_with_switching_drifts_abrupt,2000,KS90,0.7310625,0.7312610334272204,0.7310625,0.7310108765914601,21,40,0.7310765935765937,1.0,switching_abrupt,synthetic,NB,14,14042
synthetic_dataset_with_switching_drifts_abrupt,2000,HD,0.7311875,0.7311953510661003,0.7311875,0.7311863390209006,13,40,0.7311898686898687,1.0,switching_abrupt,synthetic,NB,14,14042
synthetic_dataset_with_switching_drifts_abrupt,2000,JS,0.7311875,0.7311953510661003,0.7311875,0.7311863390209006,13,40,0.7311898686898687,1.0,switching_abrupt,synthetic,NB,14,14042
synthetic_dataset_with_switching_drifts_abrupt,2500,Base,0.7325125,0.7333178795914719,0.7325125,0.7322689841044646,0,32,0.73248256998257,1.0,switching_abrupt,synthetic,NB,14,14042
synthetic_dataset_with_switching_drifts_abrupt,2500,KS95,0.7283,0.7285208551241718,0.7283,0.728240944201732,16,32,0.7283149783149784,1.0,switching_abrupt,synthetic,NB,14,14042
synthetic_dataset_with_switching_drifts_abrupt,2500,KS90,0.7283,0.7285208551241718,0.7283,0.728240944201732,16,32,0.7283149783149784,1.0,switching_abrupt,synthetic,NB,14,14042
synthetic_dataset_with_switching_drifts_abrupt,2500,HD,0.732125,0.7321249296638471,0.732125,0.732124861876692,4,32,0.7321243571243571,1.0,switching_abrupt,synthetic,NB,14,14042
synthetic_dataset_with_switching_drifts_abrupt,2500,JS,0.731775,0.7317771910959516,0.731775,0.7317749059536023,7,32,0.7317760067760068,1.0,switching_abrupt,synthetic,NB,14,14042
synthetic_dataset_no_drifts,1000,Base,0.7565875,0.7566573264822848,0.7565875,0.7565678974059227,0,80,0.7565787690787691,1.0,no_drifts,synthetic,NB,14,14042
synthetic_dataset_no_drifts,1000,KS95,0.7564625,0.7564665461128239,0.7564625,0.7564607358186906,1,80,0.756460018960019,1.0,no_drifts,synthetic,NB,14,14042
synthetic_dataset_no_drifts,1000,KS90,0.7558875,0.7558968022629261,0.7558875,0.7558841052107247,6,80,0.7558839933839935,1.0,no_drifts,synthetic,NB,14,14042
synthetic_dataset_no_drifts,1000,HD,0.7565875,0.7566692335155832,0.7565875,0.7565648325702842,5,80,0.7565780940780942,1.0,no_drifts,synthetic,NB,14,14042
synthetic_dataset_no_drifts,1000,JS,0.7562375,0.7562913248122117,0.7562375,0.7562220077390109,3,80,0.7562297687297687,1.0,no_drifts,synthetic,NB,14,14042
synthetic_dataset_no_drifts,1500,Base,0.7564375,0.7564951570504994,0.7564375,0.7564210323574736,0,53,0.7564295189295189,1.0,no_drifts,synthetic,NB,14,14042
synthetic_dataset_no_drifts,1500,KS95,0.7564375,0.7564924945015782,0.7564375,0.7564217272203054,2,53,0.756429693929694,1.0,no_drifts,synthetic,NB,14,14042
synthetic_dataset_no_drifts,1500,KS90,0.7564375,0.7564924945015782,0.7564375,0.7564217272203054,2,53,0.756429693929694,1.0,no_drifts,synthetic,NB,14,14042
synthetic_dataset_no_drifts,1500,HD,0.756275,0.7563882803794421,0.756275,0.7562442102350256,2,53,0.7562640062640062,1.0,no_drifts,synthetic,NB,14,14042
synthetic_dataset_no_drifts,1500,JS,0.75645,0.7565462544465987,0.75645,0.7564235885689284,4,53,0.7564398314398315,1.0,no_drifts,synthetic,NB,14,14042
synthetic_dataset_no_drifts,2000,Base,0.7564375,0.7565354975786017,0.7564375,0.7564106408944449,0,40,0.7564272439272439,1.0,no_drifts,synthetic,NB,14,14042
synthetic_dataset_no_drifts,2000,KS95,0.7558375,0.7559122578847206,0.7558375,0.7558164981437547,2,40,0.7558284683284684,1.0,no_drifts,synthetic,NB,14,14042
synthetic_dataset_no_drifts,2000,KS90,0.7558625,0.7559372660489282,0.7558625,0.7558415002941521,3,40,0.7558534683534683,1.0,no_drifts,synthetic,NB,14,14042
synthetic_dataset_no_drifts,2000,HD,0.7564375,0.7565354975786017,0.7564375,0.7564106408944449,0,40,0.7564272439272439,1.0,no_drifts,synthetic,NB,14,14042
synthetic_dataset_no_drifts,2000,JS,0.7564375,0.7565354975786017,0.7564375,0.7564106408944449,0,40,0.7564272439272439,1.0,no_drifts,synthetic,NB,14,14042
synthetic_dataset_no_drifts,2500,Base,0.75645,0.7565442755588445,0.75645,0.7564240940518561,0,32,0.7564399314399315,1.0,no_drifts,synthetic,NB,14,14042
synthetic_dataset_no_drifts,2500,KS95,0.756475,0.7565804252461681,0.756475,0.7564462565257858,2,32,0.7564643814643814,1.0,no_drifts,synthetic,NB,14,14042
synthetic_dataset_no_drifts,2500,KS90,0.756475,0.7565804252461681,0.756475,0.7564462565257858,2,32,0.7564643814643814,1.0,no_drifts,synthetic,NB,14,14042
synthetic_dataset_no_drifts,2500,HD,0.75645,0.7565442755588445,0.75645,0.7564240940518561,0,32,0.7564399314399315,1.0,no_drifts,synthetic,NB,14,14042
synthetic_dataset_no_drifts,2500,JS,0.7561125,0.7562123753474143,0.7561125,0.7560850897192487,1,32,0.7561021436021436,1.0,no_drifts,synthetic,NB,14,14042
synthetic_dataset_with_parallel_drifts_abrupt,1000,Base,0.6350875,0.6367306801767764,0.6350875,0.6339878493773584,0,80,0.6350874999999999,1.0,parallel_abrupt,synthetic,NB,13,13042
synthetic_dataset_with_parallel_drifts_abrupt,1000,KS95,0.623325,0.623325007707813,0.623325,0.623324994114453,9,80,0.623325,1.0,parallel_abrupt,synthetic,NB,13,13042
synthetic_dataset_with_parallel_drifts_abrupt,1000,KS90,0.6205625,0.6206220813524729,0.6205625,0.6205156383655983,13,80,0.6205625,1.0,parallel_abrupt,synthetic,NB,13,13042
synthetic_dataset_with_parallel_drifts_abrupt,1000,HD,0.6278625,0.6283451748382144,0.6278625,0.627512291188461,4,80,0.6278625,1.0,parallel_abrupt,synthetic,NB,13,13042
synthetic_dataset_with_parallel_drifts_abrupt,1000,JS,0.6278625,0.6283451748382144,0.6278625,0.627512291188461,4,80,0.6278625,1.0,parallel_abrupt,synthetic,NB,13,13042
synthetic_dataset_with_parallel_drifts_abrupt,1500,Base,0.63465,0.6359841270116591,0.63465,0.6337516933932729,0,53,0.63465,1.0,parallel_abrupt,synthetic,NB,13,13042
synthetic_dataset_with_parallel_drifts_abrupt,1500,KS95,0.62625,0.6262500912156909,0.62625,0.626249932491394,9,53,0.6262500000000001,1.0,parallel_abrupt,synthetic,NB,13,13042
synthetic_dataset_with_parallel_drifts_abrupt,1500,KS90,0.62775,0.6277511497603478,0.62775,0.6277491624356155,10,53,0.62775,1.0,parallel_abrupt,synthetic,NB,13,13042
synthetic_dataset_with_parallel_drifts_abrupt,1500,HD,0.62925,0.6302085484586754,0.62925,0.628566409906456,9,53,0.62925,1.0,parallel_abrupt,synthetic,NB,13,13042
synthetic_dataset_with_parallel_drifts_abrupt,1500,JS,0.62925,0.6302085484586754,0.62925,0.628566409906456,9,53,0.62925,1.0,parallel_abrupt,synthetic,NB,13,13042
synthetic_dataset_with_parallel_drifts_abrupt,2000,Base,0.6356875,0.636995834277241,0.6356875,0.6348156062259873,0,40,0.6356875000000001,1.0,parallel_abrupt,synthetic,NB,13,13042
synthetic_dataset_with_parallel_drifts_abrupt,2000,KS95,0.624975,0.6256981695371902,0.624975,0.624434822492637,9,40,0.6249750000000001,1.0,parallel_abrupt,synthetic,NB,13,13042
synthetic_dataset_with_parallel_drifts_abrupt,2000,KS90,0.624975,0.6256981695371902,0.624975,0.624434822492637,9,40,0.6249750000000001,1.0,parallel_abrupt,synthetic,NB,13,13042
synthetic_dataset_with_parallel_drifts_abrupt,2000,HD,0.6225625,0.622635662059919,0.6225625,0.6225061986280109,5,40,0.6225625,1.0,parallel_abrupt,synthetic,NB,13,13042
synthetic_dataset_with_parallel_drifts_abrupt,2000,JS,0.6277,0.6281856187184168,0.6277,0.6273470601677769,4,40,0.6277,1.0,parallel_abrupt,synthetic,NB,13,13042
synthetic_dataset_with_parallel_drifts_abrupt,2500,Base,0.6338625,0.6346365836975562,0.6338625,0.6333354719333082,0,32,0.6338625,1.0,parallel_abrupt,synthetic,NB,13,13042
synthetic_dataset_with_parallel_drifts_abrupt,2500,KS95,0.6211375,0.621152226128806,0.6211375,0.621125986906728,7,32,0.6211375,1.0,parallel_abrupt,synthetic,NB,13,13042
synthetic_dataset_with_parallel_drifts_abrupt,2500,KS90,0.6211375,0.621152226128806,0.6211375,0.621125986906728,7,32,0.6211375,1.0,parallel_abrupt,synthetic,NB,13,13042
synthetic_dataset_with_parallel_drifts_abrupt,2500,HD,0.6290875,0.6342624453162741,0.6290875,0.6254786586431829,4,32,0.6290874999999999,1.0,parallel_abrupt,synthetic,NB,13,13042
synthetic_dataset_with_parallel_drifts_abrupt,2500,JS,0.6290875,0.6342624453162741,0.6290875,0.6254786586431829,4,32,0.6290874999999999,1.0,parallel_abrupt,synthetic,NB,13,13042
synthetic_dataset_with_switching_drifts_incremental,1000,Base,0.6232375,0.6235902550910324,0.6232375,0.6229684662624538,0,80,0.6232375,1.0,switching_incremental,synthetic,NB,13,13042
synthetic_dataset_with_switching_drifts_incremental,1000,KS95,0.625925,0.6265099821574962,0.625925,0.6254920688315693,29,80,0.6259250000000001,1.0,switching_incremental,synthetic,NB,13,13042
synthetic_dataset_with_switching_drifts_incremental,1000,KS90,0.6241375,0.6246901555259581,0.6241375,0.6237205606863792,35,80,0.6241375,1.0,switching_incremental,synthetic,NB,13,13042
synthetic_dataset_with_switching_drifts_incremental,1000,HD,0.62225,0.622258220642756,0.62225,0.6222436499157551,17,80,0.62225,1.0,switching_incremental,synthetic,NB,13,13042
synthetic_dataset_with_switching_drifts_incremental,1000,JS,0.6238,0.6238000523055222,0.6238,0.6237999602638707,15,80,0.6238,1.0,switching_incremental,synthetic,NB,13,13042
synthetic_dataset_with_switching_drifts_incremental,1500,Base,0.6237125,0.6239860939917983,0.6237125,0.6235048016588177,0,53,0.6237125,1.0,switching_incremental,synthetic,NB,13,13042
synthetic_dataset_with_switching_drifts_incremental,1500,KS95,0.62625,0.6263476465151326,0.62625,0.6261777738076774,26,53,0.62625,1.0,switching_incremental,synthetic,NB,13,13042
synthetic_dataset_with_switching_drifts_incremental,1500,KS90,0.6264125,0.6265231673631062,0.6264125,0.6263307896953969,27,53,0.6264125,1.0,switching_incremental,synthetic,NB,13,13042
synthetic_dataset_with_switching_drifts_incremental,1500,HD,0.623625,0.6236349034648547,0.623625,0.6236174627044515,13,53,0.623625,1.0,switching_incremental,synthetic,NB,13,13042
synthetic_dataset_with_switching_drifts_incremental,1500,JS,0.623625,0.6236349034648547,0.623625,0.6236174627044515,13,53,0.623625,1.0,switching_incremental,synthetic,NB,13,13042
synthetic_dataset_with_switching_drifts_incremental,2000,Base,0.624925,0.6251441803331796,0.624925,0.6247606993614944,0,40,0.624925,1.0,switching_incremental,synthetic,NB,13,13042
synthetic_dataset_with_switching_drifts_incremental,2000,KS95,0.6271625,0.6272858101173919,0.6271625,0.6270721800868655,18,40,0.6271625000000001,1.0,switching_incremental,synthetic,NB,13,13042
synthetic_dataset_with_switching_drifts_incremental,2000,KS90,0.6271625,0.6272858101173919,0.6271625,0.6270721800868655,18,40,0.6271625000000001,1.0,switching_incremental,synthetic,NB,13,13042
synthetic_dataset_with_switching_drifts_incremental,2000,HD,0.625875,0.6259621267434472,0.625875,0.6258102941805954,12,40,0.625875,1.0,switching_incremental,synthetic,NB,13,13042
synthetic_dataset_with_switching_drifts_incremental,2000,JS,0.6263375,0.6264007813661837,0.6263375,0.6262907264889352,11,40,0.6263375,1.0,switching_incremental,synthetic,NB,13,13042
synthetic_dataset_with_switching_drifts_incremental,2500,Base,0.6248125,0.625138944411245,0.6248125,0.6245676565763802,0,32,0.6248125,1.0,switching_incremental,synthetic,NB,13,13042
synthetic_dataset_with_switching_drifts_incremental,2500,KS95,0.629575,0.6297111655931931,0.629575,0.6294777601433721,18,32,0.629575,1.0,switching_incremental,synthetic,NB,13,13042
synthetic_dataset_with_switching_drifts_incremental,2500,KS90,0.629575,0.6297111655931931,0.629575,0.6294777601433721,18,32,0.629575,1.0,switching_incremental,synthetic,NB,13,13042
synthetic_dataset_with_switching_drifts_incremental,2500,HD,0.627175,0.627176741049585,0.627175,0.6271737240020704,9,32,0.6271749999999999,1.0,switching_incremental,synthetic,NB,13,13042
synthetic_dataset_with_switching_drifts_incremental,2500,JS,0.627175,0.627176741049585,0.627175,0.6271737240020704,9,32,0.6271749999999999,1.0,switching_incremental,synthetic,NB,13,13042
synthetic_dataset_with_parallel_drifts_incremental,1000,Base,0.633,0.6330655800404671,0.633,0.632954776357995,0,80,0.633,1.0,parallel_incremental,synthetic,NB,13,13042
synthetic_dataset_with_parallel_drifts_incremental,1000,KS95,0.6267625,0.6267901783751832,0.6267625,0.6267421293933901,13,80,0.6267625,1.0,parallel_incremental,synthetic,NB,13,13042
synthetic_dataset_with_parallel_drifts_incremental,1000,KS90,0.6239375,0.6239390400200342,0.6239375,0.6239363317934707,17,80,0.6239375,1.0,parallel_incremental,synthetic,NB,13,13042
synthetic_dataset_with_parallel_drifts_incremental,1000,HD,0.632175,0.6323815483107519,0.632175,0.632031469274984,7,80,0.6321749999999999,1.0,parallel_incremental,synthetic,NB,13,13042
synthetic_dataset_with_parallel_drifts_incremental,1000,JS,0.6319,0.6320636321227454,0.6319,0.631785942013398,6,80,0.6318999999999999,1.0,parallel_incremental,synthetic,NB,13,13042
synthetic_dataset_with_parallel_drifts_incremental,1500,Base,0.63295,0.6330045401742552,0.63295,0.6329123677819535,0,53,0.6329500000000001,1.0,parallel_incremental,synthetic,NB,13,13042
synthetic_dataset_with_parallel_drifts_incremental,1500,KS95,0.6297625,0.6297707535010294,0.6297625,0.6297566130722974,10,53,0.6297625,1.0,parallel_incremental,synthetic,NB,13,13042
synthetic_dataset_with_parallel_drifts_incremental,1500,KS90,0.6312625,0.6312647335514818,0.6312625,0.6312609314185715,11,53,0.6312625000000001,1.0,parallel_incremental,synthetic,NB,13,13042
synthetic_dataset_with_parallel_drifts_incremental,1500,HD,0.63,0.6300393707198791,0.63,0.6299719925801184,8,53,0.63,1.0,parallel_incremental,synthetic,NB,13,13042
synthetic_dataset_with_parallel_drifts_incremental,1500,JS,0.63,0.6300393707198791,0.63,0.6299719925801184,8,53,0.63,1.0,parallel_incremental,synthetic,NB,13,13042
synthetic_dataset_with_parallel_drifts_incremental,2000,Base,0.6336,0.6336564434502101,0.6336,0.6335613130065965,0,40,0.6335999999999999,1.0,parallel_incremental,synthetic,NB,13,13042
synthetic_dataset_with_parallel_drifts_incremental,2000,KS95,0.6288625,0.6289488332586921,0.6288625,0.6288003690117648,9,40,0.6288624999999999,1.0,parallel_incremental,synthetic,NB,13,13042
synthetic_dataset_with_parallel_drifts_incremental,2000,KS90,0.6288625,0.6289488332586921,0.6288625,0.6288003690117648,9,40,0.6288624999999999,1.0,parallel_incremental,synthetic,NB,13,13042
synthetic_dataset_with_parallel_drifts_incremental,2000,HD,0.6309625,0.6310368805464026,0.6309625,0.6309101233206549,5,40,0.6309625,1.0,parallel_incremental,synthetic,NB,13,13042
synthetic_dataset_with_parallel_drifts_incremental,2000,JS,0.6300625,0.6301043032444692,0.6300625,0.6300327818629369,4,40,0.6300625,1.0,parallel_incremental,synthetic,NB,13,13042
synthetic_dataset_with_parallel_drifts_incremental,2500,Base,0.6325,0.6325015771000214,0.6325,0.6324989064545585,0,32,0.6325000000000001,1.0,parallel_incremental,synthetic,NB,13,13042
synthetic_dataset_with_parallel_drifts_incremental,2500,KS95,0.6280125,0.6280352333758841,0.6280125,0.6279959871487489,7,32,0.6280125000000001,1.0,parallel_incremental,synthetic,NB,13,13042
synthetic_dataset_with_parallel_drifts_incremental,2500,KS90,0.6280125,0.6280352333758841,0.6280125,0.6279959871487489,7,32,0.6280125000000001,1.0,parallel_incremental,synthetic,NB,13,13042
synthetic_dataset_with_parallel_drifts_incremental,2500,HD,0.6327,0.6328227494721522,0.6327,0.6326151193971856,2,32,0.6326999999999999,1.0,parallel_incremental,synthetic,NB,13,13042
synthetic_dataset_with_parallel_drifts_incremental,2500,JS,0.6327,0.6328227494721522,0.6327,0.6326151193971856,2,32,0.6326999999999999,1.0,parallel_incremental,synthetic,NB,13,13042
synthetic_dataset_with_switching_drifts_abrupt,1000,Base,0.607325,0.6083212095835097,0.607325,0.6064200800641337,0,80,0.6073249999999999,1.0,switching_abrupt,synthetic,NB,13,13042
synthetic_dataset_with_switching_drifts_abrupt,1000,KS95,0.6178375,0.6187587359344083,0.6178375,0.6170949316625128,21,80,0.6178375,1.0,switching_abrupt,synthetic,NB,13,13042
synthetic_dataset_with_switching_drifts_abrupt,1000,KS90,0.6163125,0.6171286613702831,0.6163125,0.6156429427395016,26,80,0.6163124999999999,1.0,switching_abrupt,synthetic,NB,13,13042
synthetic_dataset_with_switching_drifts_abrupt,1000,HD,0.6101,0.6101608363218587,0.6101,0.6100461619982409,20,80,0.6101,1.0,switching_abrupt,synthetic,NB,13,13042
synthetic_dataset_with_switching_drifts_abrupt,1000,JS,0.6116,0.6116100728090711,0.6116,0.6115912365272741,21,80,0.6115999999999999,1.0,switching_abrupt,synthetic,NB,13,13042
synthetic_dataset_with_switching_drifts_abrupt,1500,Base,0.6061875,0.6069580003663579,0.6061875,0.6054769871704768,0,53,0.6061875,1.0,switching_abrupt,synthetic,NB,13,13042
synthetic_dataset_with_switching_drifts_abrupt,1500,KS95,0.6170875,0.6175947101653555,0.6170875,0.6166741592068207,25,53,0.6170874999999999,1.0,switching_abrupt,synthetic,NB,13,13042
synthetic_dataset_with_switching_drifts_abrupt,1500,KS90,0.617225,0.6177575659518652,0.617225,0.6167917291611535,26,53,0.617225,1.0,switching_abrupt,synthetic,NB,13,13042
synthetic_dataset_with_switching_drifts_abrupt,1500,HD,0.608975,0.6090297067456567,0.608975,0.608925943670374,14,53,0.6089749999999999,1.0,switching_abrupt,synthetic,NB,13,13042
synthetic_dataset_with_switching_drifts_abrupt,1500,JS,0.608975,0.6090297067456567,0.608975,0.608925943670374,14,53,0.6089749999999999,1.0,switching_abrupt,synthetic,NB,13,13042
synthetic_dataset_with_switching_drifts_abrupt,2000,Base,0.60725,0.6078722505598098,0.60725,0.6066827970157532,0,40,0.60725,1.0,switching_abrupt,synthetic,NB,13,13042
synthetic_dataset_with_switching_drifts_abrupt,2000,KS95,0.614075,0.6148749781475089,0.614075,0.613401942204706,18,40,0.6140749999999999,1.0,switching_abrupt,synthetic,NB,13,13042
synthetic_dataset_with_switching_drifts_abrupt,2000,KS90,0.614075,0.6148749781475089,0.614075,0.613401942204706,18,40,0.6140749999999999,1.0,switching_abrupt,synthetic,NB,13,13042
synthetic_dataset_with_switching_drifts_abrupt,2000,HD,0.6130625,0.6134014974041485,0.6130625,0.6127731102797659,12,40,0.6130625000000001,1.0,switching_abrupt,synthetic,NB,13,13042
synthetic_dataset_with_switching_drifts_abrupt,2000,JS,0.6100375,0.6102019091951854,0.6100375,0.6098920003831585,13,40,0.6100375,1.0,switching_abrupt,synthetic,NB,13,13042
synthetic_dataset_with_switching_drifts_abrupt,2500,Base,0.605725,0.6064258485349387,0.605725,0.6050748225858396,0,32,0.6057250000000001,1.0,switching_abrupt,synthetic,NB,13,13042
synthetic_dataset_with_switching_drifts_abrupt,2500,KS95,0.61305,0.6139373512123261,0.61305,0.612295132565216,16,32,0.6130500000000001,1.0,switching_abrupt,synthetic,NB,13,13042
synthetic_dataset_with_switching_drifts_abrupt,2500,KS90,0.61305,0.6139373512123261,0.61305,0.612295132565216,16,32,0.6130500000000001,1.0,switching_abrupt,synthetic,NB,13,13042
synthetic_dataset_with_switching_drifts_abrupt,2500,HD,0.610175,0.6102409022869895,0.610175,0.6101167317018757,11,32,0.610175,1.0,switching_abrupt,synthetic,NB,13,13042
synthetic_dataset_with_switching_drifts_abrupt,2500,JS,0.6146875,0.6157481320369333,0.6146875,0.6138027921346811,7,32,0.6146875,1.0,switching_abrupt,synthetic,NB,13,13042
synthetic_dataset_no_drifts,1000,Base,0.631225,0.6312445344365054,0.631225,0.631211277371631,0,80,0.631225,1.0,no_drifts,synthetic,NB,13,13042
synthetic_dataset_no_drifts,1000,KS95,0.6277375,0.6278146912063445,0.6277375,0.6276812863316388,3,80,0.6277375000000001,1.0,no_drifts,synthetic,NB,13,13042
synthetic_dataset_no_drifts,1000,KS90,0.628725,0.6287862043557579,0.628725,0.6286808835757777,8,80,0.628725,1.0,no_drifts,synthetic,NB,13,13042
synthetic_dataset_no_drifts,1000,HD,0.6296125,0.6296176037741595,0.6296125,0.629608853904282,4,80,0.6296125,1.0,no_drifts,synthetic,NB,13,13042
synthetic_dataset_no_drifts,1000,JS,0.6296125,0.6296176037741595,0.6296125,0.629608853904282,4,80,0.6296125,1.0,no_drifts,synthetic,NB,13,13042
synthetic_dataset_no_drifts,1500,Base,0.63135,0.6313635333996197,0.63135,0.6313405049442926,0,53,0.6313500000000001,1.0,no_drifts,synthetic,NB,13,13042
synthetic_dataset_no_drifts,1500,KS95,0.6316625,0.6316726388754887,0.6316625,0.6316554093090754,2,53,0.6316625,1.0,no_drifts,synthetic,NB,13,13042
synthetic_dataset_no_drifts,1500,KS90,0.6316625,0.6316726388754887,0.6316625,0.6316554093090754,2,53,0.6316625,1.0,no_drifts,synthetic,NB,13,13042
synthetic_dataset_no_drifts,1500,HD,0.6326,0.6326856034439179,0.6326,0.6325407324947441,2,53,0.6326,1.0,no_drifts,synthetic,NB,13,13042
synthetic_dataset_no_drifts,1500,JS,0.6320125,0.6320137080079369,0.6320125,0.6320116581691699,3,53,0.6320125000000001,1.0,no_drifts,synthetic,NB,13,13042
synthetic_dataset_no_drifts,2000,Base,0.6321625,0.6321669845083887,0.6321625,0.6321593797344636,0,40,0.6321625000000001,1.0,no_drifts,synthetic,NB,13,13042
synthetic_dataset_no_drifts,2000,KS95,0.6300125,0.6301365547041554,0.6300125,0.629924304890301,3,40,0.6300125,1.0,no_drifts,synthetic,NB,13,13042
synthetic_dataset_no_drifts,2000,KS90,0.6302625,0.630361624453478,0.6302625,0.6301922013287291,4,40,0.6302625,1.0,no_drifts,synthetic,NB,13,13042
synthetic_dataset_no_drifts,2000,HD,0.6319625,0.6319920993107655,0.6319625,0.6319418656833358,3,40,0.6319625000000001,1.0,no_drifts,synthetic,NB,13,13042
synthetic_dataset_no_drifts,2000,JS,0.6319625,0.6319920993107655,0.6319625,0.6319418656833358,3,40,0.6319625000000001,1.0,no_drifts,synthetic,NB,13,13042
synthetic_dataset_no_drifts,2500,Base,0.6312875,0.6313368026044153,0.6312875,0.631252893948348,0,32,0.6312874999999999,1.0,no_drifts,synthetic,NB,13,13042
synthetic_dataset_no_drifts,2500,KS95,0.63355,0.6335839840995149,0.63355,0.6335266920685697,1,32,0.6335500000000001,1.0,no_drifts,synthetic,NB,13,13042
synthetic_dataset_no_drifts,2500,KS90,0.631425,0.631434054492014,0.631425,0.631418652107736,2,32,0.631425,1.0,no_drifts,synthetic,NB,13,13042
synthetic_dataset_no_drifts,2500,HD,0.6293375,0.6295576833638504,0.6293375,0.6291799477723692,2,32,0.6293375,1.0,no_drifts,synthetic,NB,13,13042
synthetic_dataset_no_drifts,2500,JS,0.6309625,0.6310557534585621,0.6309625,0.6308968406426885,2,32,0.6309625,1.0,no_drifts,synthetic,NB,13,13042
synthetic_dataset_with_parallel_drifts_abrupt,1000,Base,0.8752875,0.8786227809890254,0.8752875,0.8750136073584783,0,80,0.8752968775118752,1.0,parallel_abrupt,synthetic,NB,25,25042
synthetic_dataset_with_parallel_drifts_abrupt,1000,KS95,0.9149875,0.9156674520550274,0.9149875,0.9149530984401052,12,80,0.9149915390996616,1.0,parallel_abrupt,synthetic,NB,25,25042
synthetic_dataset_with_parallel_drifts_abrupt,1000,KS90,0.9146375,0.915366554471806,0.9146375,0.9146004203902236,14,80,0.9146416840856674,1.0,parallel_abrupt,synthetic,NB,25,25042
synthetic_dataset_with_parallel_drifts_abrupt,1000,HD,0.8924,0.8965234120072241,0.8924,0.8921207838474126,4,80,0.8924101906964077,1.0,parallel_abrupt,synthetic,NB,25,25042
synthetic_dataset_with_parallel_drifts_abrupt,1000,JS,0.8924,0.8965234120072241,0.8924,0.8921207838474126,4,80,0.8924101906964077,1.0,parallel_abrupt,synthetic,NB,25,25042
synthetic_dataset_with_parallel_drifts_abrupt,1500,Base,0.8749625,0.8775356384170078,0.8749625,0.8747502859661992,0,53,0.87497074749883,1.0,parallel_abrupt,synthetic,NB,25,25042
synthetic_dataset_with_parallel_drifts_abrupt,1500,KS95,0.898675,0.9005011018008757,0.898675,0.8985601391482756,14,53,0.8986817459472698,1.0,parallel_abrupt,synthetic,NB,25,25042
synthetic_dataset_with_parallel_drifts_abrupt,1500,KS90,0.898675,0.9005011018008757,0.898675,0.8985601391482756,14,53,0.8986817459472698,1.0,parallel_abrupt,synthetic,NB,25,25042
synthetic_dataset_with_parallel_drifts_abrupt,1500,HD,0.8805625,0.8851812235541667,0.8805625,0.8802048859670218,7,53,0.8805734427229378,1.0,parallel_abrupt,synthetic,NB,25,25042
synthetic_dataset_with_parallel_drifts_abrupt,1500,JS,0.8805625,0.8851812235541667,0.8805625,0.8802048859670218,7,53,0.8805734427229378,1.0,parallel_abrupt,synthetic,NB,25,25042
synthetic_dataset_with_parallel_drifts_abrupt,2000,Base,0.8760625,0.8781646016888881,0.8760625,0.8758911017431128,0,40,0.876069947542798,1.0,parallel_abrupt,synthetic,NB,25,25042
synthetic_dataset_with_parallel_drifts_abrupt,2000,KS95,0.882675,0.8870010630242253,0.882675,0.8823476295496836,6,40,0.8826855653074227,1.0,parallel_abrupt,synthetic,NB,25,25042
synthetic_dataset_with_parallel_drifts_abrupt,2000,KS90,0.8847875,0.8883406088121512,0.8847875,0.8845246259717724,12,40,0.8847970578918822,1.0,parallel_abrupt,synthetic,NB,25,25042
synthetic_dataset_with_parallel_drifts_abrupt,2000,HD,0.8899,0.890937977941168,0.8899,0.8898275165163506,10,40,0.8899051455962059,1.0,parallel_abrupt,synthetic,NB,25,25042
synthetic_dataset_with_parallel_drifts_abrupt,2000,JS,0.893375,0.8946092434291466,0.893375,0.8932922365841846,9,40,0.8933805857352234,1.0,parallel_abrupt,synthetic,NB,25,25042
synthetic_dataset_with_parallel_drifts_abrupt,2500,Base,0.877175,0.878821726272739,0.877175,0.8770423156949775,0,32,0.8771815850872635,1.0,parallel_abrupt,synthetic,NB,25,25042
synthetic_dataset_with_parallel_drifts_abrupt,2500,KS95,0.8849875,0.8869854874162169,0.8849875,0.8848398052080907,6,32,0.8849946778997871,1.0,parallel_abrupt,synthetic,NB,25,25042
synthetic_dataset_with_parallel_drifts_abrupt,2500,KS90,0.8846625,0.8866980978985368,0.8846625,0.8845114748501969,8,32,0.88466974788679,1.0,parallel_abrupt,synthetic,NB,25,25042
synthetic_dataset_with_parallel_drifts_abrupt,2500,HD,0.8631625,0.8685956692515345,0.8631625,0.8626583475326901,5,32,0.8631746320269854,1.0,parallel_abrupt,synthetic,NB,25,25042
synthetic_dataset_with_parallel_drifts_abrupt,2500,JS,0.843,0.8531445807082134,0.843,0.8418675726422203,4,32,0.8430169387206774,1.0,parallel_abrupt,synthetic,NB,25,25042
synthetic_dataset_with_switching_drifts_incremental,1000,Base,0.9200875,0.9223253176845516,0.9200875,0.9199821354264944,0,80,0.920094774303791,1.0,switching_incremental,synthetic,NB,25,25042
synthetic_dataset_with_switching_drifts_incremental,1000,KS95,0.9313875,0.9332003552192178,0.9313875,0.9313161209843543,33,80,0.9313939647557584,1.0,switching_incremental,synthetic,NB,25,25042
synthetic_dataset_with_switching_drifts_incremental,1000,KS90,0.93135,0.9330971836652564,0.93135,0.931281163917266,36,80,0.9313563472542538,1.0,switching_incremental,synthetic,NB,25,25042
synthetic_dataset_with_switching_drifts_incremental,1000,HD,0.922125,0.9248246799710872,0.922125,0.9220017596626552,12,80,0.9221329668853188,1.0,switching_incremental,synthetic,NB,25,25042
synthetic_dataset_with_switching_drifts_incremental,1000,JS,0.9228875,0.9257566989667848,0.9228875,0.9227580536811588,8,80,0.9228957044158282,1.0,switching_incremental,synthetic,NB,25,25042
synthetic_dataset_with_switching_drifts_incremental,1500,Base,0.9199,0.9218690129913388,0.9199,0.9198070254981068,0,53,0.9199068267962732,1.0,switching_incremental,synthetic,NB,25,25042
synthetic_dataset_with_switching_drifts_incremental,1500,KS95,0.9230375,0.9249675789751912,0.9230375,0.9229505803493032,27,53,0.9230442344217692,1.0,switching_incremental,synthetic,NB,25,25042
synthetic_dataset_with_switching_drifts_incremental,1500,KS90,0.92305,0.9250454189875812,0.92305,0.9229601557825148,28,53,0.923056846922274,1.0,switching_incremental,synthetic,NB,25,25042
synthetic_dataset_with_switching_drifts_incremental,1500,HD,0.91465,0.91708894963373,0.91465,0.9145257636615068,10,53,0.9146576415863056,1.0,switching_incremental,synthetic,NB,25,25042
synthetic_dataset_with_switching_drifts_incremental,1500,JS,0.9144,0.9169773339940344,0.9144,0.914268263071266,11,53,0.9144078565763144,1.0,switching_incremental,synthetic,NB,25,25042
synthetic_dataset_with_switching_drifts_incremental,2000,Base,0.9199,0.9217269318976512,0.9199,0.9198137337733864,0,40,0.919906576796263,1.0,switching_incremental,synthetic,NB,25,25042
synthetic_dataset_with_switching_drifts_incremental,2000,KS95,0.917625,0.9198728465257884,0.917625,0.9175152618138384,18,40,0.9176323117052924,1.0,switching_incremental,synthetic,NB,25,25042
synthetic_dataset_with_switching_drifts_incremental,2000,KS90,0.91755,0.9197820309473456,0.91755,0.9174409144391302,22,40,0.9175572867022914,1.0,switching_incremental,synthetic,NB,25,25042
synthetic_dataset_with_switching_drifts_incremental,2000,HD,0.9176875,0.9191487307402846,0.9176875,0.9176162314425168,13,40,0.917693399207736,1.0,switching_incremental,synthetic,NB,25,25042
synthetic_dataset_with_switching_drifts_incremental,2000,JS,0.9162,0.9180358472342336,0.9162,0.9161085051300968,10,40,0.9162066216482648,1.0,switching_incremental,synthetic,NB,25,25042
synthetic_dataset_with_switching_drifts_incremental,2500,Base,0.919625,0.9212954384134678,0.919625,0.9195458029425944,0,32,0.9196312917852516,1.0,switching_incremental,synthetic,NB,25,25042
synthetic_dataset_with_switching_drifts_incremental,2500,KS95,0.92145,0.9231250020723972,0.92145,0.9213727246138804,18,32,0.9214562868582516,1.0,switching_incremental,synthetic,NB,25,25042
synthetic_dataset_with_switching_drifts_incremental,2500,KS90,0.92145,0.9231250020723972,0.92145,0.9213727246138804,18,32,0.9214562868582516,1.0,switching_incremental,synthetic,NB,25,25042
synthetic_dataset_with_switching_drifts_incremental,2500,HD,0.9216625,0.922681215609118,0.9216625,0.9216156905757148,9,32,0.921667404366696,1.0,switching_incremental,synthetic,NB,25,25042
synthetic_dataset_with_switching_drifts_incremental,2500,JS,0.9216625,0.922681215609118,0.9216625,0.9216156905757148,9,32,0.921667404366696,1.0,switching_incremental,synthetic,NB,25,25042
synthetic_dataset_with_parallel_drifts_incremental,1000,Base,0.9251875,0.9273748830776076,0.9251875,0.9250922326865112,0,80,0.925194649507786,1.0,parallel_incremental,synthetic,NB,25,25042
synthetic_dataset_with_parallel_drifts_incremental,1000,KS95,0.934975,0.9368356551917832,0.934975,0.9349061398895484,16,80,0.9349815223992608,1.0,parallel_incremental,synthetic,NB,25,25042
synthetic_dataset_with_parallel_drifts_incremental,1000,KS90,0.934625,0.936568063631896,0.934625,0.9345526449927672,18,80,0.9346316673852668,1.0,parallel_incremental,synthetic,NB,25,25042
synthetic_dataset_with_parallel_drifts_incremental,1000,HD,0.9278375,0.93066943561175,0.9278375,0.9277193089114076,5,80,0.927845604613824,1.0,parallel_incremental,synthetic,NB,25,25042
synthetic_dataset_with_parallel_drifts_incremental,1000,JS,0.9278375,0.93066943561175,0.9278375,0.9277193089114076,5,80,0.927845604613824,1.0,parallel_incremental,synthetic,NB,25,25042
synthetic_dataset_with_parallel_drifts_incremental,1500,Base,0.925025,0.9270179616094396,0.925025,0.9249379742412052,0,53,0.9250318270012732,1.0,parallel_incremental,synthetic,NB,25,25042
synthetic_dataset_with_parallel_drifts_incremental,1500,KS95,0.9269875,0.9293732457686874,0.9269875,0.9268865280162908,15,53,0.926994949579798,1.0,parallel_incremental,synthetic,NB,25,25042
synthetic_dataset_with_parallel_drifts_incremental,1500,KS90,0.9269875,0.9293732457686874,0.9269875,0.9268865280162908,15,53,0.926994949579798,1.0,parallel_incremental,synthetic,NB,25,25042
synthetic_dataset_with_parallel_drifts_incremental,1500,HD,0.9183875,0.921641033892434,0.9183875,0.9182305428421706,6,53,0.9183962792358512,1.0,parallel_incremental,synthetic,NB,25,25042
synthetic_dataset_with_parallel_drifts_incremental,1500,JS,0.9183875,0.921641033892434,0.9183875,0.9182305428421706,6,53,0.9183962792358512,1.0,parallel_incremental,synthetic,NB,25,25042
synthetic_dataset_with_parallel_drifts_incremental,2000,Base,0.9253,0.9272216115332674,0.9253,0.9252164508333156,0,40,0.925306702012268,1.0,parallel_incremental,synthetic,NB,25,25042
synthetic_dataset_with_parallel_drifts_incremental,2000,KS95,0.921525,0.9247411192039512,0.921525,0.92137691076272,6,40,0.9215336968613478,1.0,parallel_incremental,synthetic,NB,25,25042
synthetic_dataset_with_parallel_drifts_incremental,2000,KS90,0.921625,0.9246079978828836,0.921625,0.9214878223118398,12,40,0.921633376865335,1.0,parallel_incremental,synthetic,NB,25,25042
synthetic_dataset_with_parallel_drifts_incremental,2000,HD,0.9234625,0.9252504678198922,0.9234625,0.9233825051347252,10,40,0.9234689794387592,1.0,parallel_incremental,synthetic,NB,25,25042
synthetic_dataset_with_parallel_drifts_incremental,2000,JS,0.9227125,0.9246815604066302,0.9227125,0.9226233825554744,8,40,0.9227193044087724,1.0,parallel_incremental,synthetic,NB,25,25042
synthetic_dataset_with_parallel_drifts_incremental,2500,Base,0.924775,0.9264766630561342,0.924775,0.9247004037465067,0,32,0.9247813119912524,1.0,parallel_incremental,synthetic,NB,25,25042
synthetic_dataset_with_parallel_drifts_incremental,2500,KS95,0.9255875,0.9278482631414008,0.9255875,0.9254896577189604,6,32,0.9255947645237906,1.0,parallel_incremental,synthetic,NB,25,25042
synthetic_dataset_with_parallel_drifts_incremental,2500,KS90,0.9248625,0.9272620991277634,0.9248625,0.924757466238162,8,32,0.9248699894947996,1.0,parallel_incremental,synthetic,NB,25,25042
synthetic_dataset_with_parallel_drifts_incremental,2500,HD,0.922925,0.9251608043162944,0.922925,0.9228241463569156,2,32,0.9229322469172898,1.0,parallel_incremental,synthetic,NB,25,25042
synthetic_dataset_with_parallel_drifts_incremental,2500,JS,0.922925,0.9251608043162944,0.922925,0.9228241463569156,2,32,0.9229322469172898,1.0,parallel_incremental,synthetic,NB,25,25042
synthetic_dataset_with_switching_drifts_abrupt,1000,Base,0.8601375,0.8651541014888205,0.8601375,0.8596574248608208,0,80,0.8601492119059685,1.0,switching_abrupt,synthetic,NB,25,25042
synthetic_dataset_with_switching_drifts_abrupt,1000,KS95,0.9079625,0.9086594510034072,0.9079625,0.907923664302579,26,80,0.907966623818665,1.0,switching_abrupt,synthetic,NB,25,25042
synthetic_dataset_with_switching_drifts_abrupt,1000,KS90,0.9079125,0.9085547079846712,0.9079125,0.907876703546406,29,80,0.9079164588166584,1.0,switching_abrupt,synthetic,NB,25,25042
synthetic_dataset_with_switching_drifts_abrupt,1000,HD,0.8830875,0.88574837472115,0.8830875,0.8828866540095176,16,80,0.8830957978238317,1.0,switching_abrupt,synthetic,NB,25,25042
synthetic_dataset_with_switching_drifts_abrupt,1000,JS,0.8902,0.8929084793812814,0.8902,0.8900114867448258,17,80,0.8902082956083318,1.0,switching_abrupt,synthetic,NB,25,25042
synthetic_dataset_with_switching_drifts_abrupt,1500,Base,0.8602,0.8642609390682137,0.8602,0.859811029376011,0,53,0.860210549408422,1.0,switching_abrupt,synthetic,NB,25,25042
synthetic_dataset_with_switching_drifts_abrupt,1500,KS95,0.893425,0.8947018284940442,0.893425,0.8933394271721189,26,53,0.8934306807372273,1.0,switching_abrupt,synthetic,NB,25,25042
synthetic_dataset_with_switching_drifts_abrupt,1500,KS90,0.893475,0.8948066262442882,0.893475,0.8933858022120831,28,53,0.8934808007392321,1.0,switching_abrupt,synthetic,NB,25,25042
synthetic_dataset_with_switching_drifts_abrupt,1500,HD,0.8693,0.873587821559532,0.8693,0.8689255383490737,14,53,0.8693107047724282,1.0,switching_abrupt,synthetic,NB,25,25042
synthetic_dataset_with_switching_drifts_abrupt,1500,JS,0.8693,0.873587821559532,0.8693,0.8689255383490737,14,53,0.8693107047724282,1.0,switching_abrupt,synthetic,NB,25,25042
synthetic_dataset_with_switching_drifts_abrupt,2000,Base,0.8622625,0.8657113415629097,0.8622625,0.8619385860090122,0,40,0.8622722019908882,1.0,switching_abrupt,synthetic,NB,25,25042
synthetic_dataset_with_switching_drifts_abrupt,2000,KS95,0.8804125,0.883408986000696,0.8804125,0.8801796074326681,18,40,0.8804213327168533,1.0,switching_abrupt,synthetic,NB,25,25042
synthetic_dataset_with_switching_drifts_abrupt,2000,KS90,0.8802,0.883241089913025,0.8802,0.879963100801938,22,40,0.880208900208356,1.0,switching_abrupt,synthetic,NB,25,25042
synthetic_dataset_with_switching_drifts_abrupt,2000,HD,0.8795875,0.8806348701058043,0.8795875,0.8795053408240099,14,40,0.8795927376837096,1.0,switching_abrupt,synthetic,NB,25,25042
synthetic_dataset_with_switching_drifts_abrupt,2000,JS,0.8770125,0.8785127523942216,0.8770125,0.8768914115919686,14,40,0.8770187875807516,1.0,switching_abrupt,synthetic,NB,25,25042
synthetic_dataset_with_switching_drifts_abrupt,2500,Base,0.8640375,0.8669348849853015,0.8640375,0.863770002824479,0,32,0.864046377061855,1.0,switching_abrupt,synthetic,NB,25,25042
synthetic_dataset_with_switching_drifts_abrupt,2500,KS95,0.881375,0.8830096944175384,0.881375,0.8812491852189085,16,32,0.881381525255261,1.0,switching_abrupt,synthetic,NB,25,25042
synthetic_dataset_with_switching_drifts_abrupt,2500,KS90,0.881375,0.8830096944175384,0.881375,0.8812491852189085,16,32,0.881381525255261,1.0,switching_abrupt,synthetic,NB,25,25042
synthetic_dataset_with_switching_drifts_abrupt,2500,HD,0.8693,0.8711254956972316,0.8693,0.8691401567970836,4,32,0.8693070047722802,1.0,switching_abrupt,synthetic,NB,25,25042
synthetic_dataset_with_switching_drifts_abrupt,2500,JS,0.8689,0.8707814677589729,0.8689,0.8687345752322981,7,32,0.8689071147562846,1.0,switching_abrupt,synthetic,NB,25,25042
synthetic_dataset_no_drifts,1000,Base,0.9422125,0.9441376276895614,0.9422125,0.9421502164289692,0,80,0.942219080188763,1.0,no_drifts,synthetic,NB,25,25042
synthetic_dataset_no_drifts,1000,KS95,0.942125,0.944016132420628,0.942125,0.9420637115895056,5,80,0.942131522685261,1.0,no_drifts,synthetic,NB,25,25042
synthetic_dataset_no_drifts,1000,KS90,0.941725,0.9436173359654952,0.941725,0.9416631929916284,9,80,0.9417315276692612,1.0,no_drifts,synthetic,NB,25,25042
synthetic_dataset_no_drifts,1000,HD,0.9429375,0.9443203198815924,0.9429375,0.94289340623547,4,80,0.942943075217723,1.0,no_drifts,synthetic,NB,25,25042
synthetic_dataset_no_drifts,1000,JS,0.9431,0.9444474960990829,0.9431,0.9430571723589384,3,80,0.94310550272422,1.0,no_drifts,synthetic,NB,25,25042
synthetic_dataset_no_drifts,1500,Base,0.9421875,0.9441657448987716,0.9421875,0.942123466759774,0,53,0.9421941701877669,1.0,no_drifts,synthetic,NB,25,25042
synthetic_dataset_no_drifts,1500,KS95,0.94205,0.9437180244169336,0.94205,0.9419958655059868,7,53,0.9420561276822452,1.0,no_drifts,synthetic,NB,25,25042
synthetic_dataset_no_drifts,1500,KS90,0.94085,0.9428775847454938,0.94085,0.940782648673135,8,53,0.9408567626342704,1.0,no_drifts,synthetic,NB,25,25042
synthetic_dataset_no_drifts,1500,HD,0.943,0.9446633963326948,0.943,0.9429470143226364,3,53,0.9430061127202446,1.0,no_drifts,synthetic,NB,25,25042
synthetic_dataset_no_drifts,1500,JS,0.9434,0.945053981845876,0.9434,0.9433477311983156,4,53,0.9434060927362438,1.0,no_drifts,synthetic,NB,25,25042
synthetic_dataset_no_drifts,2000,Base,0.942025,0.944051938661688,0.942025,0.9419591824087452,0,40,0.9420317526812702,1.0,no_drifts,synthetic,NB,25,25042
synthetic_dataset_no_drifts,2000,KS95,0.942025,0.944051938661688,0.942025,0.9419591824087452,0,40,0.9420317526812702,1.0,no_drifts,synthetic,NB,25,25042
synthetic_dataset_no_drifts,2000,KS90,0.941775,0.9436385624362164,0.941775,0.941714191973806,1,40,0.9417814776712592,1.0,no_drifts,synthetic,NB,25,25042
synthetic_dataset_no_drifts,2000,HD,0.942975,0.9446602124155946,0.942975,0.9429212923681952,3,40,0.942981152719246,1.0,no_drifts,synthetic,NB,25,25042
synthetic_dataset_no_drifts,2000,JS,0.9432625,0.9448659951564988,0.9432625,0.9432116890948752,2,40,0.94326850023074,1.0,no_drifts,synthetic,NB,25,25042
synthetic_dataset_no_drifts,2500,Base,0.942325,0.9442462121155836,0.942325,0.94226297983953,0,32,0.942331572693263,1.0,no_drifts,synthetic,NB,25,25042
synthetic_dataset_no_drifts,2500,KS95,0.942325,0.9442462121155836,0.942325,0.94226297983953,0,32,0.942331572693263,1.0,no_drifts,synthetic,NB,25,25042
synthetic_dataset_no_drifts,2500,KS90,0.9420625,0.9439987379820762,0.9420625,0.941999673144181,2,32,0.942069100182764,1.0,no_drifts,synthetic,NB,25,25042
synthetic_dataset_no_drifts,2500,HD,0.9413125,0.943370935044382,0.9413125,0.9412447296973718,2,32,0.9413193101527724,1.0,no_drifts,synthetic,NB,25,25042
synthetic_dataset_no_drifts,2500,JS,0.9413125,0.943370935044382,0.9413125,0.9412447296973718,2,32,0.9413193101527724,1.0,no_drifts,synthetic,NB,25,25042
synthetic_dataset_with_parallel_drifts_abrupt,1000,Base,0.751625,0.758886423732213,0.751625,0.7498695143636983,0,80,0.751620811879052,1.0,parallel_abrupt,synthetic,NB,22,22042
synthetic_dataset_with_parallel_drifts_abrupt,1000,KS95,0.7765375,0.777061889115901,0.7765375,0.7764313730796972,8,80,0.7765364113163411,1.0,parallel_abrupt,synthetic,NB,22,22042
synthetic_dataset_with_parallel_drifts_abrupt,1000,KS90,0.7760875,0.7764478656449333,0.7760875,0.7760142214112717,12,80,0.7760865963152165,1.0,parallel_abrupt,synthetic,NB,22,22042
synthetic_dataset_with_parallel_drifts_abrupt,1000,HD,0.7604625,0.7655717380745185,0.7604625,0.7593036333465359,4,80,0.7604590312761476,1.0,parallel_abrupt,synthetic,NB,22,22042
synthetic_dataset_with_parallel_drifts_abrupt,1000,JS,0.7604625,0.7655717380745185,0.7604625,0.7593036333465359,4,80,0.7604590312761476,1.0,parallel_abrupt,synthetic,NB,22,22042
synthetic_dataset_with_parallel_drifts_abrupt,1500,Base,0.7520875,0.758483413696892,0.7520875,0.7505429250543401,0,53,0.7520835662552089,1.0,parallel_abrupt,synthetic,NB,22,22042
synthetic_dataset_with_parallel_drifts_abrupt,1500,KS95,0.766825,0.7670044994191074,0.766825,0.7667855868842747,12,53,0.7668243506670609,1.0,parallel_abrupt,synthetic,NB,22,22042
synthetic_dataset_with_parallel_drifts_abrupt,1500,KS90,0.7657875,0.7659319089377914,0.7657875,0.7657555028783682,15,53,0.7657869162894673,1.0,parallel_abrupt,synthetic,NB,22,22042
synthetic_dataset_with_parallel_drifts_abrupt,1500,HD,0.755175,0.7595018945241089,0.755175,0.7541490213684774,7,53,0.7551717706379293,1.0,parallel_abrupt,synthetic,NB,22,22042
synthetic_dataset_with_parallel_drifts_abrupt,1500,JS,0.757925,0.7603432156050329,0.757925,0.7573607045612001,7,53,0.7579225893948064,1.0,parallel_abrupt,synthetic,NB,22,22042
synthetic_dataset_with_parallel_drifts_abrupt,2000,Base,0.7535875,0.7594526449164976,0.7535875,0.752185628769598,0,40,0.7535837400089593,1.0,parallel_abrupt,synthetic,NB,22,22042
synthetic_dataset_with_parallel_drifts_abrupt,2000,KS95,0.7563125,0.7607950093793774,0.7563125,0.7552596923847804,10,40,0.7563092212657729,1.0,parallel_abrupt,synthetic,NB,22,22042
synthetic_dataset_with_parallel_drifts_abrupt,2000,KS90,0.76145,0.7627607163372546,0.76145,0.7611515291981555,11,40,0.7614482331536205,1.0,parallel_abrupt,synthetic,NB,22,22042
synthetic_dataset_with_parallel_drifts_abrupt,2000,HD,0.7609,0.7615044471774363,0.7609,0.7607613359070081,6,40,0.760898796902247,1.0,parallel_abrupt,synthetic,NB,22,22042
synthetic_dataset_with_parallel_drifts_abrupt,2000,JS,0.7623875,0.7624914740776986,0.7623875,0.7623637958881649,8,40,0.7623870012809675,1.0,parallel_abrupt,synthetic,NB,22,22042
synthetic_dataset_with_parallel_drifts_abrupt,2500,Base,0.754775,0.7601033385460262,0.754775,0.753511356810001,0,32,0.7547714206369285,1.0,parallel_abrupt,synthetic,NB,22,22042
synthetic_dataset_with_parallel_drifts_abrupt,2500,KS95,0.758525,0.7606587872742069,0.758525,0.7580290006728657,7,32,0.7585227368963069,1.0,parallel_abrupt,synthetic,NB,22,22042
synthetic_dataset_with_parallel_drifts_abrupt,2500,KS90,0.758525,0.7606587872742069,0.758525,0.7580290006728657,7,32,0.7585227368963069,1.0,parallel_abrupt,synthetic,NB,22,22042
synthetic_dataset_with_parallel_drifts_abrupt,2500,HD,0.7306875,0.7468527303381339,0.7306875,0.7262024484894253,4,32,0.7306811012017028,1.0,parallel_abrupt,synthetic,NB,22,22042
synthetic_dataset_with_parallel_drifts_abrupt,2500,JS,0.7306875,0.7468527303381339,0.7306875,0.7262024484894253,4,32,0.7306811012017028,1.0,parallel_abrupt,synthetic,NB,22,22042
synthetic_dataset_with_switching_drifts_incremental,1000,Base,0.7842125,0.7846117990387007,0.7842125,0.7841365093353543,0,80,0.7842115625855289,1.0,switching_incremental,synthetic,NB,22,22042
synthetic_dataset_with_switching_drifts_incremental,1000,KS95,0.78775,0.7881116957583295,0.78775,0.7876831069821405,30,80,0.7877491132193727,1.0,switching_incremental,synthetic,NB,22,22042
synthetic_dataset_with_switching_drifts_incremental,1000,KS90,0.78765,0.7879974071189173,0.78765,0.7875856895200876,34,80,0.7876491307191229,1.0,switching_incremental,synthetic,NB,22,22042
synthetic_dataset_with_switching_drifts_incremental,1000,HD,0.7848,0.7849564463074733,0.7848,0.7847702849644917,11,80,0.7847994132119985,1.0,switching_incremental,synthetic,NB,22,22042
synthetic_dataset_with_switching_drifts_incremental,1000,JS,0.786875,0.7873149586330339,0.786875,0.7867930944880631,13,80,0.786874020717185,1.0,switching_incremental,synthetic,NB,22,22042
synthetic_dataset_with_switching_drifts_incremental,1500,Base,0.7844875,0.7848776271511341,0.7844875,0.7844134161280987,0,53,0.7844865738362164,1.0,switching_incremental,synthetic,NB,22,22042
synthetic_dataset_with_switching_drifts_incremental,1500,KS95,0.7839125,0.7842441092948095,0.7839125,0.783849202988063,26,53,0.7839116450847791,1.0,switching_incremental,synthetic,NB,22,22042
synthetic_dataset_with_switching_drifts_incremental,1500,KS90,0.7836875,0.7840537140864136,0.7836875,0.7836174894770964,28,53,0.7836866013342165,1.0,switching_incremental,synthetic,NB,22,22042
synthetic_dataset_with_switching_drifts_incremental,1500,HD,0.782225,0.7836521146612574,0.782225,0.7819502023907348,12,53,0.7822232257055579,1.0,switching_incremental,synthetic,NB,22,22042
synthetic_dataset_with_switching_drifts_incremental,1500,JS,0.78245,0.7836551279425359,0.78245,0.7822181948459902,13,53,0.782448369456121,1.0,switching_incremental,synthetic,NB,22,22042
synthetic_dataset_with_switching_drifts_incremental,2000,Base,0.784225,0.7846520063699696,0.784225,0.784143760401671,0,40,0.78422403071056,1.0,switching_incremental,synthetic,NB,22,22042
synthetic_dataset_with_switching_drifts_incremental,2000,KS95,0.7801625,0.7807210372232134,0.7801625,0.7800527542778631,20,40,0.7801613838254033,1.0,switching_incremental,synthetic,NB,22,22042
synthetic_dataset_with_switching_drifts_incremental,2000,KS90,0.78055,0.7810559999812161,0.78055,0.7804508598731694,22,40,0.7805489382013724,1.0,switching_incremental,synthetic,NB,22,22042
synthetic_dataset_with_switching_drifts_incremental,2000,HD,0.7808375,0.7812184527660464,0.7808375,0.7807629723247348,11,40,0.7808365788270916,1.0,switching_incremental,synthetic,NB,22,22042
synthetic_dataset_with_switching_drifts_incremental,2000,JS,0.781175,0.7815304111403628,0.781175,0.781105645587745,12,40,0.7811741107029353,1.0,switching_incremental,synthetic,NB,22,22042
synthetic_dataset_with_switching_drifts_incremental,2500,Base,0.7846,0.7850014498517425,0.7846,0.7845238421697656,0,32,0.7845990607114977,1.0,switching_incremental,synthetic,NB,22,22042
synthetic_dataset_with_switching_drifts_incremental,2500,KS95,0.7807125,0.7813772558370922,0.7807125,0.7805825359636006,18,32,0.7807112838267782,1.0,switching_incremental,synthetic,NB,22,22042
synthetic_dataset_with_switching_drifts_incremental,2500,KS90,0.780625,0.7813095697278309,0.780625,0.7804910797744938,19,32,0.7806237657015596,1.0,switching_incremental,synthetic,NB,22,22042
synthetic_dataset_with_switching_drifts_incremental,2500,HD,0.7839875,0.78433195735762,0.7839875,0.7839217979553181,8,32,0.7839866288349666,1.0,switching_incremental,synthetic,NB,22,22042
synthetic_dataset_with_switching_drifts_incremental,2500,JS,0.7839875,0.78433195735762,0.7839875,0.7839217979553181,8,32,0.7839866288349666,1.0,switching_incremental,synthetic,NB,22,22042
synthetic_dataset_with_parallel_drifts_incremental,1000,Base,0.7839,0.7856639852707776,0.7839,0.7835652928063505,0,80,0.7838980344597452,1.0,parallel_incremental,synthetic,NB,22,22042
synthetic_dataset_with_parallel_drifts_incremental,1000,KS95,0.787575,0.7880104087588415,0.787575,0.7874944018606826,11,80,0.787574026968935,1.0,parallel_incremental,synthetic,NB,22,22042
synthetic_dataset_with_parallel_drifts_incremental,1000,KS90,0.7868,0.7871991812207845,0.7868,0.7867256194238563,15,80,0.7867990669669976,1.0,parallel_incremental,synthetic,NB,22,22042
synthetic_dataset_with_parallel_drifts_incremental,1000,HD,0.7827625,0.7864861105855356,0.7827625,0.7820534577695684,4,80,0.7827596488318991,1.0,parallel_incremental,synthetic,NB,22,22042
synthetic_dataset_with_parallel_drifts_incremental,1000,JS,0.7827625,0.7864861105855356,0.7827625,0.7820534577695684,4,80,0.7827596488318991,1.0,parallel_incremental,synthetic,NB,22,22042
synthetic_dataset_with_parallel_drifts_incremental,1500,Base,0.7830875,0.7846507255183924,0.7830875,0.782788729245686,0,53,0.783085646332714,1.0,parallel_incremental,synthetic,NB,22,22042
synthetic_dataset_with_parallel_drifts_incremental,1500,KS95,0.7826875,0.7829986033454978,0.7826875,0.7826275106792495,13,53,0.7826866700817167,1.0,parallel_incremental,synthetic,NB,22,22042
synthetic_dataset_with_parallel_drifts_incremental,1500,KS90,0.78165,0.7819127771735342,0.78165,0.7815988745778758,16,53,0.7816492357041231,1.0,parallel_incremental,synthetic,NB,22,22042
synthetic_dataset_with_parallel_drifts_incremental,1500,HD,0.7790875,0.781351571353733,0.7790875,0.7786414866005158,6,53,0.7790852563227131,1.0,parallel_incremental,synthetic,NB,22,22042
synthetic_dataset_with_parallel_drifts_incremental,1500,JS,0.7802,0.7815047698052408,0.7802,0.7799444920137585,6,53,0.7801982969504957,1.0,parallel_incremental,synthetic,NB,22,22042
synthetic_dataset_with_parallel_drifts_incremental,2000,Base,0.7832125,0.7846989020459403,0.7832125,0.7829286296590059,0,40,0.7832106925830268,1.0,parallel_incremental,synthetic,NB,22,22042
synthetic_dataset_with_parallel_drifts_incremental,2000,KS95,0.7783875,0.7804402559519382,0.7783875,0.7779805575762387,10,40,0.7783853600709635,1.0,parallel_incremental,synthetic,NB,22,22042
synthetic_dataset_with_parallel_drifts_incremental,2000,KS90,0.7803,0.7809713275661596,0.7803,0.780168315163677,11,40,0.7802987769507469,1.0,parallel_incremental,synthetic,NB,22,22042
synthetic_dataset_with_parallel_drifts_incremental,2000,HD,0.7780875,0.7797615562716895,0.7780875,0.777754429467942,6,40,0.7780855650702139,1.0,parallel_incremental,synthetic,NB,22,22042
synthetic_dataset_with_parallel_drifts_incremental,2000,JS,0.7787375,0.7796446434833925,0.7787375,0.778557475378506,8,40,0.7787360750718402,1.0,parallel_incremental,synthetic,NB,22,22042
synthetic_dataset_with_parallel_drifts_incremental,2500,Base,0.7845,0.7858523328538546,0.7845,0.7842443118086152,0,32,0.7844982794612457,1.0,parallel_incremental,synthetic,NB,22,22042
synthetic_dataset_with_parallel_drifts_incremental,2500,KS95,0.7837875,0.7848181910678145,0.7837875,0.7835912684833334,7,32,0.7837859950844649,1.0,parallel_incremental,synthetic,NB,22,22042
synthetic_dataset_with_parallel_drifts_incremental,2500,KS90,0.7837875,0.7848181910678145,0.7837875,0.7835912684833334,7,32,0.7837859950844649,1.0,parallel_incremental,synthetic,NB,22,22042
synthetic_dataset_with_parallel_drifts_incremental,2500,HD,0.783175,0.7852081498274304,0.783175,0.7827872610012657,2,32,0.7831728882079323,1.0,parallel_incremental,synthetic,NB,22,22042
synthetic_dataset_with_parallel_drifts_incremental,2500,JS,0.783175,0.7852081498274304,0.783175,0.7827872610012657,2,32,0.7831728882079323,1.0,parallel_incremental,synthetic,NB,22,22042
synthetic_dataset_with_switching_drifts_abrupt,1000,Base,0.7573125,0.7579796058048963,0.7573125,0.7571550541245358,0,80,0.7573112275182781,1.0,switching_abrupt,synthetic,NB,22,22042
synthetic_dataset_with_switching_drifts_abrupt,1000,KS95,0.77435,0.7748262793992345,0.77435,0.7742518622438456,22,80,0.7743489581858723,1.0,switching_abrupt,synthetic,NB,22,22042
synthetic_dataset_with_switching_drifts_abrupt,1000,KS90,0.7743125,0.7747699950112744,0.7743125,0.7742181929241225,26,80,0.7743114788107788,1.0,switching_abrupt,synthetic,NB,22,22042
synthetic_dataset_with_switching_drifts_abrupt,1000,HD,0.7663375,0.7665912723635414,0.7663375,0.7662816206311086,15,80,0.7663367275408418,1.0,switching_abrupt,synthetic,NB,22,22042
synthetic_dataset_with_switching_drifts_abrupt,1000,JS,0.7663375,0.7665912723635414,0.7663375,0.7662816206311086,15,80,0.7663367275408418,1.0,switching_abrupt,synthetic,NB,22,22042
synthetic_dataset_with_switching_drifts_abrupt,1500,Base,0.7570125,0.7575888380498643,0.7570125,0.7568760837306169,0,53,0.7570113162675283,1.0,switching_abrupt,synthetic,NB,22,22042
synthetic_dataset_with_switching_drifts_abrupt,1500,KS95,0.7648625,0.7651736176025954,0.7648625,0.7647932195995399,26,53,0.764861642537154,1.0,switching_abrupt,synthetic,NB,22,22042
synthetic_dataset_with_switching_drifts_abrupt,1500,KS90,0.76465,0.7650035901497209,0.76465,0.764571157309775,28,53,0.7646490856616227,1.0,switching_abrupt,synthetic,NB,22,22042
synthetic_dataset_with_switching_drifts_abrupt,1500,HD,0.7518875,0.7528642397913158,0.7518875,0.7516470972366748,15,53,0.751885945004715,1.0,switching_abrupt,synthetic,NB,22,22042
synthetic_dataset_with_switching_drifts_abrupt,1500,JS,0.7492625,0.7505075931818683,0.7492625,0.7489498900859871,13,53,0.7492607362481518,1.0,switching_abrupt,synthetic,NB,22,22042
synthetic_dataset_with_switching_drifts_abrupt,2000,Base,0.7557875,0.7563370376145203,0.7557875,0.7556561260347842,0,40,0.7557863412644659,1.0,switching_abrupt,synthetic,NB,22,22042
synthetic_dataset_with_switching_drifts_abrupt,2000,KS95,0.750275,0.751072953299479,0.750275,0.7500758976826568,20,40,0.7502735893756839,1.0,switching_abrupt,synthetic,NB,22,22042
synthetic_dataset_with_switching_drifts_abrupt,2000,KS90,0.7512625,0.7519556425276099,0.7512625,0.7510908225643032,22,40,0.751261187503153,1.0,switching_abrupt,synthetic,NB,22,22042
synthetic_dataset_with_switching_drifts_abrupt,2000,HD,0.7493,0.7497172184862225,0.7493,0.7491948561057785,13,40,0.7492989768732474,1.0,switching_abrupt,synthetic,NB,22,22042
synthetic_dataset_with_switching_drifts_abrupt,2000,JS,0.7474,0.7478069591071138,0.7474,0.7472958632043789,13,40,0.7473989856184975,1.0,switching_abrupt,synthetic,NB,22,22042
synthetic_dataset_with_switching_drifts_abrupt,2500,Base,0.7557625,0.7562791906220835,0.7557625,0.755638929636681,0,32,0.7557613762644034,1.0,switching_abrupt,synthetic,NB,22,22042
synthetic_dataset_with_switching_drifts_abrupt,2500,KS95,0.7424375,0.7428597773759469,0.7424375,0.7423250796564261,16,32,0.7424364562310911,1.0,switching_abrupt,synthetic,NB,22,22042
synthetic_dataset_with_switching_drifts_abrupt,2500,KS90,0.7428,0.7433706686152501,0.7428,0.7426486613055462,17,32,0.742798788106997,1.0,switching_abrupt,synthetic,NB,22,22042
synthetic_dataset_with_switching_drifts_abrupt,2500,HD,0.7495125,0.749554999130319,0.7495125,0.7495017120919761,6,32,0.7495121724987804,1.0,switching_abrupt,synthetic,NB,22,22042
synthetic_dataset_with_switching_drifts_abrupt,2500,JS,0.75585,0.7560154805980557,0.75585,0.7558107698040359,4,32,0.7558506343896266,1.0,switching_abrupt,synthetic,NB,22,22042
synthetic_dataset_no_drifts,1000,Base,0.79665,0.7971663177077846,0.79665,0.7965613484633722,0,80,0.7966489569916224,1.0,no_drifts,synthetic,NB,22,22042
synthetic_dataset_no_drifts,1000,KS95,0.7962,0.7965861475693319,0.7962,0.7961333957007655,1,80,0.7961990969904977,1.0,no_drifts,synthetic,NB,22,22042
synthetic_dataset_no_drifts,1000,KS90,0.795025,0.7952005009293943,0.795025,0.7949943618886184,7,80,0.795024389487561,1.0,no_drifts,synthetic,NB,22,22042
synthetic_dataset_no_drifts,1000,HD,0.7955625,0.795931419903338,0.7955625,0.7954985222631434,7,80,0.7955616163639041,1.0,no_drifts,synthetic,NB,22,22042
synthetic_dataset_no_drifts,1000,JS,0.7934375,0.7935337433985873,0.7934375,0.7934204402325667,5,80,0.7934370463585926,1.0,no_drifts,synthetic,NB,22,22042
synthetic_dataset_no_drifts,1500,Base,0.7966625,0.7971782192488527,0.7966625,0.7965739600904291,0,53,0.7966614576166536,1.0,no_drifts,synthetic,NB,22,22042
synthetic_dataset_no_drifts,1500,KS95,0.79465,0.795226314662629,0.79465,0.794549428752233,4,53,0.7946488944866223,1.0,no_drifts,synthetic,NB,22,22042
synthetic_dataset_no_drifts,1500,KS90,0.7933875,0.7936680324684037,0.7933875,0.793337929577558,9,53,0.7933867263584669,1.0,no_drifts,synthetic,NB,22,22042
synthetic_dataset_no_drifts,1500,HD,0.7953,0.7955372404406499,0.7953,0.7952587160661077,4,53,0.7952992907382482,1.0,no_drifts,synthetic,NB,22,22042
synthetic_dataset_no_drifts,1500,JS,0.7960875,0.7962120779190623,0.7960875,0.7960659172306509,4,53,0.7960869863652176,1.0,no_drifts,synthetic,NB,22,22042
synthetic_dataset_no_drifts,2000,Base,0.7964,0.796961484983824,0.7964,0.7963034171599711,0,40,0.7963989119909972,1.0,no_drifts,synthetic,NB,22,22042
synthetic_dataset_no_drifts,2000,KS95,0.7952625,0.7956165586958317,0.7952625,0.7952009397490356,4,40,0.7952616338631541,1.0,no_drifts,synthetic,NB,22,22042
synthetic_dataset_no_drifts,2000,KS90,0.7945125,0.7949329682582437,0.7945125,0.7944389744452142,5,40,0.7945115551112788,1.0,no_drifts,synthetic,NB,22,22042
synthetic_dataset_no_drifts,2000,HD,0.7964,0.796961484983824,0.7964,0.7963034171599711,0,40,0.7963989119909972,1.0,no_drifts,synthetic,NB,22,22042
synthetic_dataset_no_drifts,2000,JS,0.7964,0.796961484983824,0.7964,0.7963034171599711,0,40,0.7963989119909972,1.0,no_drifts,synthetic,NB,22,22042
synthetic_dataset_no_drifts,2500,Base,0.7964875,0.7970562913572954,0.7964875,0.7963897349923859,0,32,0.796486405116216,1.0,no_drifts,synthetic,NB,22,22042
synthetic_dataset_no_drifts,2500,KS95,0.7964875,0.7970562913572954,0.7964875,0.7963897349923859,0,32,0.796486405116216,1.0,no_drifts,synthetic,NB,22,22042
synthetic_dataset_no_drifts,2500,KS90,0.7960375,0.7964457038343604,0.7960375,0.795967007651347,2,32,0.7960365713650914,1.0,no_drifts,synthetic,NB,22,22042
synthetic_dataset_no_drifts,2500,HD,0.7957,0.7960908616240173,0.7957,0.7956323053108542,3,32,0.7956990907392478,1.0,no_drifts,synthetic,NB,22,22042
synthetic_dataset_no_drifts,2500,JS,0.795725,0.7961511316065398,0.795725,0.7956512301516292,2,32,0.7957240507393101,1.0,no_drifts,synthetic,NB,22,22042
synthetic_dataset_with_parallel_drifts_abrupt,1000,Base,0.66855,0.6702848343525081,0.66855,0.6676945423997497,0,80,0.6685360599330396,1.0,parallel_abrupt,synthetic,NB,7,7042
synthetic_dataset_with_parallel_drifts_abrupt,1000,KS95,0.670325,0.6709755762843446,0.670325,0.6700055729618769,8,80,0.670316456942682,1.0,parallel_abrupt,synthetic,NB,7,7042
synthetic_dataset_with_parallel_drifts_abrupt,1000,KS90,0.670725,0.6712773081416626,0.670725,0.6704542694472503,9,80,0.670717130722983,1.0,parallel_abrupt,synthetic,NB,7,7042
synthetic_dataset_with_parallel_drifts_abrupt,1000,HD,0.66695,0.6702457624071664,0.66695,0.665317636520829,5,80,0.6669308073116423,1.0,parallel_abrupt,synthetic,NB,7,7042
synthetic_dataset_with_parallel_drifts_abrupt,1000,JS,0.6662125,0.6705381296032615,0.6662125,0.6640678650382139,4,80,0.6661905400681595,1.0,parallel_abrupt,synthetic,NB,7,7042
synthetic_dataset_with_parallel_drifts_abrupt,1500,Base,0.669,0.6704691611175948,0.669,0.6682769326753434,0,53,0.668987173717155,1.0,parallel_abrupt,synthetic,NB,7,7042
synthetic_dataset_with_parallel_drifts_abrupt,1500,KS95,0.6702125,0.6716515821019435,0.6702125,0.6695116629528065,8,53,0.6701998491213637,1.0,parallel_abrupt,synthetic,NB,7,7042
synthetic_dataset_with_parallel_drifts_abrupt,1500,KS90,0.670275,0.6717991009429648,0.670275,0.6695336924263494,10,53,0.6702619881885629,1.0,parallel_abrupt,synthetic,NB,7,7042
synthetic_dataset_with_parallel_drifts_abrupt,1500,HD,0.666475,0.6702879375717966,0.666475,0.6645838464506442,4,53,0.6664543635256112,1.0,parallel_abrupt,synthetic,NB,7,7042
synthetic_dataset_with_parallel_drifts_abrupt,1500,JS,0.666475,0.6702879375717966,0.666475,0.6645838464506442,4,53,0.6664543635256112,1.0,parallel_abrupt,synthetic,NB,7,7042
synthetic_dataset_with_parallel_drifts_abrupt,2000,Base,0.6687375,0.6700713159355687,0.6687375,0.6680787332117624,0,40,0.6687252615098478,1.0,parallel_abrupt,synthetic,NB,7,7042
synthetic_dataset_with_parallel_drifts_abrupt,2000,KS95,0.6677875,0.6698259507497163,0.6677875,0.6667776598391693,6,40,0.6677723739377859,1.0,parallel_abrupt,synthetic,NB,7,7042
synthetic_dataset_with_parallel_drifts_abrupt,2000,KS90,0.6702,0.6705590841423448,0.6702,0.6700222064106848,10,40,0.6701936294333932,1.0,parallel_abrupt,synthetic,NB,7,7042
synthetic_dataset_with_parallel_drifts_abrupt,2000,HD,0.67025,0.6710640999749728,0.67025,0.6698510400409051,6,40,0.6702404531869344,1.0,parallel_abrupt,synthetic,NB,7,7042
synthetic_dataset_with_parallel_drifts_abrupt,2000,JS,0.6701375,0.6709552087420063,0.6701375,0.6697363897992195,5,40,0.6701279291159247,1.0,parallel_abrupt,synthetic,NB,7,7042
synthetic_dataset_with_parallel_drifts_abrupt,2500,Base,0.6680625,0.6692541097792748,0.6680625,0.6674696141206323,0,32,0.6680509008338493,1.0,parallel_abrupt,synthetic,NB,7,7042
synthetic_dataset_with_parallel_drifts_abrupt,2500,KS95,0.667225,0.6684084797572563,0.667225,0.6666316754011324,8,32,0.6672134110830142,1.0,parallel_abrupt,synthetic,NB,7,7042
synthetic_dataset_with_parallel_drifts_abrupt,2500,KS90,0.667475,0.6686081748889866,0.667475,0.6669078792258029,10,32,0.6674636654769397,1.0,parallel_abrupt,synthetic,NB,7,7042
synthetic_dataset_with_parallel_drifts_abrupt,2500,HD,0.6659,0.6694246327765222,0.6659,0.6641400820196884,5,32,0.6658801059821831,1.0,parallel_abrupt,synthetic,NB,7,7042
synthetic_dataset_with_parallel_drifts_abrupt,2500,JS,0.6625,0.6677238923551828,0.6625,0.6598349309296005,4,32,0.6624756713497226,1.0,parallel_abrupt,synthetic,NB,7,7042
synthetic_dataset_with_switching_drifts_incremental,1000,Base,0.673325,0.6734921595690392,0.673325,0.6732435633619918,0,80,0.6733206715448758,1.0,switching_incremental,synthetic,NB,7,7042
synthetic_dataset_with_switching_drifts_incremental,1000,KS95,0.6731375,0.6737202161493626,0.6731375,0.6728580918206534,29,80,0.6731294762179167,1.0,switching_incremental,synthetic,NB,7,7042
synthetic_dataset_with_switching_drifts_incremental,1000,KS90,0.673375,0.6740591139363831,0.673375,0.6730482640602204,31,80,0.6733663196733279,1.0,switching_incremental,synthetic,NB,7,7042
synthetic_dataset_with_switching_drifts_incremental,1000,HD,0.673425,0.6737048921689233,0.673425,0.6732898735644106,13,80,0.6734194203023436,1.0,switching_incremental,synthetic,NB,7,7042
synthetic_dataset_with_switching_drifts_incremental,1000,JS,0.6737125,0.6737473593966108,0.6737125,0.6736948783144858,10,80,0.6737104918868559,1.0,switching_incremental,synthetic,NB,7,7042
synthetic_dataset_with_switching_drifts_incremental,1500,Base,0.672725,0.6728727899360727,0.672725,0.6726524533461413,0,53,0.6727209189995196,1.0,switching_incremental,synthetic,NB,7,7042
synthetic_dataset_with_switching_drifts_incremental,1500,KS95,0.6718625,0.6731752580128033,0.6718625,0.6712317764841385,24,53,0.6718504679961916,1.0,switching_incremental,synthetic,NB,7,7042
synthetic_dataset_with_switching_drifts_incremental,1500,KS90,0.6718625,0.6731752580128033,0.6718625,0.6712317764841385,24,53,0.6718504679961916,1.0,switching_incremental,synthetic,NB,7,7042
synthetic_dataset_with_switching_drifts_incremental,1500,HD,0.671,0.6720681314484913,0.671,0.6704816306271787,13,53,0.6709891057435512,1.0,switching_incremental,synthetic,NB,7,7042
synthetic_dataset_with_switching_drifts_incremental,1500,JS,0.671,0.6720681314484913,0.671,0.6704816306271787,13,53,0.6709891057435512,1.0,switching_incremental,synthetic,NB,7,7042
synthetic_dataset_with_switching_drifts_incremental,2000,Base,0.672625,0.6727803840963947,0.672625,0.6725487280894786,0,40,0.6726208158669491,1.0,switching_incremental,synthetic,NB,7,7042
synthetic_dataset_with_switching_drifts_incremental,2000,KS95,0.670525,0.6718327293754667,0.670525,0.6698891678915286,19,40,0.6705129438325412,1.0,switching_incremental,synthetic,NB,7,7042
synthetic_dataset_with_switching_drifts_incremental,2000,KS90,0.6710625,0.672324123646816,0.6710625,0.6704517463745535,22,40,0.6710506741857072,1.0,switching_incremental,synthetic,NB,7,7042
synthetic_dataset_with_switching_drifts_incremental,2000,HD,0.6709625,0.6720053128366693,0.6709625,0.6704561104299428,12,40,0.6709517329282249,1.0,switching_incremental,synthetic,NB,7,7042
synthetic_dataset_with_switching_drifts_incremental,2000,JS,0.67045,0.6716320159894505,0.67045,0.6698742251282523,13,40,0.6704385282019136,1.0,switching_incremental,synthetic,NB,7,7042
synthetic_dataset_with_switching_drifts_incremental,2500,Base,0.6715875,0.6717426993976955,0.6715875,0.6715106098027284,0,32,0.6715833054759875,1.0,switching_incremental,synthetic,NB,7,7042
synthetic_dataset_with_switching_drifts_incremental,2500,KS95,0.670525,0.6720027060725986,0.670525,0.6698075796412484,20,32,0.6705121944574847,1.0,switching_incremental,synthetic,NB,7,7042
synthetic_dataset_with_switching_drifts_incremental,2500,KS90,0.6706125,0.6720949964414873,0.6706125,0.6698933412647964,21,32,0.6705996772766007,1.0,switching_incremental,synthetic,NB,7,7042
synthetic_dataset_with_switching_drifts_incremental,2500,HD,0.6702,0.6710742280170577,0.6702,0.6697717288894267,9,32,0.6701901094331271,1.0,switching_incremental,synthetic,NB,7,7042
synthetic_dataset_with_switching_drifts_incremental,2500,JS,0.669775,0.6711316448241027,0.669775,0.6691112616660928,9,32,0.6697626962758039,1.0,switching_incremental,synthetic,NB,7,7042
synthetic_dataset_with_parallel_drifts_incremental,1000,Base,0.6740875,0.6747882824813658,0.6740875,0.6737549924895058,0,80,0.6740787337897043,1.0,parallel_incremental,synthetic,NB,7,7042
synthetic_dataset_with_parallel_drifts_incremental,1000,KS95,0.6725375,0.6734458173029014,0.6725375,0.6721018555215608,12,80,0.6725274892973914,1.0,parallel_incremental,synthetic,NB,7,7042
synthetic_dataset_with_parallel_drifts_incremental,1000,KS90,0.6730125,0.6738697594608885,0.6730125,0.6726028004025251,13,80,0.6730027849583355,1.0,parallel_incremental,synthetic,NB,7,7042
synthetic_dataset_with_parallel_drifts_incremental,1000,HD,0.6719,0.673534207106023,0.6719,0.6711171821735815,7,80,0.6718865964364238,1.0,parallel_incremental,synthetic,NB,7,7042
synthetic_dataset_with_parallel_drifts_incremental,1000,JS,0.6719,0.673534207106023,0.6719,0.6711171821735815,7,80,0.6718865964364238,1.0,parallel_incremental,synthetic,NB,7,7042
synthetic_dataset_with_parallel_drifts_incremental,1500,Base,0.674225,0.6748501510092103,0.674225,0.6739283514003246,0,53,0.6742167184876393,1.0,parallel_incremental,synthetic,NB,7,7042
synthetic_dataset_with_parallel_drifts_incremental,1500,KS95,0.6726875,0.6738961084557592,0.6726875,0.672110478721411,8,53,0.6726759768086207,1.0,parallel_incremental,synthetic,NB,7,7042
synthetic_dataset_with_parallel_drifts_incremental,1500,KS90,0.6726,0.6739763033175523,0.6726,0.6719434112391236,11,53,0.6725877102394455,1.0,parallel_incremental,synthetic,NB,7,7042
synthetic_dataset_with_parallel_drifts_incremental,1500,HD,0.67195,0.6732159919891209,0.67195,0.6713419569180924,5,53,0.6719381845653252,1.0,parallel_incremental,synthetic,NB,7,7042
synthetic_dataset_with_parallel_drifts_incremental,1500,JS,0.67195,0.6732159919891209,0.67195,0.6713419569180924,5,53,0.6719381845653252,1.0,parallel_incremental,synthetic,NB,7,7042
synthetic_dataset_with_parallel_drifts_incremental,2000,Base,0.674175,0.674777105894418,0.674175,0.6738890370716545,0,40,0.6741668697338694,1.0,parallel_incremental,synthetic,NB,7,7042
synthetic_dataset_with_parallel_drifts_incremental,2000,KS95,0.6731375,0.6745283180195801,0.6731375,0.6724772087920116,6,40,0.6731251655925907,1.0,parallel_incremental,synthetic,NB,7,7042
synthetic_dataset_with_parallel_drifts_incremental,2000,KS90,0.674175,0.6746498651971404,0.674175,0.6739488345927456,10,40,0.6741677703589377,1.0,parallel_incremental,synthetic,NB,7,7042
synthetic_dataset_with_parallel_drifts_incremental,2000,HD,0.6738375,0.674705069390108,0.6738375,0.6734259371781754,6,40,0.6738277506457236,1.0,parallel_incremental,synthetic,NB,7,7042
synthetic_dataset_with_parallel_drifts_incremental,2000,JS,0.673925,0.6747388064484472,0.673925,0.6735389622788523,5,40,0.673915556589864,1.0,parallel_incremental,synthetic,NB,7,7042
synthetic_dataset_with_parallel_drifts_incremental,2500,Base,0.6742375,0.6748008353497893,0.6742375,0.6739698911964815,0,32,0.674229634426116,1.0,parallel_incremental,synthetic,NB,7,7042
synthetic_dataset_with_parallel_drifts_incremental,2500,KS95,0.6722625,0.673365569370043,0.6722625,0.6717333270808061,8,32,0.6722514717765176,1.0,parallel_incremental,synthetic,NB,7,7042
synthetic_dataset_with_parallel_drifts_incremental,2500,KS90,0.6725125,0.6735662256087552,0.6725125,0.6720078518142489,10,32,0.672501726170443,1.0,parallel_incremental,synthetic,NB,7,7042
synthetic_dataset_with_parallel_drifts_incremental,2500,HD,0.672325,0.673711578872508,0.672325,0.6716619590748707,2,32,0.6723126552186445,1.0,parallel_incremental,synthetic,NB,7,7042
synthetic_dataset_with_parallel_drifts_incremental,2500,JS,0.672325,0.673711578872508,0.672325,0.6716619590748707,2,32,0.6723126552186445,1.0,parallel_incremental,synthetic,NB,7,7042
synthetic_dataset_with_switching_drifts_abrupt,1000,Base,0.661325,0.6614223688626472,0.661325,0.6612715493106258,0,80,0.6613215575124428,1.0,switching_abrupt,synthetic,NB,7,7042
synthetic_dataset_with_switching_drifts_abrupt,1000,KS95,0.668975,0.6694354723780238,0.668975,0.6687452251087657,22,80,0.6689677699656875,1.0,switching_abrupt,synthetic,NB,7,7042
synthetic_dataset_with_switching_drifts_abrupt,1000,KS90,0.6690625,0.6697013781937948,0.6690625,0.6687451937430645,24,80,0.669054001534709,1.0,switching_abrupt,synthetic,NB,7,7042
synthetic_dataset_with_switching_drifts_abrupt,1000,HD,0.6682125,0.6684577238093409,0.6682125,0.6680882303746757,16,80,0.6682071914706688,1.0,switching_abrupt,synthetic,NB,7,7042
synthetic_dataset_with_switching_drifts_abrupt,1000,JS,0.6682875,0.6685695399183169,0.6682875,0.6681449652151601,17,80,0.6682818133513121,1.0,switching_abrupt,synthetic,NB,7,7042
synthetic_dataset_with_switching_drifts_abrupt,1500,Base,0.66085,0.6609348279837924,0.66085,0.6608030761919945,0,53,0.6608467774765375,1.0,switching_abrupt,synthetic,NB,7,7042
synthetic_dataset_with_switching_drifts_abrupt,1500,KS95,0.6650875,0.6663788657845615,0.6650875,0.6644281984769573,25,53,0.6650753231088213,1.0,switching_abrupt,synthetic,NB,7,7042
synthetic_dataset_with_switching_drifts_abrupt,1500,KS90,0.6650875,0.6663788657845615,0.6650875,0.6644281984769573,25,53,0.6650753231088213,1.0,switching_abrupt,synthetic,NB,7,7042
synthetic_dataset_with_switching_drifts_abrupt,1500,HD,0.662675,0.6635445557019672,0.662675,0.6622191178540039,14,53,0.6626649094890339,1.0,switching_abrupt,synthetic,NB,7,7042
synthetic_dataset_with_switching_drifts_abrupt,1500,JS,0.662675,0.6635445557019672,0.662675,0.6622191178540039,14,53,0.6626649094890339,1.0,switching_abrupt,synthetic,NB,7,7042
synthetic_dataset_with_switching_drifts_abrupt,2000,Base,0.6599375,0.6600306883096622,0.6599375,0.6598856311583448,0,40,0.6599341158450176,1.0,switching_abrupt,synthetic,NB,7,7042
synthetic_dataset_with_switching_drifts_abrupt,2000,KS95,0.6596,0.661316810636611,0.6596,0.6586819436957534,19,40,0.6595857498811724,1.0,switching_abrupt,synthetic,NB,7,7042
synthetic_dataset_with_switching_drifts_abrupt,2000,KS90,0.65985,0.6615110711350393,0.65985,0.6589633925349474,22,40,0.6598359905250967,1.0,switching_abrupt,synthetic,NB,7,7042
synthetic_dataset_with_switching_drifts_abrupt,2000,HD,0.659475,0.6604972964591994,0.659475,0.6589241508525716,13,40,0.659463960496962,1.0,switching_abrupt,synthetic,NB,7,7042
synthetic_dataset_with_switching_drifts_abrupt,2000,JS,0.659475,0.6604972964591994,0.659475,0.6589241508525716,13,40,0.659463960496962,1.0,switching_abrupt,synthetic,NB,7,7042
synthetic_dataset_with_switching_drifts_abrupt,2500,Base,0.659075,0.6591725339670522,0.659075,0.659020333947514,0,32,0.6590715298422846,1.0,switching_abrupt,synthetic,NB,7,7042
synthetic_dataset_with_switching_drifts_abrupt,2500,KS95,0.6579375,0.6592733540507358,0.6579375,0.6572097859591869,18,32,0.6579248413180663,1.0,switching_abrupt,synthetic,NB,7,7042
synthetic_dataset_with_switching_drifts_abrupt,2500,KS90,0.6580375,0.6593771537632694,0.6580375,0.6573084155028895,19,32,0.6580248275756275,1.0,switching_abrupt,synthetic,NB,7,7042
synthetic_dataset_with_switching_drifts_abrupt,2500,HD,0.659375,0.6594445907639611,0.659375,0.6593398243788906,4,32,0.6593778067404467,1.0,switching_abrupt,synthetic,NB,7,7042
synthetic_dataset_with_switching_drifts_abrupt,2500,JS,0.6587,0.6588024767663883,0.6587,0.6586424277041475,6,32,0.6586964404389183,1.0,switching_abrupt,synthetic,NB,7,7042
synthetic_dataset_no_drifts,1000,Base,0.675175,0.6755619177078906,0.675175,0.6749918729684806,0,80,0.6751684854346168,1.0,no_drifts,synthetic,NB,7,7042
synthetic_dataset_no_drifts,1000,KS95,0.6747125,0.6756439314499599,0.6747125,0.674274382649172,6,80,0.6747024275868712,1.0,no_drifts,synthetic,NB,7,7042
synthetic_dataset_no_drifts,1000,KS90,0.67445,0.675112208088338,0.67445,0.6741365961500052,8,80,0.6744414847546373,1.0,no_drifts,synthetic,NB,7,7042
synthetic_dataset_no_drifts,1000,HD,0.675575,0.6757315317003183,0.6755749999999999,0.6755001566350834,2,80,0.6755708367150445,1.0,no_drifts,synthetic,NB,7,7042
synthetic_dataset_no_drifts,1000,JS,0.675575,0.6757315317003183,0.6755749999999999,0.6755001566350834,2,80,0.6755708367150445,1.0,no_drifts,synthetic,NB,7,7042
synthetic_dataset_no_drifts,1500,Base,0.6751,0.6754647786491507,0.6751,0.6749271056273328,0,53,0.6750936710539589,1.0,no_drifts,synthetic,NB,7,7042
synthetic_dataset_no_drifts,1500,KS95,0.67345,0.6743137628084145,0.67345,0.6730388194026581,3,53,0.6734402609289197,1.0,no_drifts,synthetic,NB,7,7042
synthetic_dataset_no_drifts,1500,KS90,0.6733375,0.6748113198395216,0.6733375,0.6726395219991946,6,53,0.6733248149826891,1.0,no_drifts,synthetic,NB,7,7042
synthetic_dataset_no_drifts,1500,HD,0.673775,0.6748482003098212,0.673775,0.6732668271826419,4,53,0.6737641678284153,1.0,no_drifts,synthetic,NB,7,7042
synthetic_dataset_no_drifts,1500,JS,0.674,0.6743632444897009,0.674,0.6738261437393243,7,53,0.6739936640957709,1.0,no_drifts,synthetic,NB,7,7042
synthetic_dataset_no_drifts,2000,Base,0.6748625,0.6752458352933749,0.6748625,0.6746805464702637,0,40,0.6748560094734858,1.0,no_drifts,synthetic,NB,7,7042
synthetic_dataset_no_drifts,2000,KS95,0.6745125,0.6750481924039715,0.6745125,0.6742584891358331,2,40,0.6745048338219279,1.0,no_drifts,synthetic,NB,7,7042
synthetic_dataset_no_drifts,2000,KS90,0.6737,0.6745961778875473,0.6737,0.6732745048245652,5,40,0.673690089072813,1.0,no_drifts,synthetic,NB,7,7042
synthetic_dataset_no_drifts,2000,HD,0.6748625,0.675249953725232,0.6748625,0.6746786168262382,2,40,0.674855975098483,1.0,no_drifts,synthetic,NB,7,7042
synthetic_dataset_no_drifts,2000,JS,0.6748625,0.675249953725232,0.6748625,0.6746786168262382,2,40,0.674855975098483,1.0,no_drifts,synthetic,NB,7,7042
synthetic_dataset_no_drifts,2500,Base,0.6749625,0.6753354478339519,0.6749625,0.6747855702671742,0,32,0.674956098856055,1.0,no_drifts,synthetic,NB,7,7042
synthetic_dataset_no_drifts,2500,KS95,0.6749625,0.6753354478339519,0.6749625,0.6747855702671742,1,32,0.674956098856055,1.0,no_drifts,synthetic,NB,7,7042
synthetic_dataset_no_drifts,2500,KS90,0.6731375,0.6739990735972431,0.6731375,0.6727262163804079,2,32,0.6731277643427871,1.0,no_drifts,synthetic,NB,7,7042
synthetic_dataset_no_drifts,2500,HD,0.6746375,0.6749575306911864,0.6746375,0.6744849290022649,2,32,0.6746315594565118,1.0,no_drifts,synthetic,NB,7,7042
synthetic_dataset_no_drifts,2500,JS,0.6746375,0.6749575306911864,0.6746375,0.6744849290022649,2,32,0.6746315594565118,1.0,no_drifts,synthetic,NB,7,7042
synthetic_dataset_with_parallel_drifts_abrupt,1000,Base,0.728525,0.7378784019041501,0.728525,0.7258373014238987,0,80,0.728542334186609,1.0,parallel_abrupt,synthetic,NB,31,31042
synthetic_dataset_with_parallel_drifts_abrupt,1000,KS95,0.73175,0.7324921813286892,0.73175,0.731537834048479,11,80,0.7317549267849947,1.0,parallel_abrupt,synthetic,NB,31,31042
synthetic_dataset_with_parallel_drifts_abrupt,1000,KS90,0.7301625,0.7308300447545047,0.7301625,0.7299692791112634,14,80,0.7301671882988702,1.0,parallel_abrupt,synthetic,NB,31,31042
synthetic_dataset_with_parallel_drifts_abrupt,1000,HD,0.725575,0.7355458454839492,0.725575,0.7226476018380448,4,80,0.7255929859712852,1.0,parallel_abrupt,synthetic,NB,31,31042
synthetic_dataset_with_parallel_drifts_abrupt,1000,JS,0.725575,0.7355458454839492,0.725575,0.7226476018380448,4,80,0.7255929859712852,1.0,parallel_abrupt,synthetic,NB,31,31042
synthetic_dataset_with_parallel_drifts_abrupt,1500,Base,0.728525,0.737252279956352,0.728525,0.7260124533128505,0,53,0.7285417654365917,1.0,parallel_abrupt,synthetic,NB,31,31042
synthetic_dataset_with_parallel_drifts_abrupt,1500,KS95,0.7284875,0.730443342235867,0.7284875,0.7279136478305057,9,53,0.728495543872676,1.0,parallel_abrupt,synthetic,NB,31,31042
synthetic_dataset_with_parallel_drifts_abrupt,1500,KS90,0.7270375,0.728449874288841,0.7270375,0.726617950828843,12,53,0.7270443625782336,1.0,parallel_abrupt,synthetic,NB,31,31042
synthetic_dataset_with_parallel_drifts_abrupt,1500,HD,0.713375,0.7310377366222511,0.713375,0.707801430848595,5,53,0.7133991762228497,1.0,parallel_abrupt,synthetic,NB,31,31042
synthetic_dataset_with_parallel_drifts_abrupt,1500,JS,0.7206875,0.7303415311186999,0.7206875,0.7177379301890292,7,53,0.7207053961341029,1.0,parallel_abrupt,synthetic,NB,31,31042
synthetic_dataset_with_parallel_drifts_abrupt,2000,Base,0.73025,0.7378842831305903,0.73025,0.7280748890726703,0,40,0.7302656586143857,1.0,parallel_abrupt,synthetic,NB,31,31042
synthetic_dataset_with_parallel_drifts_abrupt,2000,KS95,0.726725,0.7329796023808318,0.726725,0.7248847286772883,7,40,0.7267393197563916,1.0,parallel_abrupt,synthetic,NB,31,31042
synthetic_dataset_with_parallel_drifts_abrupt,2000,KS90,0.7244375,0.7276684733156189,0.7244375,0.7234609614819623,10,40,0.7244479062487171,1.0,parallel_abrupt,synthetic,NB,31,31042
synthetic_dataset_with_parallel_drifts_abrupt,2000,HD,0.71785,0.7211997373881235,0.71785,0.7167827305345774,7,40,0.7178607494844854,1.0,parallel_abrupt,synthetic,NB,31,31042
synthetic_dataset_with_parallel_drifts_abrupt,2000,JS,0.7178875,0.7213535537566524,0.7178875,0.7167838546987978,8,40,0.7178984310481394,1.0,parallel_abrupt,synthetic,NB,31,31042
synthetic_dataset_with_parallel_drifts_abrupt,2500,Base,0.7304125,0.7377752109424919,0.7304125,0.7283157780179925,0,32,0.7304278808068537,1.0,parallel_abrupt,synthetic,NB,31,31042
synthetic_dataset_with_parallel_drifts_abrupt,2500,KS95,0.7233875,0.7308997823265738,0.7233875,0.7211261489814724,6,32,0.7234032655917251,1.0,parallel_abrupt,synthetic,NB,31,31042
synthetic_dataset_with_parallel_drifts_abrupt,2500,KS90,0.7233875,0.7308997823265738,0.7233875,0.7211261489814724,6,32,0.7234032655917251,1.0,parallel_abrupt,synthetic,NB,31,31042
synthetic_dataset_with_parallel_drifts_abrupt,2500,HD,0.7003625,0.7255837565538673,0.7003625,0.6917611315156402,4,32,0.700391739886997,1.0,parallel_abrupt,synthetic,NB,31,31042
synthetic_dataset_with_parallel_drifts_abrupt,2500,JS,0.7003625,0.7255837565538673,0.7003625,0.6917611315156402,4,32,0.700391739886997,1.0,parallel_abrupt,synthetic,NB,31,31042
synthetic_dataset_with_switching_drifts_incremental,1000,Base,0.7463625,0.7469643124664184,0.7463625,0.7462095424546462,0,80,0.7463668037949833,1.0,switching_incremental,synthetic,NB,31,31042
synthetic_dataset_with_switching_drifts_incremental,1000,KS95,0.744075,0.7449728688672774,0.744075,0.7438423431498764,31,80,0.7440802815374586,1.0,switching_incremental,synthetic,NB,31,31042
synthetic_dataset_with_switching_drifts_incremental,1000,KS90,0.7424,0.7433065885681018,0.7424,0.7421619155090097,34,80,0.7424053252361631,1.0,switching_incremental,synthetic,NB,31,31042
synthetic_dataset_with_switching_drifts_incremental,1000,HD,0.7431625,0.7448213732581488,0.7431625,0.7427295058056769,15,80,0.7431696868220716,1.0,switching_incremental,synthetic,NB,31,31042
synthetic_dataset_with_switching_drifts_incremental,1000,JS,0.7402125,0.7412433398702096,0.7402125,0.7399369661218469,14,80,0.7402182036066826,1.0,switching_incremental,synthetic,NB,31,31042
synthetic_dataset_with_switching_drifts_incremental,1500,Base,0.745325,0.7458877581967804,0.7453250000000001,0.7451808143470481,0,53,0.7453291703257059,1.0,switching_incremental,synthetic,NB,31,31042
synthetic_dataset_with_switching_drifts_incremental,1500,KS95,0.7400625,0.7412725387192896,0.7400625,0.7397386541249388,25,53,0.7400686804771034,1.0,switching_incremental,synthetic,NB,31,31042
synthetic_dataset_with_switching_drifts_incremental,1500,KS90,0.7400625,0.7412725387192896,0.7400625,0.7397386541249388,25,53,0.7400686804771034,1.0,switching_incremental,synthetic,NB,31,31042
synthetic_dataset_with_switching_drifts_incremental,1500,HD,0.739575,0.7424311647224103,0.739575,0.7388094941081425,14,53,0.7395844813997747,1.0,switching_incremental,synthetic,NB,31,31042
synthetic_dataset_with_switching_drifts_incremental,1500,JS,0.739575,0.7424311647224103,0.739575,0.7388094941081425,14,53,0.7395844813997747,1.0,switching_incremental,synthetic,NB,31,31042
synthetic_dataset_with_switching_drifts_incremental,2000,Base,0.7446,0.74497915478086,0.7446,0.7445024753299234,0,40,0.7446034265534799,1.0,switching_incremental,synthetic,NB,31,31042
synthetic_dataset_with_switching_drifts_incremental,2000,KS95,0.7394,0.7409320924831566,0.7394,0.7389878486858957,20,40,0.7394069613943381,1.0,switching_incremental,synthetic,NB,31,31042
synthetic_dataset_with_switching_drifts_incremental,2000,KS90,0.7391375,0.7406095906682644,0.7391375,0.7387406385046669,21,40,0.739144327948795,1.0,switching_incremental,synthetic,NB,31,31042
synthetic_dataset_with_switching_drifts_incremental,2000,HD,0.74,0.7413958873013738,0.74,0.7396262476677176,11,40,0.7400066376627032,1.0,switching_incremental,synthetic,NB,31,31042
synthetic_dataset_with_switching_drifts_incremental,2000,JS,0.74,0.7413958873013738,0.74,0.7396262476677176,11,40,0.7400066376627032,1.0,switching_incremental,synthetic,NB,31,31042
synthetic_dataset_with_switching_drifts_incremental,2500,Base,0.743275,0.7436617813173741,0.743275,0.7431744435103445,0,32,0.7432784702629032,1.0,switching_incremental,synthetic,NB,31,31042
synthetic_dataset_with_switching_drifts_incremental,2500,KS95,0.7369625,0.7389354681926312,0.7369625,0.7364216197392187,17,32,0.7369704347572195,1.0,switching_incremental,synthetic,NB,31,31042
synthetic_dataset_with_switching_drifts_incremental,2500,KS90,0.7369625,0.7389354681926312,0.7369625,0.7364216197392187,17,32,0.7369704347572195,1.0,switching_incremental,synthetic,NB,31,31042
synthetic_dataset_with_switching_drifts_incremental,2500,HD,0.7379625,0.7390686046173721,0.7379625,0.7376614662219357,10,32,0.7379684354127833,1.0,switching_incremental,synthetic,NB,31,31042
synthetic_dataset_with_switching_drifts_incremental,2500,JS,0.737875,0.7381478102016233,0.737875,0.7378011092910578,11,32,0.737877945097512,1.0,switching_incremental,synthetic,NB,31,31042
synthetic_dataset_with_parallel_drifts_incremental,1000,Base,0.7467125,0.748457818451266,0.7467125,0.7462697075945587,0,80,0.7467198181807945,1.0,parallel_incremental,synthetic,NB,31,31042
synthetic_dataset_with_parallel_drifts_incremental,1000,KS95,0.7445125,0.7460643526276198,0.7445125,0.74411173748963,15,80,0.7445194331134076,1.0,parallel_incremental,synthetic,NB,31,31042
synthetic_dataset_with_parallel_drifts_incremental,1000,KS90,0.742925,0.7443622175759464,0.742925,0.7425490758868653,18,80,0.7429316946272833,1.0,parallel_incremental,synthetic,NB,31,31042
synthetic_dataset_with_parallel_drifts_incremental,1000,HD,0.7435625,0.750680693314757,0.7435625,0.7417347818727131,4,80,0.7435772293345526,1.0,parallel_incremental,synthetic,NB,31,31042
synthetic_dataset_with_parallel_drifts_incremental,1000,JS,0.7455375,0.7491377597872096,0.7455375,0.7446189056263425,5,80,0.7455480031449077,1.0,parallel_incremental,synthetic,NB,31,31042
synthetic_dataset_with_parallel_drifts_incremental,1500,Base,0.7457,0.7473566909534766,0.7457,0.745276241389349,0,53,0.7457071453372812,1.0,parallel_incremental,synthetic,NB,31,31042
synthetic_dataset_with_parallel_drifts_incremental,1500,KS95,0.7406,0.7425337425994938,0.7406,0.7400850201587631,10,53,0.7406077970561138,1.0,parallel_incremental,synthetic,NB,31,31042
synthetic_dataset_with_parallel_drifts_incremental,1500,KS90,0.7394625,0.7409575141199797,0.7394625,0.7390605111615496,13,53,0.7394693760837496,1.0,parallel_incremental,synthetic,NB,31,31042
synthetic_dataset_with_parallel_drifts_incremental,1500,HD,0.7380875,0.7430305571578909,0.7380875,0.7367539455183056,6,53,0.7380999629168113,1.0,parallel_incremental,synthetic,NB,31,31042
synthetic_dataset_with_parallel_drifts_incremental,1500,JS,0.7380875,0.7430305571578909,0.7380875,0.7367539455183056,6,53,0.7380999629168113,1.0,parallel_incremental,synthetic,NB,31,31042
synthetic_dataset_with_parallel_drifts_incremental,2000,Base,0.7459625,0.7473136387720198,0.7459625,0.7456175410414448,0,40,0.7459689519077992,1.0,parallel_incremental,synthetic,NB,31,31042
synthetic_dataset_with_parallel_drifts_incremental,2000,KS95,0.7413125,0.7446307012682196,0.7413125,0.7404363251459015,7,40,0.741322674890507,1.0,parallel_incremental,synthetic,NB,31,31042
synthetic_dataset_with_parallel_drifts_incremental,2000,KS90,0.73965,0.741597944553756,0.73965,0.7391273003060632,10,40,0.7396578407770213,1.0,parallel_incremental,synthetic,NB,31,31042
synthetic_dataset_with_parallel_drifts_incremental,2000,HD,0.7387125,0.7406757971387973,0.7387125,0.7381817349370303,7,40,0.7387203866858116,1.0,parallel_incremental,synthetic,NB,31,31042
synthetic_dataset_with_parallel_drifts_incremental,2000,JS,0.7456,0.7500794315752053,0.7456,0.7444601618856111,3,40,0.7456116953343582,1.0,parallel_incremental,synthetic,NB,31,31042
synthetic_dataset_with_parallel_drifts_incremental,2500,Base,0.7450875,0.7464670263186356,0.7450875,0.7447328295146246,0,32,0.7450940306310047,1.0,parallel_incremental,synthetic,NB,31,31042
synthetic_dataset_with_parallel_drifts_incremental,2500,KS95,0.7411,0.7456188799739655,0.7411,0.7399083809358655,6,32,0.7411118526965506,1.0,parallel_incremental,synthetic,NB,31,31042
synthetic_dataset_with_parallel_drifts_incremental,2500,KS90,0.7411,0.7456188799739655,0.7411,0.7399083809358655,6,32,0.7411118526965506,1.0,parallel_incremental,synthetic,NB,31,31042
synthetic_dataset_with_parallel_drifts_incremental,2500,HD,0.744,0.7481282922817248,0.744,0.742935114584841,2,32,0.7440112709103452,1.0,parallel_incremental,synthetic,NB,31,31042
synthetic_dataset_with_parallel_drifts_incremental,2500,JS,0.744,0.7481282922817248,0.744,0.742935114584841,2,32,0.7440112709103452,1.0,parallel_incremental,synthetic,NB,31,31042
synthetic_dataset_with_switching_drifts_abrupt,1000,Base,0.720875,0.7223907969226122,0.720875,0.7204018432829019,0,80,0.7208822058270176,1.0,switching_abrupt,synthetic,NB,31,31042
synthetic_dataset_with_switching_drifts_abrupt,1000,KS95,0.7294125,0.7298184324740324,0.7294125,0.7292945383670316,23,80,0.7294161601508699,1.0,switching_abrupt,synthetic,NB,31,31042
synthetic_dataset_with_switching_drifts_abrupt,1000,KS90,0.72745,0.7277534965590493,0.72745,0.7273605595504922,27,80,0.7274531766532535,1.0,switching_abrupt,synthetic,NB,31,31042
synthetic_dataset_with_switching_drifts_abrupt,1000,HD,0.7243125,0.7253386264101882,0.7243125,0.7240009120101071,17,80,0.7243183868697506,1.0,switching_abrupt,synthetic,NB,31,31042
synthetic_dataset_with_switching_drifts_abrupt,1000,JS,0.7243375,0.7253515555430816,0.7243375,0.7240296424155046,16,80,0.7243433518705152,1.0,switching_abrupt,synthetic,NB,31,31042
synthetic_dataset_with_switching_drifts_abrupt,1500,Base,0.7185125,0.719796652161683,0.7185125,0.7181038384238702,0,53,0.7185191698171496,1.0,switching_abrupt,synthetic,NB,31,31042
synthetic_dataset_with_switching_drifts_abrupt,1500,KS95,0.7227,0.7237968388643374,0.7227,0.7223625653329213,25,53,0.7227061077578746,1.0,switching_abrupt,synthetic,NB,31,31042
synthetic_dataset_with_switching_drifts_abrupt,1500,KS90,0.7227,0.7237968388643374,0.7227,0.7223625653329213,25,53,0.7227061077578746,1.0,switching_abrupt,synthetic,NB,31,31042
synthetic_dataset_with_switching_drifts_abrupt,1500,HD,0.715325,0.717663998501818,0.715325,0.7145624347409939,13,53,0.7153340519071054,1.0,switching_abrupt,synthetic,NB,31,31042
synthetic_dataset_with_switching_drifts_abrupt,1500,JS,0.715325,0.717663998501818,0.715325,0.7145624347409939,13,53,0.7153340519071054,1.0,switching_abrupt,synthetic,NB,31,31042
synthetic_dataset_with_switching_drifts_abrupt,2000,Base,0.7186375,0.7195777112140435,0.7186375,0.7183386243440832,0,40,0.7186432073209481,1.0,switching_abrupt,synthetic,NB,31,31042
synthetic_dataset_with_switching_drifts_abrupt,2000,KS95,0.7151875,0.716610041117091,0.7151875,0.7147224629602843,20,40,0.7151945722153338,1.0,switching_abrupt,synthetic,NB,31,31042
synthetic_dataset_with_switching_drifts_abrupt,2000,KS90,0.7149875,0.7163031220306356,0.7149875,0.7145566790811346,21,40,0.7149943053342007,1.0,switching_abrupt,synthetic,NB,31,31042
synthetic_dataset_with_switching_drifts_abrupt,2000,HD,0.710075,0.711283165610055,0.710075,0.709663172620621,12,40,0.7100815973712489,1.0,switching_abrupt,synthetic,NB,31,31042
synthetic_dataset_with_switching_drifts_abrupt,2000,JS,0.710075,0.711283165610055,0.710075,0.709663172620621,12,40,0.7100815973712489,1.0,switching_abrupt,synthetic,NB,31,31042
synthetic_dataset_with_switching_drifts_abrupt,2500,Base,0.7182375,0.7190670576792779,0.7182375,0.7179729930870303,0,32,0.7182428660586877,1.0,switching_abrupt,synthetic,NB,31,31042
synthetic_dataset_with_switching_drifts_abrupt,2500,KS95,0.7075125,0.7086862523394731,0.7075125,0.7071039082687597,16,32,0.7075190426052707,1.0,switching_abrupt,synthetic,NB,31,31042
synthetic_dataset_with_switching_drifts_abrupt,2500,KS90,0.7075125,0.7086862523394731,0.7075125,0.7071039082687597,16,32,0.7075190426052707,1.0,switching_abrupt,synthetic,NB,31,31042
synthetic_dataset_with_switching_drifts_abrupt,2500,HD,0.7070625,0.7083413472424065,0.7070625,0.7066156954808448,8,32,0.7070693357164984,1.0,switching_abrupt,synthetic,NB,31,31042
synthetic_dataset_with_switching_drifts_abrupt,2500,JS,0.709575,0.7096357326361622,0.709575,0.7095546910042351,4,32,0.7095764698557795,1.0,switching_abrupt,synthetic,NB,31,31042
synthetic_dataset_no_drifts,1000,Base,0.751275,0.7516238842819578,0.751275,0.7511899619790277,0,80,0.7512782430078961,1.0,no_drifts,synthetic,NB,31,31042
synthetic_dataset_no_drifts,1000,KS95,0.7518625,0.753151604886193,0.7518625,0.7515485102369163,5,80,0.7518687289634799,1.0,no_drifts,synthetic,NB,31,31042
synthetic_dataset_no_drifts,1000,KS90,0.7504125,0.7516708604041443,0.7504125,0.7501024307598142,10,80,0.7504186720440719,1.0,no_drifts,synthetic,NB,31,31042
synthetic_dataset_no_drifts,1000,HD,0.7505875,0.7512659123974944,0.7505875,0.7504207281777564,4,80,0.7505920314243809,1.0,no_drifts,synthetic,NB,31,31042
synthetic_dataset_no_drifts,1000,JS,0.7505875,0.7512659123974944,0.7505875,0.7504207281777564,4,80,0.7505920314243809,1.0,no_drifts,synthetic,NB,31,31042
synthetic_dataset_no_drifts,1500,Base,0.7514875,0.7519268540147958,0.7514875,0.7513804560381606,0,53,0.7514911389519161,1.0,no_drifts,synthetic,NB,31,31042
synthetic_dataset_no_drifts,1500,KS95,0.75185,0.7531950202974472,0.75185,0.7515223619482618,2,53,0.7518563624006012,1.0,no_drifts,synthetic,NB,31,31042
synthetic_dataset_no_drifts,1500,KS90,0.7512375,0.7524205498905354,0.7512375,0.7509479033620471,5,53,0.7512434751943314,1.0,no_drifts,synthetic,NB,31,31042
synthetic_dataset_no_drifts,1500,HD,0.7514625,0.751936182390176,0.7514625,0.7513470272752918,1,53,0.7514662789511548,1.0,no_drifts,synthetic,NB,31,31042
synthetic_dataset_no_drifts,1500,JS,0.7514625,0.751936182390176,0.7514625,0.7513470272752918,1,53,0.7514662789511548,1.0,no_drifts,synthetic,NB,31,31042
synthetic_dataset_no_drifts,2000,Base,0.751375,0.751738243528398,0.751375,0.751286511451325,0,40,0.7513783086359608,1.0,no_drifts,synthetic,NB,31,31042
synthetic_dataset_no_drifts,2000,KS95,0.7518875,0.7534657582947171,0.7518875,0.7515032152907605,3,40,0.7518943895892656,1.0,no_drifts,synthetic,NB,31,31042
synthetic_dataset_no_drifts,2000,KS90,0.7518625,0.753262883462614,0.7518625,0.751521416936521,4,40,0.7518689914634878,1.0,no_drifts,synthetic,NB,31,31042
synthetic_dataset_no_drifts,2000,HD,0.7497875,0.7500691839165095,0.7497875,0.7497181183483829,4,40,0.7497904213998318,1.0,no_drifts,synthetic,NB,31,31042
synthetic_dataset_no_drifts,2000,JS,0.7497875,0.7500691839165095,0.7497875,0.7497181183483829,4,40,0.7497904213998318,1.0,no_drifts,synthetic,NB,31,31042
synthetic_dataset_no_drifts,2500,Base,0.751775,0.7522443480884885,0.751775,0.7516608740080862,0,32,0.7517787592732245,1.0,no_drifts,synthetic,NB,31,31042
synthetic_dataset_no_drifts,2500,KS95,0.7512375,0.7516273460580207,0.7512375,0.7511423882278975,1,32,0.7512409289442533,1.0,no_drifts,synthetic,NB,31,31042
synthetic_dataset_no_drifts,2500,KS90,0.752075,0.753661485073744,0.752075,0.751689292320502,1,32,0.7520819049075083,1.0,no_drifts,synthetic,NB,31,31042
synthetic_dataset_no_drifts,2500,HD,0.751775,0.7522443480884885,0.751775,0.7516608740080862,0,32,0.7517787592732245,1.0,no_drifts,synthetic,NB,31,31042
synthetic_dataset_no_drifts,2500,JS,0.751775,0.7522443480884885,0.751775,0.7516608740080862,0,32,0.7517787592732245,1.0,no_drifts,synthetic,NB,31,31042
synthetic_dataset_with_parallel_drifts_abrupt,1000,Base,0.8106,0.8106876532415969,0.8106,0.8105862760079735,0,80,0.8105985198245796,1.0,parallel_abrupt,synthetic,NB,9,9042
synthetic_dataset_with_parallel_drifts_abrupt,1000,KS95,0.8143875,0.8144372341605316,0.8143875,0.8143804236382295,10,80,0.8143885902531507,1.0,parallel_abrupt,synthetic,NB,9,9042
synthetic_dataset_with_parallel_drifts_abrupt,1000,KS90,0.814775,0.8149246829356002,0.814775,0.814753444288024,13,80,0.8147768974525426,1.0,parallel_abrupt,synthetic,NB,9,9042
synthetic_dataset_with_parallel_drifts_abrupt,1000,HD,0.8110875,0.8112256919680327,0.8110875,0.8110660720478178,4,80,0.8110856457769978,1.0,parallel_abrupt,synthetic,NB,9,9042
synthetic_dataset_with_parallel_drifts_abrupt,1000,JS,0.8110875,0.8112256919680327,0.8110875,0.8110660720478178,4,80,0.8110856457769978,1.0,parallel_abrupt,synthetic,NB,9,9042
synthetic_dataset_with_parallel_drifts_abrupt,1500,Base,0.8100625,0.810121742378578,0.8100625,0.8100531274457374,0,53,0.8100612801206267,1.0,parallel_abrupt,synthetic,NB,9,9042
synthetic_dataset_with_parallel_drifts_abrupt,1500,KS95,0.8118375,0.8118427981465511,0.8118375,0.8118366113098434,10,53,0.8118371289250121,1.0,parallel_abrupt,synthetic,NB,9,9042
synthetic_dataset_with_parallel_drifts_abrupt,1500,KS90,0.8118375,0.8118408381122981,0.8118375,0.811836925191022,11,53,0.8118372033000144,1.0,parallel_abrupt,synthetic,NB,9,9042
synthetic_dataset_with_parallel_drifts_abrupt,1500,HD,0.8088875,0.8091165497121714,0.8088875,0.8088514936570966,6,53,0.8088851075846064,1.0,parallel_abrupt,synthetic,NB,9,9042
synthetic_dataset_with_parallel_drifts_abrupt,1500,JS,0.8070875,0.8076410974914335,0.8070875,0.806999733191822,5,53,0.8070837775294407,1.0,parallel_abrupt,synthetic,NB,9,9042
synthetic_dataset_with_parallel_drifts_abrupt,2000,Base,0.809825,0.8098370877931007,0.809825,0.8098230081325725,0,40,0.8098244429258735,1.0,parallel_abrupt,synthetic,NB,9,9042
synthetic_dataset_with_parallel_drifts_abrupt,2000,KS95,0.80935,0.809376162468716,0.80935,0.8093457674724825,8,40,0.8093491847863189,1.0,parallel_abrupt,synthetic,NB,9,9042
synthetic_dataset_with_parallel_drifts_abrupt,2000,KS90,0.8106125,0.8106232326757545,0.8106125,0.810610990008065,11,40,0.8106130038875232,1.0,parallel_abrupt,synthetic,NB,9,9042
synthetic_dataset_with_parallel_drifts_abrupt,2000,HD,0.8090625,0.8090654292163707,0.8090625,0.8090621137387134,5,40,0.8090627588400469,1.0,parallel_abrupt,synthetic,NB,9,9042
synthetic_dataset_with_parallel_drifts_abrupt,2000,JS,0.8090625,0.8090654292163707,0.8090625,0.8090621137387134,5,40,0.8090627588400469,1.0,parallel_abrupt,synthetic,NB,9,9042
synthetic_dataset_with_parallel_drifts_abrupt,2500,Base,0.8095375,0.8095405145395651,0.8095375,0.8095369670902215,0,32,0.8095372163545773,1.0,parallel_abrupt,synthetic,NB,9,9042
synthetic_dataset_with_parallel_drifts_abrupt,2500,KS95,0.808125,0.8081279516318508,0.808125,0.8081244711429116,6,32,0.8081247184988195,1.0,parallel_abrupt,synthetic,NB,9,9042
synthetic_dataset_with_parallel_drifts_abrupt,2500,KS90,0.807975,0.8079755565862557,0.807975,0.8079748823845974,8,32,0.8079748716192304,1.0,parallel_abrupt,synthetic,NB,9,9042
synthetic_dataset_with_parallel_drifts_abrupt,2500,HD,0.803125,0.8036863479361159,0.803125,0.8030329978411659,3,32,0.8031212270955875,1.0,parallel_abrupt,synthetic,NB,9,9042
synthetic_dataset_with_parallel_drifts_abrupt,2500,JS,0.800375,0.8013868597742723,0.800375,0.8002059583931845,4,32,0.8003699188863288,1.0,parallel_abrupt,synthetic,NB,9,9042
synthetic_dataset_with_switching_drifts_incremental,1000,Base,0.8168,0.8171453779341927,0.8168,0.816750789939379,0,80,0.8168028775145881,1.0,switching_incremental,synthetic,NB,9,9042
synthetic_dataset_with_switching_drifts_incremental,1000,KS95,0.8168375,0.8168538136224419,0.8168375,0.8168352895753089,27,80,0.8168381178281674,1.0,switching_incremental,synthetic,NB,9,9042
synthetic_dataset_with_switching_drifts_incremental,1000,KS90,0.8165625,0.8165736153103551,0.8165625,0.8165610114219897,30,80,0.8165630084447421,1.0,switching_incremental,synthetic,NB,9,9042
synthetic_dataset_with_switching_drifts_incremental,1000,HD,0.816925,0.8169626611086639,0.816925,0.8169197856514359,12,80,0.816925943768357,1.0,switching_incremental,synthetic,NB,9,9042
synthetic_dataset_with_switching_drifts_incremental,1000,JS,0.816525,0.8165728988412643,0.816525,0.8165183132462409,12,80,0.8165260662561108,1.0,switching_incremental,synthetic,NB,9,9042
synthetic_dataset_with_switching_drifts_incremental,1500,Base,0.816075,0.816374164417925,0.816075,0.8160321473320795,0,53,0.8160776806173791,1.0,switching_incremental,synthetic,NB,9,9042
synthetic_dataset_with_switching_drifts_incremental,1500,KS95,0.815425,0.8154587995996745,0.815425,0.8154202708407317,23,53,0.815425895597418,1.0,switching_incremental,synthetic,NB,9,9042
synthetic_dataset_with_switching_drifts_incremental,1500,KS90,0.8156375,0.815688625867323,0.8156375,0.8156302994779192,26,53,0.8156386034164322,1.0,switching_incremental,synthetic,NB,9,9042
synthetic_dataset_with_switching_drifts_incremental,1500,HD,0.8155,0.815575338671051,0.8155,0.8154893090033656,12,53,0.8155013418497286,1.0,switching_incremental,synthetic,NB,9,9042
synthetic_dataset_with_switching_drifts_incremental,1500,JS,0.815475,0.8155469577906918,0.815475,0.8154647936015311,14,53,0.815476311223962,1.0,switching_incremental,synthetic,NB,9,9042
synthetic_dataset_with_switching_drifts_incremental,2000,Base,0.816125,0.816446022577096,0.816125,0.816079014822424,0,40,0.8161277768689132,1.0,switching_incremental,synthetic,NB,9,9042
synthetic_dataset_with_switching_drifts_incremental,2000,KS95,0.81455,0.8145622929614922,0.81455,0.8145483184177379,18,40,0.8145505368206102,1.0,switching_incremental,synthetic,NB,9,9042
synthetic_dataset_with_switching_drifts_incremental,2000,KS90,0.81455,0.8145538559381699,0.81455,0.8145495041518712,20,40,0.8145502961956028,1.0,switching_incremental,synthetic,NB,9,9042
synthetic_dataset_with_switching_drifts_incremental,2000,HD,0.8136875,0.8137111183110158,0.8136875,0.8136841755749742,11,40,0.8136882489817026,1.0,switching_incremental,synthetic,NB,9,9042
synthetic_dataset_with_switching_drifts_incremental,2000,JS,0.8135625,0.8135989216962477,0.8135625,0.813557313547883,10,40,0.8135634327278801,1.0,switching_incremental,synthetic,NB,9,9042
synthetic_dataset_with_switching_drifts_incremental,2500,Base,0.8158625,0.8161532508750441,0.8158625,0.8158207844665852,0,32,0.81586514342337,1.0,switching_incremental,synthetic,NB,9,9042
synthetic_dataset_with_switching_drifts_incremental,2500,KS95,0.813625,0.8136266611188708,0.813625,0.813624800811539,18,32,0.8136251911672714,1.0,switching_incremental,synthetic,NB,9,9042
synthetic_dataset_with_switching_drifts_incremental,2500,KS90,0.813625,0.8136266611188708,0.813625,0.813624800811539,18,32,0.8136251911672714,1.0,switching_incremental,synthetic,NB,9,9042
synthetic_dataset_with_switching_drifts_incremental,2500,HD,0.815525,0.8157015935880599,0.815525,0.8154996912216309,10,32,0.8155270593505162,1.0,switching_incremental,synthetic,NB,9,9042
synthetic_dataset_with_switching_drifts_incremental,2500,JS,0.815525,0.8157015935880599,0.815525,0.8154996912216309,10,32,0.8155270593505162,1.0,switching_incremental,synthetic,NB,9,9042
synthetic_dataset_with_parallel_drifts_incremental,1000,Base,0.8185375,0.8185500416669782,0.8185375,0.8185358408797169,0,80,0.8185380391302274,1.0,parallel_incremental,synthetic,NB,9,9042
synthetic_dataset_with_parallel_drifts_incremental,1000,KS95,0.8184,0.8184198712475284,0.8184,0.8183973270374114,13,80,0.818400681313521,1.0,parallel_incremental,synthetic,NB,9,9042
synthetic_dataset_with_parallel_drifts_incremental,1000,KS90,0.8187875,0.8188585237817477,0.8187875,0.8187777113188336,16,80,0.818788796012907,1.0,parallel_incremental,synthetic,NB,9,9042
synthetic_dataset_with_parallel_drifts_incremental,1000,HD,0.818125,0.8181251137196086,0.818125,0.8181249704453051,4,80,0.8181249375550762,1.0,parallel_incremental,synthetic,NB,9,9042
synthetic_dataset_with_parallel_drifts_incremental,1000,JS,0.818125,0.8181251137196086,0.818125,0.8181249704453051,4,80,0.8181249375550762,1.0,parallel_incremental,synthetic,NB,9,9042
synthetic_dataset_with_parallel_drifts_incremental,1500,Base,0.818475,0.8184910537189453,0.818475,0.8184728563925995,0,53,0.8184756113158156,1.0,parallel_incremental,synthetic,NB,9,9042
synthetic_dataset_with_parallel_drifts_incremental,1500,KS95,0.817775,0.8177750023889062,0.817775,0.8177750006833437,10,53,0.8177749987943594,1.0,parallel_incremental,synthetic,NB,9,9042
synthetic_dataset_with_parallel_drifts_incremental,1500,KS90,0.817775,0.8177752860983379,0.817775,0.8177749774496545,11,53,0.8177750731693616,1.0,parallel_incremental,synthetic,NB,9,9042
synthetic_dataset_with_parallel_drifts_incremental,1500,HD,0.8171125,0.8171377584770935,0.8171125,0.8171086733673659,5,53,0.8171117090865461,1.0,parallel_incremental,synthetic,NB,9,9042
synthetic_dataset_with_parallel_drifts_incremental,1500,JS,0.8171125,0.8171377584770935,0.8171125,0.8171086733673659,5,53,0.8171117090865461,1.0,parallel_incremental,synthetic,NB,9,9042
synthetic_dataset_with_parallel_drifts_incremental,2000,Base,0.818375,0.8184104383576157,0.818375,0.818370160704267,0,40,0.8183759131877625,1.0,parallel_incremental,synthetic,NB,9,9042
synthetic_dataset_with_parallel_drifts_incremental,2000,KS95,0.81735,0.8173500635615032,0.81735,0.81734999908675,8,40,0.8173500294063446,1.0,parallel_incremental,synthetic,NB,9,9042
synthetic_dataset_with_parallel_drifts_incremental,2000,KS90,0.8178125,0.8178345276850801,0.8178125,0.8178095130175045,11,40,0.8178132184830298,1.0,parallel_incremental,synthetic,NB,9,9042
synthetic_dataset_with_parallel_drifts_incremental,2000,HD,0.8172,0.8172052032361266,0.8172,0.8171993327777777,5,40,0.8172003444017605,1.0,parallel_incremental,synthetic,NB,9,9042
synthetic_dataset_with_parallel_drifts_incremental,2000,JS,0.8172,0.8172052032361266,0.8172,0.8171993327777777,5,40,0.8172003444017605,1.0,parallel_incremental,synthetic,NB,9,9042
synthetic_dataset_with_parallel_drifts_incremental,2500,Base,0.818475,0.8185142422586665,0.818475,0.8184696341943235,0,32,0.8184759613158263,1.0,parallel_incremental,synthetic,NB,9,9042
synthetic_dataset_with_parallel_drifts_incremental,2500,KS95,0.8177625,0.8177635005573882,0.8177625,0.8177623919388064,6,32,0.8177626453564809,1.0,parallel_incremental,synthetic,NB,9,9042
synthetic_dataset_with_parallel_drifts_incremental,2500,KS90,0.8175625,0.8175636762963683,0.8175625,0.8175623695856175,8,32,0.8175626584753565,1.0,parallel_incremental,synthetic,NB,9,9042
synthetic_dataset_with_parallel_drifts_incremental,2500,HD,0.8180875,0.818089527286318,0.8180875,0.8180872608132161,2,32,0.8180877109914361,1.0,parallel_incremental,synthetic,NB,9,9042
synthetic_dataset_with_parallel_drifts_incremental,2500,JS,0.8180875,0.818089527286318,0.8180875,0.8180872608132161,2,32,0.8180877109914361,1.0,parallel_incremental,synthetic,NB,9,9042
synthetic_dataset_with_switching_drifts_abrupt,1000,Base,0.79735,0.7986791318541216,0.79735,0.7971258814431377,0,80,0.7973558256690221,1.0,switching_abrupt,synthetic,NB,9,9042
synthetic_dataset_with_switching_drifts_abrupt,1000,KS95,0.8075625,0.8075649453989202,0.8075625,0.8075620539347288,24,80,0.8075622425440936,1.0,switching_abrupt,synthetic,NB,9,9042
synthetic_dataset_with_switching_drifts_abrupt,1000,KS90,0.807225,0.8072325121480551,0.807225,0.8072237108079625,27,80,0.8072245565962521,1.0,switching_abrupt,synthetic,NB,9,9042
synthetic_dataset_with_switching_drifts_abrupt,1000,HD,0.80485,0.8049624898526042,0.80485,0.8048324339721158,15,80,0.8048516696485825,1.0,switching_abrupt,synthetic,NB,9,9042
synthetic_dataset_with_switching_drifts_abrupt,1000,JS,0.804775,0.8048234390053234,0.804775,0.804767526996992,16,80,0.8047760921462679,1.0,switching_abrupt,synthetic,NB,9,9042
synthetic_dataset_with_switching_drifts_abrupt,1500,Base,0.7963625,0.7974362796602938,0.7963625,0.7961799805396195,0,53,0.7963677459512623,1.0,switching_abrupt,synthetic,NB,9,9042
synthetic_dataset_with_switching_drifts_abrupt,1500,KS95,0.801975,0.8019822714395781,0.801975,0.8019739195206239,24,53,0.8019754183104971,1.0,switching_abrupt,synthetic,NB,9,9042
synthetic_dataset_with_switching_drifts_abrupt,1500,KS90,0.802275,0.8022976554432225,0.802275,0.8022714927931353,27,53,0.8022757464446948,1.0,switching_abrupt,synthetic,NB,9,9042
synthetic_dataset_with_switching_drifts_abrupt,1500,HD,0.7960875,0.7960883695236657,0.7960875,0.7960873077166678,14,53,0.7960873384426747,1.0,switching_abrupt,synthetic,NB,9,9042
synthetic_dataset_with_switching_drifts_abrupt,1500,JS,0.7960875,0.7960883695236657,0.7960875,0.7960873077166678,14,53,0.7960873384426747,1.0,switching_abrupt,synthetic,NB,9,9042
synthetic_dataset_with_switching_drifts_abrupt,2000,Base,0.797,0.7980010583697991,0.797,0.7968307535050464,0,40,0.7970050600332799,1.0,switching_abrupt,synthetic,NB,9,9042
synthetic_dataset_with_switching_drifts_abrupt,2000,KS95,0.794425,0.7944271276742974,0.794425,0.7944245618672287,18,40,0.794424753079258,1.0,switching_abrupt,synthetic,NB,9,9042
synthetic_dataset_with_switching_drifts_abrupt,2000,KS90,0.794475,0.7944912954270797,0.794475,0.7944719748823025,20,40,0.7944743374557766,1.0,switching_abrupt,synthetic,NB,9,9042
synthetic_dataset_with_switching_drifts_abrupt,2000,HD,0.794575,0.7945846069723812,0.794575,0.794573462126294,12,40,0.7945754880838743,1.0,switching_abrupt,synthetic,NB,9,9042
synthetic_dataset_with_switching_drifts_abrupt,2000,JS,0.794575,0.7945846069723812,0.794575,0.794573462126294,12,40,0.7945754880838743,1.0,switching_abrupt,synthetic,NB,9,9042
synthetic_dataset_with_switching_drifts_abrupt,2500,Base,0.7967125,0.7975797358450429,0.7967125,0.796565568549554,0,32,0.7967172122119647,1.0,switching_abrupt,synthetic,NB,9,9042
synthetic_dataset_with_switching_drifts_abrupt,2500,KS95,0.79085,0.7908521777997749,0.79085,0.790849538823106,16,32,0.7908497485947735,1.0,switching_abrupt,synthetic,NB,9,9042
synthetic_dataset_with_switching_drifts_abrupt,2500,KS90,0.79085,0.7908521777997749,0.79085,0.790849538823106,16,32,0.7908497485947735,1.0,switching_abrupt,synthetic,NB,9,9042
synthetic_dataset_with_switching_drifts_abrupt,2500,HD,0.7962125,0.7965420217778862,0.7962125,0.7961566685234227,4,32,0.7962154053215968,1.0,switching_abrupt,synthetic,NB,9,9042
synthetic_dataset_with_switching_drifts_abrupt,2500,JS,0.7962125,0.7965420217778862,0.7962125,0.7961566685234227,4,32,0.7962154053215968,1.0,switching_abrupt,synthetic,NB,9,9042
synthetic_dataset_no_drifts,1000,Base,0.820175,0.8202637737640666,0.820175,0.8201628722509416,0,80,0.8201764469929036,1.0,no_drifts,synthetic,NB,9,9042
synthetic_dataset_no_drifts,1000,KS95,0.82,0.8200829592820353,0.82,0.8199886599761994,5,80,0.8200013988625429,1.0,no_drifts,synthetic,NB,9,9042
synthetic_dataset_no_drifts,1000,KS90,0.8200125,0.8200993734638521,0.8200125,0.8200006186231709,7,80,0.8200139316754268,1.0,no_drifts,synthetic,NB,9,9042
synthetic_dataset_no_drifts,1000,HD,0.8200125,0.8200828393024633,0.8200125,0.8200029093452469,4,80,0.8200137873004221,1.0,no_drifts,synthetic,NB,9,9042
synthetic_dataset_no_drifts,1000,JS,0.8202,0.820309022079752,0.8202,0.8201850699899412,3,80,0.8202016044936741,1.0,no_drifts,synthetic,NB,9,9042
synthetic_dataset_no_drifts,1500,Base,0.8201875,0.8202641856275606,0.8201875,0.8201770463716451,0,53,0.8201888441807833,1.0,no_drifts,synthetic,NB,9,9042
synthetic_dataset_no_drifts,1500,KS95,0.820075,0.8201324748929967,0.820075,0.8200671931742242,3,53,0.8200761626148323,1.0,no_drifts,synthetic,NB,9,9042
synthetic_dataset_no_drifts,1500,KS90,0.820075,0.8201399998221306,0.820075,0.8200661531133047,4,53,0.8200762369898347,1.0,no_drifts,synthetic,NB,9,9042
synthetic_dataset_no_drifts,1500,HD,0.820175,0.8202590385210269,0.820175,0.8201635277977073,5,53,0.8201764076179024,1.0,no_drifts,synthetic,NB,9,9042
synthetic_dataset_no_drifts,1500,JS,0.8200625,0.8201462503183998,0.8200625,0.8200510565282568,6,53,0.8200639054269571,1.0,no_drifts,synthetic,NB,9,9042
synthetic_dataset_no_drifts,2000,Base,0.8200875,0.8201813877274301,0.8200875,0.8200746542768543,0,40,0.8200889885527253,1.0,no_drifts,synthetic,NB,9,9042
synthetic_dataset_no_drifts,2000,KS95,0.820275,0.8203799476344402,0.820275,0.820260644015197,2,40,0.8202765738709701,1.0,no_drifts,synthetic,NB,9,9042
synthetic_dataset_no_drifts,2000,KS90,0.8202375,0.8203386995872415,0.8202375,0.8202236585068009,4,40,0.8202390454323207,1.0,no_drifts,synthetic,NB,9,9042
synthetic_dataset_no_drifts,2000,HD,0.8202875,0.8203992285141499,0.8202875,0.8202722064529356,2,40,0.8202891241838544,1.0,no_drifts,synthetic,NB,9,9042
synthetic_dataset_no_drifts,2000,JS,0.8202875,0.8203992285141499,0.8202875,0.8202722064529356,2,40,0.8202891241838544,1.0,no_drifts,synthetic,NB,9,9042
synthetic_dataset_no_drifts,2500,Base,0.820175,0.8202637737640666,0.820175,0.8201628722509416,0,32,0.8201764469929036,1.0,no_drifts,synthetic,NB,9,9042
synthetic_dataset_no_drifts,2500,KS95,0.820175,0.8202637737640666,0.820175,0.8201628722509416,0,32,0.8201764469929036,1.0,no_drifts,synthetic,NB,9,9042
synthetic_dataset_no_drifts,2500,KS90,0.82015,0.8202393010599084,0.82015,0.8201377965917316,3,32,0.8201514513671382,1.0,no_drifts,synthetic,NB,9,9042
synthetic_dataset_no_drifts,2500,HD,0.8203,0.8203986718231528,0.8203,0.8202865158928802,1,32,0.8203015257467342,1.0,no_drifts,synthetic,NB,9,9042
synthetic_dataset_no_drifts,2500,JS,0.8203,0.8203986718231528,0.8203,0.8202865158928802,1,32,0.8203015257467342,1.0,no_drifts,synthetic,NB,9,9042
synthetic_dataset_with_parallel_drifts_abrupt,1000,Base,0.848975,0.84907418928919,0.848975,0.8489639603791754,0,80,0.848973303958932,1.0,parallel_abrupt,synthetic,NB,8,8042
synthetic_dataset_with_parallel_drifts_abrupt,1000,KS95,0.8552375,0.8575018790551469,0.8552375,0.8550065238839892,12,80,0.8552295317091813,1.0,parallel_abrupt,synthetic,NB,8,8042
synthetic_dataset_with_parallel_drifts_abrupt,1000,KS90,0.85525,0.8576114239054359,0.85525,0.8550092332527365,15,80,0.8552418642096745,1.0,parallel_abrupt,synthetic,NB,8,8042
synthetic_dataset_with_parallel_drifts_abrupt,1000,HD,0.8492,0.8493170703451985,0.8492,0.8491870277036069,4,80,0.8491981589679263,1.0,parallel_abrupt,synthetic,NB,8,8042
synthetic_dataset_with_parallel_drifts_abrupt,1000,JS,0.8492,0.8493170703451985,0.8492,0.8491870277036069,4,80,0.8491981589679263,1.0,parallel_abrupt,synthetic,NB,8,8042
synthetic_dataset_with_parallel_drifts_abrupt,1500,Base,0.8485,0.848798555793179,0.8485,0.8484670335264007,0,53,0.8484970639398826,1.0,parallel_abrupt,synthetic,NB,8,8042
synthetic_dataset_with_parallel_drifts_abrupt,1500,KS95,0.8506125,0.8512858928940985,0.8506125,0.8505400803469023,10,53,0.8506081115243245,1.0,parallel_abrupt,synthetic,NB,8,8042
synthetic_dataset_with_parallel_drifts_abrupt,1500,KS90,0.849025,0.8502926875490088,0.849025,0.8488871797393469,15,53,0.849018973960759,1.0,parallel_abrupt,synthetic,NB,8,8042
synthetic_dataset_with_parallel_drifts_abrupt,1500,HD,0.8438,0.8438919814584107,0.8438,0.8437892401847875,7,53,0.8437983537519342,1.0,parallel_abrupt,synthetic,NB,8,8042
synthetic_dataset_with_parallel_drifts_abrupt,1500,JS,0.8438,0.8438919814584107,0.8438,0.8437892401847875,7,53,0.8437983537519342,1.0,parallel_abrupt,synthetic,NB,8,8042
synthetic_dataset_with_parallel_drifts_abrupt,2000,Base,0.84825,0.8486004518952959,0.84825,0.8482112648132661,0,40,0.8482468189298727,1.0,parallel_abrupt,synthetic,NB,8,8042
synthetic_dataset_with_parallel_drifts_abrupt,2000,KS95,0.8458375,0.8464065579549475,0.8458375,0.8457733969679557,9,40,0.8458334363333374,1.0,parallel_abrupt,synthetic,NB,8,8042
synthetic_dataset_with_parallel_drifts_abrupt,2000,KS90,0.8466,0.8474776241509911,0.8466,0.8465021365572498,11,40,0.8465949638637986,1.0,parallel_abrupt,synthetic,NB,8,8042
synthetic_dataset_with_parallel_drifts_abrupt,2000,HD,0.8485875,0.8499253541215541,0.8485875,0.8484415003015205,6,40,0.8485813064432522,1.0,parallel_abrupt,synthetic,NB,8,8042
synthetic_dataset_with_parallel_drifts_abrupt,2000,JS,0.8485875,0.8499253541215541,0.8485875,0.8484415003015205,6,40,0.8485813064432522,1.0,parallel_abrupt,synthetic,NB,8,8042
synthetic_dataset_with_parallel_drifts_abrupt,2500,Base,0.8473125,0.8478925081297992,0.8473125,0.8472480721930362,0,32,0.8473084063923363,1.0,parallel_abrupt,synthetic,NB,8,8042
synthetic_dataset_with_parallel_drifts_abrupt,2500,KS95,0.8437625,0.8445359391224838,0.8437625,0.8436738587213886,8,32,0.84375775125031,1.0,parallel_abrupt,synthetic,NB,8,8042
synthetic_dataset_with_parallel_drifts_abrupt,2500,KS90,0.8433375,0.8440649042439964,0.8433375,0.8432537692771266,9,32,0.8433328912333157,1.0,parallel_abrupt,synthetic,NB,8,8042
synthetic_dataset_with_parallel_drifts_abrupt,2500,HD,0.8332625,0.833793225909663,0.8332625,0.8331970258946582,4,32,0.833266475830659,1.0,parallel_abrupt,synthetic,NB,8,8042
synthetic_dataset_with_parallel_drifts_abrupt,2500,JS,0.8332625,0.833793225909663,0.8332625,0.8331970258946582,4,32,0.833266475830659,1.0,parallel_abrupt,synthetic,NB,8,8042
synthetic_dataset_with_switching_drifts_incremental,1000,Base,0.8648,0.8664039960182847,0.8648,0.8646508130721074,0,80,0.864793374591735,1.0,switching_incremental,synthetic,NB,8,8042
synthetic_dataset_with_switching_drifts_incremental,1000,KS95,0.8621375,0.864166222063478,0.8621375,0.8619440052835223,30,80,0.8621300269852011,1.0,switching_incremental,synthetic,NB,8,8042
synthetic_dataset_with_switching_drifts_incremental,1000,KS90,0.86205,0.8640659517074689,0.86205,0.8618575460040707,31,80,0.862042549481702,1.0,switching_incremental,synthetic,NB,8,8042
synthetic_dataset_with_switching_drifts_incremental,1000,HD,0.8610375,0.8627289770972995,0.8610375,0.8608741778358406,12,80,0.8610306619412265,1.0,switching_incremental,synthetic,NB,8,8042
synthetic_dataset_with_switching_drifts_incremental,1000,JS,0.86065,0.8622622649523517,0.86065,0.8604936729557081,13,80,0.8606433194257328,1.0,switching_incremental,synthetic,NB,8,8042
synthetic_dataset_with_switching_drifts_incremental,1500,Base,0.8643125,0.8661865781080395,0.8643125,0.8641375210931205,0,53,0.8643053370722135,1.0,switching_incremental,synthetic,NB,8,8042
synthetic_dataset_with_switching_drifts_incremental,1500,KS95,0.8609875,0.8627491430652943,0.8609875,0.8608173666315768,24,53,0.8609805219392208,1.0,switching_incremental,synthetic,NB,8,8042
synthetic_dataset_with_switching_drifts_incremental,1500,KS90,0.8605125,0.8621059995768834,0.8605125,0.8603577687196983,27,53,0.8605058569202343,1.0,switching_incremental,synthetic,NB,8,8042
synthetic_dataset_with_switching_drifts_incremental,1500,HD,0.858125,0.8602896496062227,0.858125,0.857910264413977,13,53,0.8581172393246895,1.0,switching_incremental,synthetic,NB,8,8042
synthetic_dataset_with_switching_drifts_incremental,1500,JS,0.858125,0.8602896496062227,0.858125,0.857910264413977,13,53,0.8581172393246895,1.0,switching_incremental,synthetic,NB,8,8042
synthetic_dataset_with_switching_drifts_incremental,2000,Base,0.8645,0.8663007236381236,0.8645,0.8643321409590063,0,40,0.8644929795797193,1.0,switching_incremental,synthetic,NB,8,8042
synthetic_dataset_with_switching_drifts_incremental,2000,KS95,0.8606625,0.8625203376029993,0.8606625,0.8604825633930087,19,40,0.8606553319262132,1.0,switching_incremental,synthetic,NB,8,8042
synthetic_dataset_with_switching_drifts_incremental,2000,KS90,0.8604625,0.862188751391075,0.8604625,0.8602948881296154,20,40,0.8604555869182234,1.0,switching_incremental,synthetic,NB,8,8042
synthetic_dataset_with_switching_drifts_incremental,2000,HD,0.8608375,0.8629525925057867,0.8608375,0.8606331974781215,14,40,0.8608298569331942,1.0,switching_incremental,synthetic,NB,8,8042
synthetic_dataset_with_switching_drifts_incremental,2000,JS,0.8609625,0.862968301773701,0.8609625,0.8607689189452762,14,40,0.8609550569382023,1.0,switching_incremental,synthetic,NB,8,8042
synthetic_dataset_with_switching_drifts_incremental,2500,Base,0.8639625,0.8659987374411474,0.8639625,0.863771822010844,0,32,0.8639550320582013,1.0,switching_incremental,synthetic,NB,8,8042
synthetic_dataset_with_switching_drifts_incremental,2500,KS95,0.861025,0.8635943829650976,0.861025,0.8607776537492958,18,32,0.8610165844406634,1.0,switching_incremental,synthetic,NB,8,8042
synthetic_dataset_with_switching_drifts_incremental,2500,KS90,0.861125,0.8636338892150354,0.861125,0.8608836711502943,20,32,0.8611166844446674,1.0,switching_incremental,synthetic,NB,8,8042
synthetic_dataset_with_switching_drifts_incremental,2500,HD,0.8612125,0.8641153848959701,0.8612125,0.860933854640821,9,32,0.8612035619481424,1.0,switching_incremental,synthetic,NB,8,8042
synthetic_dataset_with_switching_drifts_incremental,2500,JS,0.8612125,0.8641153848959701,0.8612125,0.860933854640821,9,32,0.8612035619481424,1.0,switching_incremental,synthetic,NB,8,8042
synthetic_dataset_with_parallel_drifts_incremental,1000,Base,0.8647875,0.8663323469405827,0.8647875,0.8646437595099021,0,80,0.8647809970912398,1.0,parallel_incremental,synthetic,NB,8,8042
synthetic_dataset_with_parallel_drifts_incremental,1000,KS95,0.86305,0.865068809630604,0.86305,0.862859197316839,16,80,0.8630425545217022,1.0,parallel_incremental,synthetic,NB,8,8042
synthetic_dataset_with_parallel_drifts_incremental,1000,KS90,0.8630625,0.8651738902565727,0.8630625,0.8628630383994413,19,80,0.8630548870221955,1.0,parallel_incremental,synthetic,NB,8,8042
synthetic_dataset_with_parallel_drifts_incremental,1000,HD,0.8620125,0.8630049500671823,0.8620125,0.8619172626040796,7,80,0.8620072619802905,1.0,parallel_incremental,synthetic,NB,8,8042
synthetic_dataset_with_parallel_drifts_incremental,1000,JS,0.8620125,0.8630049500671823,0.8620125,0.8619172626040796,7,80,0.8620072619802905,1.0,parallel_incremental,synthetic,NB,8,8042
synthetic_dataset_with_parallel_drifts_incremental,1500,Base,0.8641375,0.8659299854372017,0.8641375,0.8639697902126819,0,53,0.8641304920652197,1.0,parallel_incremental,synthetic,NB,8,8042
synthetic_dataset_with_parallel_drifts_incremental,1500,KS95,0.862125,0.8632996804436153,0.862125,0.8620125268010302,10,53,0.8621193044847721,1.0,parallel_incremental,synthetic,NB,8,8042
synthetic_dataset_with_parallel_drifts_incremental,1500,KS90,0.8605625,0.862120232540193,0.8605625,0.8604112933520605,15,53,0.8605559319222373,1.0,parallel_incremental,synthetic,NB,8,8042
synthetic_dataset_with_parallel_drifts_incremental,1500,HD,0.858625,0.8592804098815595,0.858625,0.8585597723475574,6,53,0.8586207193448289,1.0,parallel_incremental,synthetic,NB,8,8042
synthetic_dataset_with_parallel_drifts_incremental,1500,JS,0.858625,0.8592804098815595,0.858625,0.8585597723475574,6,53,0.8586207193448289,1.0,parallel_incremental,synthetic,NB,8,8042
synthetic_dataset_with_parallel_drifts_incremental,2000,Base,0.8644375,0.866160077595021,0.8644375,0.8642767740680017,0,40,0.8644306320772253,1.0,parallel_incremental,synthetic,NB,8,8042
synthetic_dataset_with_parallel_drifts_incremental,2000,KS95,0.8604875,0.8619533024015059,0.8604875,0.8603450518912152,9,40,0.860481126919245,1.0,parallel_incremental,synthetic,NB,8,8042
synthetic_dataset_with_parallel_drifts_incremental,2000,KS90,0.8614875,0.8631096134942705,0.8614875,0.861331531048592,11,40,0.8614808069592323,1.0,parallel_incremental,synthetic,NB,8,8042
synthetic_dataset_with_parallel_drifts_incremental,2000,HD,0.8627,0.8643410586708046,0.8627,0.8625441245857113,6,40,0.8626932795077311,1.0,parallel_incremental,synthetic,NB,8,8042
synthetic_dataset_with_parallel_drifts_incremental,2000,JS,0.8627,0.8643410586708046,0.8627,0.8625441245857113,6,40,0.8626932795077311,1.0,parallel_incremental,synthetic,NB,8,8042
synthetic_dataset_with_parallel_drifts_incremental,2500,Base,0.8636625,0.8656398632540635,0.8636625,0.8634767344688331,0,32,0.8636551370462054,1.0,parallel_incremental,synthetic,NB,8,8042
synthetic_dataset_with_parallel_drifts_incremental,2500,KS95,0.8620125,0.8635550436794154,0.8620125,0.8618649068436027,8,32,0.8620059769802392,1.0,parallel_incremental,synthetic,NB,8,8042
synthetic_dataset_with_parallel_drifts_incremental,2500,KS90,0.8616375,0.8630688231119545,0.8616375,0.8614999647650536,9,32,0.8616312119652485,1.0,parallel_incremental,synthetic,NB,8,8042
synthetic_dataset_with_parallel_drifts_incremental,2500,HD,0.8632375,0.8645980967352238,0.8632375,0.8631087969866303,2,32,0.8632313820292554,1.0,parallel_incremental,synthetic,NB,8,8042
synthetic_dataset_with_parallel_drifts_incremental,2500,JS,0.8632375,0.8645980967352238,0.8632375,0.8631087969866303,2,32,0.8632313820292554,1.0,parallel_incremental,synthetic,NB,8,8042
synthetic_dataset_with_switching_drifts_abrupt,1000,Base,0.849425,0.8495763420718629,0.849425,0.8494083195829529,0,80,0.8494229089769163,1.0,switching_abrupt,synthetic,NB,8,8042
synthetic_dataset_with_switching_drifts_abrupt,1000,KS95,0.8543625,0.856867720138955,0.8543625,0.8541049872750429,24,80,0.8543541116741644,1.0,switching_abrupt,synthetic,NB,8,8042
synthetic_dataset_with_switching_drifts_abrupt,1000,KS90,0.854275,0.8567660706763607,0.854275,0.8540187130999082,25,80,0.8542666341706654,1.0,switching_abrupt,synthetic,NB,8,8042
synthetic_dataset_with_switching_drifts_abrupt,1000,HD,0.8479875,0.8494860746307795,0.8479875,0.8478231579851374,20,80,0.8479809414192377,1.0,switching_abrupt,synthetic,NB,8,8042
synthetic_dataset_with_switching_drifts_abrupt,1000,JS,0.8479875,0.8494860746307795,0.8479875,0.8478231579851374,20,80,0.8479809414192377,1.0,switching_abrupt,synthetic,NB,8,8042
synthetic_dataset_with_switching_drifts_abrupt,1500,Base,0.8485375,0.8489136029229941,0.8485375,0.848496066732168,0,53,0.8485342064413682,1.0,switching_abrupt,synthetic,NB,8,8042
synthetic_dataset_with_switching_drifts_abrupt,1500,KS95,0.850075,0.8518768223928725,0.850075,0.8498815259175891,24,53,0.8500678340027135,1.0,switching_abrupt,synthetic,NB,8,8042
synthetic_dataset_with_switching_drifts_abrupt,1500,KS90,0.8499125,0.8515564717029334,0.8499125,0.8497355868303763,28,53,0.8499056514962261,1.0,switching_abrupt,synthetic,NB,8,8042
synthetic_dataset_with_switching_drifts_abrupt,1500,HD,0.841725,0.8420864157625563,0.841725,0.8416825501033385,15,53,0.8417217386688696,1.0,switching_abrupt,synthetic,NB,8,8042
synthetic_dataset_with_switching_drifts_abrupt,1500,JS,0.841725,0.8420864157625563,0.841725,0.8416825501033385,15,53,0.8417217386688696,1.0,switching_abrupt,synthetic,NB,8,8042
synthetic_dataset_with_switching_drifts_abrupt,2000,Base,0.8487375,0.8491574783668111,0.8487375,0.8486913614602823,0,40,0.8487340214493609,1.0,switching_abrupt,synthetic,NB,8,8042
synthetic_dataset_with_switching_drifts_abrupt,2000,KS95,0.8462125,0.8473502210408372,0.8462125,0.8460853913644225,19,40,0.8462067663482706,1.0,switching_abrupt,synthetic,NB,8,8042
synthetic_dataset_with_switching_drifts_abrupt,2000,KS90,0.8459875,0.8470289269580528,0.8459875,0.8458708347278869,20,40,0.8459820113392804,1.0,switching_abrupt,synthetic,NB,8,8042
synthetic_dataset_with_switching_drifts_abrupt,2000,HD,0.8470125,0.8490947936213598,0.8470125,0.8467825826234443,14,40,0.8470047663801906,1.0,switching_abrupt,synthetic,NB,8,8042
synthetic_dataset_with_switching_drifts_abrupt,2000,JS,0.8471875,0.8491505473999081,0.8471875,0.8469710097610103,14,40,0.8471799913871997,1.0,switching_abrupt,synthetic,NB,8,8042
synthetic_dataset_with_switching_drifts_abrupt,2500,Base,0.848525,0.849196657160312,0.848525,0.8484513178409374,0,32,0.8485206039408241,1.0,switching_abrupt,synthetic,NB,8,8042
synthetic_dataset_with_switching_drifts_abrupt,2500,KS95,0.8426625,0.8447159159579137,0.8426625,0.8424263507868116,16,32,0.8426547712061909,1.0,switching_abrupt,synthetic,NB,8,8042
synthetic_dataset_with_switching_drifts_abrupt,2500,KS90,0.842825,0.8448381000570625,0.842825,0.8425938006863336,18,32,0.842817348712694,1.0,switching_abrupt,synthetic,NB,8,8042
synthetic_dataset_with_switching_drifts_abrupt,2500,HD,0.8422625,0.8448777286770608,0.8422625,0.8419612115994274,7,32,0.8422537811901513,1.0,switching_abrupt,synthetic,NB,8,8042
synthetic_dataset_with_switching_drifts_abrupt,2500,JS,0.8422625,0.8448777286770608,0.8422625,0.8419612115994274,7,32,0.8422537811901513,1.0,switching_abrupt,synthetic,NB,8,8042
synthetic_dataset_no_drifts,1000,Base,0.8673,0.870105558735737,0.8673,0.867046680161246,0,80,0.8672912846916514,1.0,no_drifts,synthetic,NB,8,8042
synthetic_dataset_no_drifts,1000,KS95,0.8670875,0.8701964210415181,0.8670875,0.8668064264851543,6,80,0.867078327183133,1.0,no_drifts,synthetic,NB,8,8042
synthetic_dataset_no_drifts,1000,KS90,0.8668375,0.8701741611802825,0.8668375,0.8665352581807807,10,80,0.8668279971731198,1.0,no_drifts,synthetic,NB,8,8042
synthetic_dataset_no_drifts,1000,HD,0.8670125,0.8700358695221497,0.8670125,0.8667388841051423,3,80,0.8670034521801381,1.0,no_drifts,synthetic,NB,8,8042
synthetic_dataset_no_drifts,1000,JS,0.866025,0.8692716227889632,0.866025,0.8657283925678566,6,80,0.8660156146406246,1.0,no_drifts,synthetic,NB,8,8042
synthetic_dataset_no_drifts,1500,Base,0.867,0.869967884499318,0.867,0.8667313279390765,0,53,0.8669910346796413,1.0,no_drifts,synthetic,NB,8,8042
synthetic_dataset_no_drifts,1500,KS95,0.8666625,0.8698712016301633,0.8666625,0.8663712249421609,3,53,0.866653177166127,1.0,no_drifts,synthetic,NB,8,8042
synthetic_dataset_no_drifts,1500,KS90,0.8661125,0.868785770272636,0.8661125,0.8658680810280268,8,53,0.866103977144159,1.0,no_drifts,synthetic,NB,8,8042
synthetic_dataset_no_drifts,1500,HD,0.8667375,0.8700449459398812,0.8667375,0.8664375740214915,4,53,0.8667280371691216,1.0,no_drifts,synthetic,NB,8,8042
synthetic_dataset_no_drifts,1500,JS,0.8662625,0.8687291558274661,0.8662625,0.8660371706378681,5,53,0.8662543121501725,1.0,no_drifts,synthetic,NB,8,8042
synthetic_dataset_no_drifts,2000,Base,0.867275,0.8700126064111304,0.867275,0.8670277018827149,0,40,0.8672663896906555,1.0,no_drifts,synthetic,NB,8,8042
synthetic_dataset_no_drifts,2000,KS95,0.8668625,0.8695603150141058,0.8668625,0.8666177359206435,6,40,0.8668539471741579,1.0,no_drifts,synthetic,NB,8,8042
synthetic_dataset_no_drifts,2000,KS90,0.8668625,0.8695603150141058,0.8668625,0.8666177359206435,6,40,0.8668539471741579,1.0,no_drifts,synthetic,NB,8,8042
synthetic_dataset_no_drifts,2000,HD,0.86895,0.8716138616599838,0.86895,0.8687134205551987,2,40,0.868941524757661,1.0,no_drifts,synthetic,NB,8,8042
synthetic_dataset_no_drifts,2000,JS,0.86895,0.8716138616599838,0.86895,0.8687134205551987,2,40,0.868941524757661,1.0,no_drifts,synthetic,NB,8,8042
synthetic_dataset_no_drifts,2500,Base,0.8670875,0.8699386880865441,0.8670875,0.8668295345263272,0,32,0.8670787121831485,1.0,no_drifts,synthetic,NB,8,8042
synthetic_dataset_no_drifts,2500,KS95,0.86715,0.8700891016909443,0.86715,0.8668843192718289,3,32,0.8671410796856431,1.0,no_drifts,synthetic,NB,8,8042
synthetic_dataset_no_drifts,2500,KS90,0.86715,0.8700891016909443,0.86715,0.8668843192718289,3,32,0.8671410796856431,1.0,no_drifts,synthetic,NB,8,8042
synthetic_dataset_no_drifts,2500,HD,0.8670875,0.8699386880865441,0.8670875,0.8668295345263272,0,32,0.8670787121831485,1.0,no_drifts,synthetic,NB,8,8042
synthetic_dataset_no_drifts,2500,JS,0.8670875,0.8699386880865441,0.8670875,0.8668295345263272,0,32,0.8670787121831485,1.0,no_drifts,synthetic,NB,8,8042
synthetic_dataset_with_parallel_drifts_abrupt,1000,Base,0.8041375,0.8191759432380878,0.8041375,0.8017696437908955,0,80,0.8040067927697816,1.0,parallel_abrupt,synthetic,NB,30,30042
synthetic_dataset_with_parallel_drifts_abrupt,1000,KS95,0.798725,0.8150114154836637,0.798725,0.7960532463114345,10,80,0.7985880899668495,1.0,parallel_abrupt,synthetic,NB,30,30042
synthetic_dataset_with_parallel_drifts_abrupt,1000,KS90,0.797025,0.8089609960512466,0.797025,0.7950137330084562,14,80,0.7969065675454572,1.0,parallel_abrupt,synthetic,NB,30,30042
synthetic_dataset_with_parallel_drifts_abrupt,1000,HD,0.7968375,0.8114407937422411,0.7968375,0.7943927515277869,5,80,0.7967070822581983,1.0,parallel_abrupt,synthetic,NB,30,30042
synthetic_dataset_with_parallel_drifts_abrupt,1000,JS,0.7968375,0.8114407937422411,0.7968375,0.7943927515277869,5,80,0.7967070822581983,1.0,parallel_abrupt,synthetic,NB,30,30042
synthetic_dataset_with_parallel_drifts_abrupt,1500,Base,0.8046375,0.8200604135202235,0.8046375,0.8022217812110946,0,53,0.8045053234876658,1.0,parallel_abrupt,synthetic,NB,30,30042
synthetic_dataset_with_parallel_drifts_abrupt,1500,KS95,0.798075,0.812658104899922,0.798075,0.7956580940951404,8,53,0.7979449290406979,1.0,parallel_abrupt,synthetic,NB,30,30042
synthetic_dataset_with_parallel_drifts_abrupt,1500,KS90,0.79855,0.8129515143139181,0.79855,0.7961712034159815,9,53,0.7984207997259516,1.0,parallel_abrupt,synthetic,NB,30,30042
synthetic_dataset_with_parallel_drifts_abrupt,1500,HD,0.7958625,0.8084259144847515,0.7958625,0.7937294027434978,9,53,0.7957409008668972,1.0,parallel_abrupt,synthetic,NB,30,30042
synthetic_dataset_with_parallel_drifts_abrupt,1500,JS,0.797675,0.8106485152414431,0.797675,0.7955074485612111,4,53,0.7975518884747195,1.0,parallel_abrupt,synthetic,NB,30,30042
synthetic_dataset_with_parallel_drifts_abrupt,2000,Base,0.804475,0.8198269323516568,0.804475,0.8020666761239803,0,40,0.8043430782540328,1.0,parallel_abrupt,synthetic,NB,30,30042
synthetic_dataset_with_parallel_drifts_abrupt,2000,KS95,0.7981875,0.812302022166937,0.7981875,0.7958471943258068,7,40,0.7980594542056141,1.0,parallel_abrupt,synthetic,NB,30,30042
synthetic_dataset_with_parallel_drifts_abrupt,2000,KS90,0.79855,0.8118631738117592,0.79855,0.796343873357734,9,40,0.7984255397327772,1.0,parallel_abrupt,synthetic,NB,30,30042
synthetic_dataset_with_parallel_drifts_abrupt,2000,HD,0.7993125,0.8140101494422316,0.7993125,0.7969020155323706,4,40,0.7991822058223764,1.0,parallel_abrupt,synthetic,NB,30,30042
synthetic_dataset_with_parallel_drifts_abrupt,2000,JS,0.7993125,0.8140101494422316,0.7993125,0.7969020155323706,4,40,0.7991822058223764,1.0,parallel_abrupt,synthetic,NB,30,30042
synthetic_dataset_with_parallel_drifts_abrupt,2500,Base,0.8055375,0.8211028716690726,0.8055375,0.8031185685880231,0,32,0.8054049347831062,1.0,parallel_abrupt,synthetic,NB,30,30042
synthetic_dataset_with_parallel_drifts_abrupt,2500,KS95,0.8007375,0.8182003788692871,0.8007375,0.7979288978078717,7,32,0.8005964678589137,1.0,parallel_abrupt,synthetic,NB,30,30042
synthetic_dataset_with_parallel_drifts_abrupt,2500,KS90,0.8028875,0.8190713964515546,0.8028875,0.8003211365844731,8,32,0.8027519009627375,1.0,parallel_abrupt,synthetic,NB,30,30042
synthetic_dataset_with_parallel_drifts_abrupt,2500,HD,0.798675,0.8136309048103166,0.798675,0.7962111425008738,4,32,0.7985434899026254,1.0,parallel_abrupt,synthetic,NB,30,30042
synthetic_dataset_with_parallel_drifts_abrupt,2500,JS,0.798675,0.8136309048103166,0.798675,0.7962111425008738,4,32,0.7985434899026254,1.0,parallel_abrupt,synthetic,NB,30,30042
synthetic_dataset_with_switching_drifts_incremental,1000,Base,0.7779875,0.7813745214465707,0.7779875,0.7772969094951728,0,80,0.7779210752063482,1.0,switching_incremental,synthetic,NB,30,30042
synthetic_dataset_with_switching_drifts_incremental,1000,KS95,0.78355,0.7961877609513054,0.78355,0.78117960480656,30,80,0.7834255181327461,1.0,switching_incremental,synthetic,NB,30,30042
synthetic_dataset_with_switching_drifts_incremental,1000,KS90,0.782825,0.796109972010993,0.782825,0.7803237672795823,32,80,0.7826973670842086,1.0,switching_incremental,synthetic,NB,30,30042
synthetic_dataset_with_switching_drifts_incremental,1000,HD,0.773425,0.7859737021211,0.773425,0.7708720884867732,15,80,0.7732987335501763,1.0,switching_incremental,synthetic,NB,30,30042
synthetic_dataset_with_switching_drifts_incremental,1000,JS,0.7703625,0.7829403183602868,0.7703625,0.7677408766503797,11,80,0.770235404138982,1.0,switching_incremental,synthetic,NB,30,30042
synthetic_dataset_with_switching_drifts_incremental,1500,Base,0.777575,0.7812814070207491,0.777575,0.776818407722978,0,53,0.7775055296079626,1.0,switching_incremental,synthetic,NB,30,30042
synthetic_dataset_with_switching_drifts_incremental,1500,KS95,0.7730125,0.780660136528141,0.7730125,0.7714239774177293,25,53,0.7729128579945155,1.0,switching_incremental,synthetic,NB,30,30042
synthetic_dataset_with_switching_drifts_incremental,1500,KS90,0.7733,0.7809486437101927,0.7733,0.771714926586818,26,53,0.773200403408581,1.0,switching_incremental,synthetic,NB,30,30042
synthetic_dataset_with_switching_drifts_incremental,1500,HD,0.7636125,0.7701989113260128,0.7636125,0.762131191776716,13,53,0.7635181844661858,1.0,switching_incremental,synthetic,NB,30,30042
synthetic_dataset_with_switching_drifts_incremental,1500,JS,0.7636125,0.7701989113260128,0.7636125,0.762131191776716,13,53,0.7635181844661858,1.0,switching_incremental,synthetic,NB,30,30042
synthetic_dataset_with_switching_drifts_incremental,2000,Base,0.7773625,0.781337577252464,0.7773625,0.7765510509218317,0,40,0.7772905842984413,1.0,switching_incremental,synthetic,NB,30,30042
synthetic_dataset_with_switching_drifts_incremental,2000,KS95,0.7614625,0.7675356673281021,0.7614625,0.7600697746138999,18,40,0.76137145137489,1.0,switching_incremental,synthetic,NB,30,30042
synthetic_dataset_with_switching_drifts_incremental,2000,KS90,0.762925,0.7687762216565237,0.762925,0.7615973275684929,20,40,0.7628358284835931,1.0,switching_incremental,synthetic,NB,30,30042
synthetic_dataset_with_switching_drifts_incremental,2000,HD,0.758275,0.7636377714155588,0.758275,0.7570091817206094,12,40,0.758188761791817,1.0,switching_incremental,synthetic,NB,30,30042
synthetic_dataset_with_switching_drifts_incremental,2000,JS,0.758275,0.7636377714155588,0.758275,0.7570091817206094,12,40,0.758188761791817,1.0,switching_incremental,synthetic,NB,30,30042
synthetic_dataset_with_switching_drifts_incremental,2500,Base,0.7790625,0.7835589837114165,0.7790625,0.7781598770113949,0,32,0.7789863567403537,1.0,switching_incremental,synthetic,NB,30,30042
synthetic_dataset_with_switching_drifts_incremental,2500,KS95,0.7664125,0.7763043427288565,0.7664125,0.7642651901618361,18,32,0.7662983584696361,1.0,switching_incremental,synthetic,NB,30,30042
synthetic_dataset_with_switching_drifts_incremental,2500,KS90,0.7664125,0.7763043427288565,0.7664125,0.7642651901618361,18,32,0.7662983584696361,1.0,switching_incremental,synthetic,NB,30,30042
synthetic_dataset_with_switching_drifts_incremental,2500,HD,0.7793375,0.7866616746216669,0.7793375,0.777889602257968,9,32,0.7792410171070646,1.0,switching_incremental,synthetic,NB,30,30042
synthetic_dataset_with_switching_drifts_incremental,2500,JS,0.7764875,0.785134183775828,0.7764875,0.7747474981027929,9,32,0.7763824329907035,1.0,switching_incremental,synthetic,NB,30,30042
synthetic_dataset_with_parallel_drifts_incremental,1000,Base,0.80535,0.8207686179710784,0.80535,0.8029491515457473,0,80,0.805217989513905,1.0,parallel_incremental,synthetic,NB,30,30042
synthetic_dataset_with_parallel_drifts_incremental,1000,KS95,0.8006875,0.8173532514748,0.8006875,0.7980000461832727,14,80,0.8005495277913199,1.0,parallel_incremental,synthetic,NB,30,30042
synthetic_dataset_with_parallel_drifts_incremental,1000,KS90,0.7995625,0.8124495860982651,0.7995625,0.7974419643870011,17,80,0.7994401561938249,1.0,parallel_incremental,synthetic,NB,30,30042
synthetic_dataset_with_parallel_drifts_incremental,1000,HD,0.7997875,0.8151303690430867,0.7997875,0.7972856549437581,6,80,0.7996546265026622,1.0,parallel_incremental,synthetic,NB,30,30042
synthetic_dataset_with_parallel_drifts_incremental,1000,JS,0.7994875,0.8142366758422154,0.7994875,0.7970723999525937,7,80,0.7993570260741175,1.0,parallel_incremental,synthetic,NB,30,30042
synthetic_dataset_with_parallel_drifts_incremental,1500,Base,0.8057375,0.8214324518435746,0.8057375,0.8033033629471902,0,53,0.8056044550704153,1.0,parallel_incremental,synthetic,NB,30,30042
synthetic_dataset_with_parallel_drifts_incremental,1500,KS95,0.8019125,0.8185620252952287,0.8019125,0.799254457038312,9,53,0.8017748595557977,1.0,parallel_incremental,synthetic,NB,30,30042
synthetic_dataset_with_parallel_drifts_incremental,1500,KS90,0.8023875,0.8188409492690182,0.8023875,0.7997695860090837,10,53,0.8022507302410515,1.0,parallel_incremental,synthetic,NB,30,30042
synthetic_dataset_with_parallel_drifts_incremental,1500,HD,0.799675,0.8144943643700108,0.799675,0.7972526341487753,8,53,0.7995442713437507,1.0,parallel_incremental,synthetic,NB,30,30042
synthetic_dataset_with_parallel_drifts_incremental,1500,JS,0.801375,0.8153725164537953,0.801375,0.7991133596420552,8,53,0.8012481137972839,1.0,parallel_incremental,synthetic,NB,30,30042
synthetic_dataset_with_parallel_drifts_incremental,2000,Base,0.8053625,0.8208002441951209,0.8053625,0.8029590523142733,0,40,0.8052304145317969,1.0,parallel_incremental,synthetic,NB,30,30042
synthetic_dataset_with_parallel_drifts_incremental,2000,KS95,0.801275,0.8167793588278508,0.801275,0.7987787095239822,7,40,0.8011417836441684,1.0,parallel_incremental,synthetic,NB,30,30042
synthetic_dataset_with_parallel_drifts_incremental,2000,KS90,0.8016125,0.8163165552488044,0.8016125,0.799246215047556,9,40,0.8014826591350291,1.0,parallel_incremental,synthetic,NB,30,30042
synthetic_dataset_with_parallel_drifts_incremental,2000,HD,0.802725,0.8185428004641974,0.802725,0.8002107373000107,4,40,0.802590825730789,1.0,parallel_incremental,synthetic,NB,30,30042
synthetic_dataset_with_parallel_drifts_incremental,2000,JS,0.802725,0.8185428004641974,0.802725,0.8002107373000107,4,40,0.802590825730789,1.0,parallel_incremental,synthetic,NB,30,30042
synthetic_dataset_with_parallel_drifts_incremental,2500,Base,0.805875,0.8216406925987608,0.805875,0.8034331656372923,0,32,0.8057417002680485,1.0,parallel_incremental,synthetic,NB,30,30042
synthetic_dataset_with_parallel_drifts_incremental,2500,KS95,0.8014125,0.8201910232552906,0.8014125,0.7984198005092108,7,32,0.8012667288240894,1.0,parallel_incremental,synthetic,NB,30,30042
synthetic_dataset_with_parallel_drifts_incremental,2500,KS90,0.8035625,0.8210081177414089,0.8035625,0.8008210385859221,8,32,0.8034221619279132,1.0,parallel_incremental,synthetic,NB,30,30042
synthetic_dataset_with_parallel_drifts_incremental,2500,HD,0.8032625,0.8209769018653865,0.8032625,0.8004739584091125,3,32,0.8031210814943573,1.0,parallel_incremental,synthetic,NB,30,30042
synthetic_dataset_with_parallel_drifts_incremental,2500,JS,0.8032625,0.8209769018653865,0.8032625,0.8004739584091125,3,32,0.8031210814943573,1.0,parallel_incremental,synthetic,NB,30,30042
synthetic_dataset_with_switching_drifts_abrupt,1000,Base,0.704225,0.705614323400346,0.704225,0.7037493489698594,0,80,0.7042733841536732,1.0,switching_abrupt,synthetic,NB,30,30042
synthetic_dataset_with_switching_drifts_abrupt,1000,KS95,0.7544625,0.764082401620744,0.7544625,0.7521645697255841,22,80,0.7543473212601427,1.0,switching_abrupt,synthetic,NB,30,30042
synthetic_dataset_with_switching_drifts_abrupt,1000,KS90,0.7555375,0.765420728025585,0.7555375,0.7531989757670597,24,80,0.7554210628063306,1.0,switching_abrupt,synthetic,NB,30,30042
synthetic_dataset_with_switching_drifts_abrupt,1000,HD,0.71315,0.7131523871577796,0.71315,0.7131479732030611,17,80,0.7131470369317332,1.0,switching_abrupt,synthetic,NB,30,30042
synthetic_dataset_with_switching_drifts_abrupt,1000,JS,0.71315,0.7131523871577796,0.71315,0.7131479732030611,17,80,0.7131470369317332,1.0,switching_abrupt,synthetic,NB,30,30042
synthetic_dataset_with_switching_drifts_abrupt,1500,Base,0.705075,0.7060631253519896,0.705075,0.7047417847736185,0,53,0.7051156153664861,1.0,switching_abrupt,synthetic,NB,30,30042
synthetic_dataset_with_switching_drifts_abrupt,1500,KS95,0.728075,0.7306030563125915,0.728075,0.7273003383249049,24,53,0.7280113683363704,1.0,switching_abrupt,synthetic,NB,30,30042
synthetic_dataset_with_switching_drifts_abrupt,1500,KS90,0.7283625,0.7308901569385533,0.7283625,0.7275897491402746,25,53,0.7282989137504359,1.0,switching_abrupt,synthetic,NB,30,30042
synthetic_dataset_with_switching_drifts_abrupt,1500,HD,0.6863375,0.6863805670348103,0.6863375,0.6863243091975895,14,53,0.6863455833376401,1.0,switching_abrupt,synthetic,NB,30,30042
synthetic_dataset_with_switching_drifts_abrupt,1500,JS,0.6863375,0.6863805670348103,0.6863375,0.6863243091975895,14,53,0.6863455833376401,1.0,switching_abrupt,synthetic,NB,30,30042
synthetic_dataset_with_switching_drifts_abrupt,2000,Base,0.7053125,0.7060096564335415,0.7053125,0.7050803634553202,0,40,0.7053464706989178,1.0,switching_abrupt,synthetic,NB,30,30042
synthetic_dataset_with_switching_drifts_abrupt,2000,KS95,0.694375,0.6947572242113516,0.694375,0.694210162141968,18,40,0.6943474098602701,1.0,switching_abrupt,synthetic,NB,30,30042
synthetic_dataset_with_switching_drifts_abrupt,2000,KS90,0.6966125,0.6969034701504524,0.6966125,0.6964876857314523,20,40,0.6965884380873508,1.0,switching_abrupt,synthetic,NB,30,30042
synthetic_dataset_with_switching_drifts_abrupt,2000,HD,0.6848875,0.6851246404166563,0.6848875,0.6847736643134115,11,40,0.6848649512055297,1.0,switching_abrupt,synthetic,NB,30,30042
synthetic_dataset_with_switching_drifts_abrupt,2000,JS,0.6848875,0.6851246404166563,0.6848875,0.6847736643134115,11,40,0.6848649512055297,1.0,switching_abrupt,synthetic,NB,30,30042
synthetic_dataset_with_switching_drifts_abrupt,2500,Base,0.7096125,0.7100208494262316,0.7096125,0.7094840322234439,0,32,0.7096380468787875,1.0,switching_abrupt,synthetic,NB,30,30042
synthetic_dataset_with_switching_drifts_abrupt,2500,KS95,0.6981125,0.6995092225838455,0.6981125,0.6975562837373742,16,32,0.698061320208301,1.0,switching_abrupt,synthetic,NB,30,30042
synthetic_dataset_with_switching_drifts_abrupt,2500,KS90,0.6981125,0.6995092225838455,0.6981125,0.6975562837373742,16,32,0.698061320208301,1.0,switching_abrupt,synthetic,NB,30,30042
synthetic_dataset_with_switching_drifts_abrupt,2500,HD,0.6618625,0.6619894594503464,0.6618625,0.6617840928226536,4,32,0.6618444480560052,1.0,switching_abrupt,synthetic,NB,30,30042
synthetic_dataset_with_switching_drifts_abrupt,2500,JS,0.6688375,0.6689044847886815,0.6688375,0.6687963502119659,6,32,0.6688243481070613,1.0,switching_abrupt,synthetic,NB,30,30042
synthetic_dataset_no_drifts,1000,Base,0.8059625,0.8213716116831512,0.8059625,0.8035752393177213,0,80,0.8058306553961438,1.0,no_drifts,synthetic,NB,30,30042
synthetic_dataset_no_drifts,1000,KS95,0.806875,0.8213081356796577,0.806875,0.8046496997337427,4,80,0.8067473717162152,1.0,no_drifts,synthetic,NB,30,30042
synthetic_dataset_no_drifts,1000,KS90,0.801375,0.81185977605745,0.801375,0.7996625966270323,10,80,0.8012644938208711,1.0,no_drifts,synthetic,NB,30,30042
synthetic_dataset_no_drifts,1000,HD,0.7992375,0.8169759917406791,0.7992375,0.7963514743601401,6,80,0.7990950856969233,1.0,no_drifts,synthetic,NB,30,30042
synthetic_dataset_no_drifts,1000,JS,0.80875,0.81973216642205,0.80875,0.8070659061736254,1,80,0.8086383344392016,1.0,no_drifts,synthetic,NB,30,30042
synthetic_dataset_no_drifts,1500,Base,0.80595,0.821517967458726,0.80595,0.8035389552407102,0,53,0.8058175103772149,1.0,no_drifts,synthetic,NB,30,30042
synthetic_dataset_no_drifts,1500,KS95,0.80595,0.821517967458726,0.80595,0.8035389552407102,0,53,0.8058175103772149,1.0,no_drifts,synthetic,NB,30,30042
synthetic_dataset_no_drifts,1500,KS90,0.80595,0.821517967458726,0.80595,0.8035389552407102,0,53,0.8058175103772149,1.0,no_drifts,synthetic,NB,30,30042
synthetic_dataset_no_drifts,1500,HD,0.803575,0.8180072465463665,0.803575,0.8012880127153436,4,53,0.803446706963258,1.0,no_drifts,synthetic,NB,30,30042
synthetic_dataset_no_drifts,1500,JS,0.80305,0.8157065239718854,0.80305,0.8010251031436033,5,53,0.8029293862183162,1.0,no_drifts,synthetic,NB,30,30042
synthetic_dataset_no_drifts,2000,Base,0.805925,0.8213433019913102,0.805925,0.8035356330297371,0,40,0.8057931103420789,1.0,no_drifts,synthetic,NB,30,30042
synthetic_dataset_no_drifts,2000,KS95,0.8055125,0.8206414864470833,0.8055125,0.803157999056343,1,40,0.8053817047496548,1.0,no_drifts,synthetic,NB,30,30042
synthetic_dataset_no_drifts,2000,KS90,0.8022375,0.8195748015539932,0.8022375,0.799482316303704,2,40,0.8020972800200833,1.0,no_drifts,synthetic,NB,30,30042
synthetic_dataset_no_drifts,2000,HD,0.805125,0.8192350173998637,0.805125,0.8029155676270929,3,40,0.8049983891976804,1.0,no_drifts,synthetic,NB,30,30042
synthetic_dataset_no_drifts,2000,JS,0.8053625,0.8208965935119923,0.8053625,0.8029447082133051,1,40,0.8052300245312354,1.0,no_drifts,synthetic,NB,30,30042
synthetic_dataset_no_drifts,2500,Base,0.8063875,0.8221161163749398,0.8063875,0.8039615075406363,0,32,0.8062544560064167,1.0,no_drifts,synthetic,NB,30,30042
synthetic_dataset_no_drifts,2500,KS95,0.8063875,0.8221161163749398,0.8063875,0.8039615075406363,0,32,0.8062544560064167,1.0,no_drifts,synthetic,NB,30,30042
synthetic_dataset_no_drifts,2500,KS90,0.8096125,0.8241647816055722,0.8096125,0.8074203020935269,2,32,0.8094849206582858,1.0,no_drifts,synthetic,NB,30,30042
synthetic_dataset_no_drifts,2500,HD,0.8037375,0.820272726066822,0.8037375,0.8011363181199276,1,32,0.8036007021850111,1.0,no_drifts,synthetic,NB,30,30042
synthetic_dataset_no_drifts,2500,JS,0.8063875,0.8221161163749398,0.8063875,0.8039615075406363,0,32,0.8062544560064167,1.0,no_drifts,synthetic,NB,30,30042
synthetic_dataset_with_parallel_drifts_abrupt,1000,Base,0.7291125,0.7313294449595821,0.7291125,0.7284571912508463,0,80,0.7291014584732612,1.0,parallel_abrupt,synthetic,NB,6,6042
synthetic_dataset_with_parallel_drifts_abrupt,1000,KS95,0.7298875,0.7298992254587758,0.7298875,0.7298837049049615,8,80,0.7298866678880125,1.0,parallel_abrupt,synthetic,NB,6,6042
synthetic_dataset_with_parallel_drifts_abrupt,1000,KS90,0.730175,0.7301896110383146,0.730175,0.7301703282320268,11,80,0.7301740750900625,1.0,parallel_abrupt,synthetic,NB,6,6042
synthetic_dataset_with_parallel_drifts_abrupt,1000,HD,0.7300625,0.7317485454645626,0.7300625,0.7295665288847508,4,80,0.7300528760214269,1.0,parallel_abrupt,synthetic,NB,6,6042
synthetic_dataset_with_parallel_drifts_abrupt,1000,JS,0.72925,0.7300458629456695,0.72925,0.7290127741648381,4,80,0.7292433544179449,1.0,parallel_abrupt,synthetic,NB,6,6042
synthetic_dataset_with_parallel_drifts_abrupt,1500,Base,0.728475,0.7305279866597458,0.728475,0.7278645409181866,0,53,0.7284643550035079,1.0,parallel_abrupt,synthetic,NB,6,6042
synthetic_dataset_with_parallel_drifts_abrupt,1500,KS95,0.7286375,0.7289406991141192,0.7286375,0.7285458491051855,8,53,0.7286333771995648,1.0,parallel_abrupt,synthetic,NB,6,6042
synthetic_dataset_with_parallel_drifts_abrupt,1500,KS90,0.7283875,0.7285279526216465,0.7283875,0.7283445462688367,10,53,0.7283846821869746,1.0,parallel_abrupt,synthetic,NB,6,6042
synthetic_dataset_with_parallel_drifts_abrupt,1500,HD,0.724625,0.7258522230818945,0.724625,0.7242467284963304,6,53,0.7246166779337193,1.0,parallel_abrupt,synthetic,NB,6,6042
synthetic_dataset_with_parallel_drifts_abrupt,1500,JS,0.7249375,0.7274109749023785,0.7249375,0.724182331835872,4,53,0.7249257382618655,1.0,parallel_abrupt,synthetic,NB,6,6042
synthetic_dataset_with_parallel_drifts_abrupt,2000,Base,0.7280875,0.7297907276572114,0.7280875,0.7275785059950034,0,40,0.7280777859214379,1.0,parallel_abrupt,synthetic,NB,6,6042
synthetic_dataset_with_parallel_drifts_abrupt,2000,KS95,0.72575,0.7265376270365291,0.72575,0.7255084866809035,7,40,0.7257433373657565,1.0,parallel_abrupt,synthetic,NB,6,6042
synthetic_dataset_with_parallel_drifts_abrupt,2000,KS90,0.7265125,0.7267438049271486,0.7265125,0.7264411528987675,11,40,0.7265088777170119,1.0,parallel_abrupt,synthetic,NB,6,6042
synthetic_dataset_with_parallel_drifts_abrupt,2000,HD,0.72535,0.7253920711411698,0.72535,0.7253364968338784,6,40,0.7253484335957645,1.0,parallel_abrupt,synthetic,NB,6,6042
synthetic_dataset_with_parallel_drifts_abrupt,2000,JS,0.724875,0.7249022703308688,0.724875,0.7248661035338478,6,40,0.7248737316967326,1.0,parallel_abrupt,synthetic,NB,6,6042
synthetic_dataset_with_parallel_drifts_abrupt,2500,Base,0.7279625,0.7293218940872069,0.7279625,0.7275549887336,0,32,0.7279538096651617,1.0,parallel_abrupt,synthetic,NB,6,6042
synthetic_dataset_with_parallel_drifts_abrupt,2500,KS95,0.723675,0.7239534530304281,0.723675,0.7235873014984155,7,32,0.7236710035108446,1.0,parallel_abrupt,synthetic,NB,6,6042
synthetic_dataset_with_parallel_drifts_abrupt,2500,KS90,0.7236,0.7238528873705499,0.7236,0.7235202179959442,8,32,0.7235961891320571,1.0,parallel_abrupt,synthetic,NB,6,6042
synthetic_dataset_with_parallel_drifts_abrupt,2500,HD,0.7217,0.7229310421703059,0.7217,0.7213114836845212,5,32,0.7216916102856377,1.0,parallel_abrupt,synthetic,NB,6,6042
synthetic_dataset_with_parallel_drifts_abrupt,2500,JS,0.72205,0.7257672059518429,0.72205,0.7208946822558284,4,32,0.722035535303049,1.0,parallel_abrupt,synthetic,NB,6,6042
synthetic_dataset_with_switching_drifts_incremental,1000,Base,0.7260375,0.7261249073971001,0.7260375,0.7260119890738581,0,80,0.7260396826932589,1.0,switching_incremental,synthetic,NB,6,6042
synthetic_dataset_with_switching_drifts_incremental,1000,KS95,0.729525,0.730101823844689,0.729525,0.7293529601989934,31,80,0.7295193388069167,1.0,switching_incremental,synthetic,NB,6,6042
synthetic_dataset_with_switching_drifts_incremental,1000,KS90,0.7293625,0.7298402699364976,0.7293625,0.729219571065943,33,80,0.7293573422362154,1.0,switching_incremental,synthetic,NB,6,6042
synthetic_dataset_with_switching_drifts_incremental,1000,HD,0.7302375,0.731221777555662,0.7302375,0.7299469674117943,14,80,0.7302301316554003,1.0,switching_incremental,synthetic,NB,6,6042
synthetic_dataset_with_switching_drifts_incremental,1000,JS,0.7312875,0.7320254401167203,0.7312875,0.7310709763335884,14,80,0.7312811273336072,1.0,switching_incremental,synthetic,NB,6,6042
synthetic_dataset_with_switching_drifts_incremental,1500,Base,0.7248125,0.7248694352418494,0.7248125,0.7247958672499007,0,53,0.724814260756222,1.0,switching_incremental,synthetic,NB,6,6042
synthetic_dataset_with_switching_drifts_incremental,1500,KS95,0.7235875,0.723757774984822,0.7235875,0.72353350924946,23,53,0.7235843669439586,1.0,switching_incremental,synthetic,NB,6,6042
synthetic_dataset_with_switching_drifts_incremental,1500,KS90,0.7250625,0.7254366301069742,0.7250625,0.7249463470958901,24,53,0.7250578876435555,1.0,switching_incremental,synthetic,NB,6,6042
synthetic_dataset_with_switching_drifts_incremental,1500,HD,0.719075,0.7190817576976707,0.719075,0.7190725380202517,13,53,0.7190743445281387,1.0,switching_incremental,synthetic,NB,6,6042
synthetic_dataset_with_switching_drifts_incremental,1500,JS,0.719075,0.7190817576976707,0.719075,0.7190725380202517,13,53,0.7190743445281387,1.0,switching_incremental,synthetic,NB,6,6042
synthetic_dataset_with_switching_drifts_incremental,2000,Base,0.724825,0.7248635117417566,0.724825,0.7248138635767022,0,40,0.7248264429443387,1.0,switching_incremental,synthetic,NB,6,6042
synthetic_dataset_with_switching_drifts_incremental,2000,KS95,0.7219125,0.7221383246762304,0.7219125,0.7218401773560994,18,40,0.7219088831091371,1.0,switching_incremental,synthetic,NB,6,6042
synthetic_dataset_with_switching_drifts_incremental,2000,KS90,0.7224125,0.722853510117164,0.7224125,0.7222728391985698,20,40,0.722407465634378,1.0,switching_incremental,synthetic,NB,6,6042
synthetic_dataset_with_switching_drifts_incremental,2000,HD,0.72,0.720163565823725,0.72,0.7199465733402701,12,40,0.7199969033248432,1.0,switching_incremental,synthetic,NB,6,6042
synthetic_dataset_with_switching_drifts_incremental,2000,JS,0.720825,0.7209220322408948,0.720825,0.7207932607479592,11,40,0.7208226121166448,1.0,switching_incremental,synthetic,NB,6,6042
synthetic_dataset_with_switching_drifts_incremental,2500,Base,0.7252375,0.7252626260561774,0.7252375,0.7252303567271479,0,32,0.7252386589027071,1.0,switching_incremental,synthetic,NB,6,6042
synthetic_dataset_with_switching_drifts_incremental,2500,KS95,0.720875,0.7213970380959874,0.720875,0.7207078703163594,18,32,0.7208695071190188,1.0,switching_incremental,synthetic,NB,6,6042
synthetic_dataset_with_switching_drifts_incremental,2500,KS90,0.720875,0.7213970380959874,0.720875,0.7207078703163594,18,32,0.7208695071190188,1.0,switching_incremental,synthetic,NB,6,6042
synthetic_dataset_with_switching_drifts_incremental,2500,HD,0.724325,0.7243261703044305,0.724325,0.7243247481017867,9,32,0.7243252279189647,1.0,switching_incremental,synthetic,NB,6,6042
synthetic_dataset_with_switching_drifts_incremental,2500,JS,0.724325,0.7243261703044305,0.724325,0.7243247481017867,9,32,0.7243252279189647,1.0,switching_incremental,synthetic,NB,6,6042
synthetic_dataset_with_parallel_drifts_incremental,1000,Base,0.737075,0.7376334177834597,0.737075,0.7369182135710972,0,80,0.7370695191891444,1.0,parallel_incremental,synthetic,NB,6,6042
synthetic_dataset_with_parallel_drifts_incremental,1000,KS95,0.735675,0.7358088376066398,0.735675,0.7356363776905804,12,80,0.7356722922434098,1.0,parallel_incremental,synthetic,NB,6,6042
synthetic_dataset_with_parallel_drifts_incremental,1000,KS90,0.7360375,0.7361827511645204,0.7360375,0.735995756066042,15,80,0.7360346825742559,1.0,parallel_incremental,synthetic,NB,6,6042
synthetic_dataset_with_parallel_drifts_incremental,1000,HD,0.73585,0.7364488253338218,0.73585,0.7356803120662636,9,80,0.7358443110021182,1.0,parallel_incremental,synthetic,NB,6,6042
synthetic_dataset_with_parallel_drifts_incremental,1000,JS,0.73585,0.7364488253338218,0.73585,0.7356803120662636,9,80,0.7358443110021182,1.0,parallel_incremental,synthetic,NB,6,6042
synthetic_dataset_with_parallel_drifts_incremental,1500,Base,0.7369125,0.737473419797313,0.7369125,0.7367548118459742,0,53,0.7369070051184171,1.0,parallel_incremental,synthetic,NB,6,6042
synthetic_dataset_with_parallel_drifts_incremental,1500,KS95,0.736475,0.7367506968379128,0.736475,0.7363966782047837,9,53,0.7364711335338511,1.0,parallel_incremental,synthetic,NB,6,6042
synthetic_dataset_with_parallel_drifts_incremental,1500,KS90,0.73635,0.7365668252083302,0.73635,0.736288169909728,11,53,0.7363465666525449,1.0,parallel_incremental,synthetic,NB,6,6042
synthetic_dataset_with_parallel_drifts_incremental,1500,HD,0.7353375,0.7358877806310633,0.7353375,0.7351808074842343,5,53,0.7353320387886845,1.0,parallel_incremental,synthetic,NB,6,6042
synthetic_dataset_with_parallel_drifts_incremental,1500,JS,0.7353375,0.7358877806310633,0.7353375,0.7351808074842343,5,53,0.7353320387886845,1.0,parallel_incremental,synthetic,NB,6,6042
synthetic_dataset_with_parallel_drifts_incremental,2000,Base,0.73665,0.7371211502575324,0.73665,0.7365170586773432,0,40,0.736644957917651,1.0,parallel_incremental,synthetic,NB,6,6042
synthetic_dataset_with_parallel_drifts_incremental,2000,KS95,0.734725,0.7350132707644883,0.734725,0.7346419863933439,7,40,0.7347210321952523,1.0,parallel_incremental,synthetic,NB,6,6042
synthetic_dataset_with_parallel_drifts_incremental,2000,KS90,0.7357,0.7358665611401856,0.7357,0.7356520930738066,11,40,0.7356969828696597,1.0,parallel_incremental,synthetic,NB,6,6042
synthetic_dataset_with_parallel_drifts_incremental,2000,HD,0.7341625,0.7343869815550533,0.7341625,0.7340973775993345,6,40,0.734158990604299,1.0,parallel_incremental,synthetic,NB,6,6042
synthetic_dataset_with_parallel_drifts_incremental,2000,JS,0.734125,0.7341521676952393,0.734125,0.7341167765537526,6,40,0.7341237602900154,1.0,parallel_incremental,synthetic,NB,6,6042
synthetic_dataset_with_parallel_drifts_incremental,2500,Base,0.737225,0.7376527633923526,0.737225,0.7371047478437532,0,32,0.7372201998217727,1.0,parallel_incremental,synthetic,NB,6,6042
synthetic_dataset_with_parallel_drifts_incremental,2500,KS95,0.73495,0.7350828578084454,0.73495,0.7349114318272032,7,32,0.734947297831707,1.0,parallel_incremental,synthetic,NB,6,6042
synthetic_dataset_with_parallel_drifts_incremental,2500,KS90,0.7349125,0.7350417268918431,0.7349125,0.7348749588969516,8,32,0.7349098343923105,1.0,parallel_incremental,synthetic,NB,6,6042
synthetic_dataset_with_parallel_drifts_incremental,2500,HD,0.7361875,0.7364616464752229,0.7361875,0.7361094336506234,2,32,0.7361836419567969,1.0,parallel_incremental,synthetic,NB,6,6042
synthetic_dataset_with_parallel_drifts_incremental,2500,JS,0.7361875,0.7364616464752229,0.7361875,0.7361094336506234,2,32,0.7361836419567969,1.0,parallel_incremental,synthetic,NB,6,6042
synthetic_dataset_with_switching_drifts_abrupt,1000,Base,0.6821125,0.6840050619560764,0.6821125,0.6812997479300312,0,80,0.6821238717200211,1.0,switching_abrupt,synthetic,NB,6,6042
synthetic_dataset_with_switching_drifts_abrupt,1000,KS95,0.707375,0.7081429741350492,0.707375,0.7071014150901463,23,80,0.7073681339355118,1.0,switching_abrupt,synthetic,NB,6,6042
synthetic_dataset_with_switching_drifts_abrupt,1000,KS90,0.7074875,0.7080779003563641,0.7074875,0.7072768645313563,25,80,0.7074814748787497,1.0,switching_abrupt,synthetic,NB,6,6042
synthetic_dataset_with_switching_drifts_abrupt,1000,HD,0.6922,0.6923082844685241,0.6922,0.6921581332301182,15,80,0.6922026337927584,1.0,switching_abrupt,synthetic,NB,6,6042
synthetic_dataset_with_switching_drifts_abrupt,1000,JS,0.6950875,0.6951764652197293,0.6950875,0.6950540435518157,16,80,0.6950898667514245,1.0,switching_abrupt,synthetic,NB,6,6042
synthetic_dataset_with_switching_drifts_abrupt,1500,Base,0.6812,0.6827095022704159,0.6812,0.6805462705356637,0,53,0.6812101876112657,1.0,switching_abrupt,synthetic,NB,6,6042
synthetic_dataset_with_switching_drifts_abrupt,1500,KS95,0.6938,0.6938370277625909,0.6938,0.6937845131265755,23,53,0.6937984094985445,1.0,switching_abrupt,synthetic,NB,6,6042
synthetic_dataset_with_switching_drifts_abrupt,1500,KS90,0.697375,0.6977250814729875,0.697375,0.6972384482074018,25,53,0.6973702315543681,1.0,switching_abrupt,synthetic,NB,6,6042
synthetic_dataset_with_switching_drifts_abrupt,1500,HD,0.6813875,0.6814517785709029,0.6813875,0.6813605344435522,15,53,0.6813895791828474,1.0,switching_abrupt,synthetic,NB,6,6042
synthetic_dataset_with_switching_drifts_abrupt,1500,JS,0.676025,0.6762348355705738,0.676025,0.6759309348561042,14,53,0.6760288423489602,1.0,switching_abrupt,synthetic,NB,6,6042
synthetic_dataset_with_switching_drifts_abrupt,2000,Base,0.68145,0.6826887396067742,0.68145,0.680914607152847,0,40,0.6814592257488733,1.0,switching_abrupt,synthetic,NB,6,6042
synthetic_dataset_with_switching_drifts_abrupt,2000,KS95,0.678575,0.6786753337586277,0.678575,0.6785282285420063,18,40,0.6785722949777224,1.0,switching_abrupt,synthetic,NB,6,6042
synthetic_dataset_with_switching_drifts_abrupt,2000,KS90,0.680775,0.6811467586417189,0.680775,0.6806080589580353,20,40,0.6807698650889743,1.0,switching_abrupt,synthetic,NB,6,6042
synthetic_dataset_with_switching_drifts_abrupt,2000,HD,0.6773625,0.6773881234534025,0.6773624999999999,0.6773500011766058,12,40,0.6773611083539061,1.0,switching_abrupt,synthetic,NB,6,6042
synthetic_dataset_with_switching_drifts_abrupt,2000,JS,0.6773625,0.6773881234534025,0.6773624999999999,0.6773500011766058,12,40,0.6773611083539061,1.0,switching_abrupt,synthetic,NB,6,6042
synthetic_dataset_with_switching_drifts_abrupt,2500,Base,0.6821375,0.6832031754728111,0.6821375,0.6816796659969592,0,32,0.6821460423461434,1.0,switching_abrupt,synthetic,NB,6,6042
synthetic_dataset_with_switching_drifts_abrupt,2500,KS95,0.67145,0.6717968812157956,0.67145,0.6712808040746903,16,32,0.6714449039918983,1.0,switching_abrupt,synthetic,NB,6,6042
synthetic_dataset_with_switching_drifts_abrupt,2500,KS90,0.67145,0.6717968812157956,0.67145,0.6712808040746903,16,32,0.6714449039918983,1.0,switching_abrupt,synthetic,NB,6,6042
synthetic_dataset_with_switching_drifts_abrupt,2500,HD,0.6722875,0.6723255506509331,0.6722875,0.6722683244373797,8,32,0.6722857874719681,1.0,switching_abrupt,synthetic,NB,6,6042
synthetic_dataset_with_switching_drifts_abrupt,2500,JS,0.6745,0.6746179473178269,0.6745,0.6744431714435202,4,32,0.6744970360214124,1.0,switching_abrupt,synthetic,NB,6,6042
synthetic_dataset_no_drifts,1000,Base,0.73905,0.7392585995492946,0.73905,0.7389917646241042,0,80,0.7390466511642367,1.0,no_drifts,synthetic,NB,6,6042
synthetic_dataset_no_drifts,1000,KS95,0.739125,0.739539092263864,0.739125,0.7390103170008695,3,80,0.7391202955429649,1.0,no_drifts,synthetic,NB,6,6042
synthetic_dataset_no_drifts,1000,KS90,0.738225,0.7382657381945202,0.738225,0.7382132077958368,7,80,0.7382235017475648,1.0,no_drifts,synthetic,NB,6,6042
synthetic_dataset_no_drifts,1000,HD,0.7360625,0.7360793498936057,0.7360625,0.7360573934064752,5,80,0.7360615219506146,1.0,no_drifts,synthetic,NB,6,6042
synthetic_dataset_no_drifts,1000,JS,0.738675,0.7390599323987758,0.738675,0.7385679316401145,9,80,0.738670458645192,1.0,no_drifts,synthetic,NB,6,6042
synthetic_dataset_no_drifts,1500,Base,0.7393375,0.739559657577189,0.7393375,0.7392756697018117,0,53,0.7393340471162861,1.0,no_drifts,synthetic,NB,6,6042
synthetic_dataset_no_drifts,1500,KS95,0.7393375,0.739559657577189,0.7393375,0.7392756697018117,0,53,0.7393340471162861,1.0,no_drifts,synthetic,NB,6,6042
synthetic_dataset_no_drifts,1500,KS90,0.73915,0.739525189935743,0.73915,0.7390460123019353,3,53,0.7391455205442419,1.0,no_drifts,synthetic,NB,6,6042
synthetic_dataset_no_drifts,1500,HD,0.7355875,0.7355956938493692,0.7355875,0.7355849211661206,6,53,0.7355868088015822,1.0,no_drifts,synthetic,NB,6,6042
synthetic_dataset_no_drifts,1500,JS,0.7355875,0.7355956938493692,0.7355875,0.7355849211661206,6,53,0.7355868088015822,1.0,no_drifts,synthetic,NB,6,6042
synthetic_dataset_no_drifts,2000,Base,0.73915,0.7393643858766814,0.73915,0.7390902172102025,0,40,0.739146606169297,1.0,no_drifts,synthetic,NB,6,6042
synthetic_dataset_no_drifts,2000,KS95,0.73895,0.7392622815126392,0.73895,0.7388631471562558,1,40,0.7389459086591367,1.0,no_drifts,synthetic,NB,6,6042
synthetic_dataset_no_drifts,2000,KS90,0.7377875,0.7378110448637182,0.7377875,0.7377805485950841,6,40,0.7377863532879342,1.0,no_drifts,synthetic,NB,6,6042
synthetic_dataset_no_drifts,2000,HD,0.7392125,0.7397342811674112,0.7392125,0.7390684030624468,3,40,0.7392072246098657,1.0,no_drifts,synthetic,NB,6,6042
synthetic_dataset_no_drifts,2000,JS,0.737475,0.7375227266577239,0.737475,0.7374611559756086,5,40,0.7374733779595898,1.0,no_drifts,synthetic,NB,6,6042
synthetic_dataset_no_drifts,2500,Base,0.7391,0.7393143403467624,0.7391,0.739040205750975,0,32,0.7390966061667656,1.0,no_drifts,synthetic,NB,6,6042
synthetic_dataset_no_drifts,2500,KS95,0.7387375,0.7390818660405699,0.7387375,0.7386416569074518,1,32,0.7387332033358683,1.0,no_drifts,synthetic,NB,6,6042
synthetic_dataset_no_drifts,2500,KS90,0.7357,0.7357026792259259,0.7357,0.7356990865095618,3,32,0.7356995928697918,1.0,no_drifts,synthetic,NB,6,6042
synthetic_dataset_no_drifts,2500,HD,0.739175,0.7395972018316737,0.739175,0.7390581395640035,1,32,0.7391702505454938,1.0,no_drifts,synthetic,NB,6,6042
synthetic_dataset_no_drifts,2500,JS,0.739175,0.7395972018316737,0.739175,0.7390581395640035,1,32,0.7391702505454938,1.0,no_drifts,synthetic,NB,6,6042
synthetic_dataset_with_parallel_drifts_abrupt,1000,Base,0.632075,0.6361484589299565,0.632075,0.6292606976011579,0,80,0.6320271211882043,1.0,parallel_abrupt,synthetic,NB,1,1042
synthetic_dataset_with_parallel_drifts_abrupt,1000,KS95,0.6413375,0.641391347761454,0.6413375,0.6412988229869132,11,80,0.6413318296278785,1.0,parallel_abrupt,synthetic,NB,1,1042
synthetic_dataset_with_parallel_drifts_abrupt,1000,KS90,0.6409125,0.6410648943971801,0.6409125,0.6408079549797959,17,80,0.6409031582482053,1.0,parallel_abrupt,synthetic,NB,1,1042
synthetic_dataset_with_parallel_drifts_abrupt,1000,HD,0.6340875,0.6391710215665114,0.6340875,0.6306702952200233,4,80,0.6340346374204778,1.0,parallel_abrupt,synthetic,NB,1,1042
synthetic_dataset_with_parallel_drifts_abrupt,1000,JS,0.6340875,0.6391710215665114,0.6340875,0.6306702952200233,4,80,0.6340346374204778,1.0,parallel_abrupt,synthetic,NB,1,1042
synthetic_dataset_with_parallel_drifts_abrupt,1500,Base,0.6323375,0.635879057223928,0.6323375,0.6298873252141766,0,53,0.6322927906435692,1.0,parallel_abrupt,synthetic,NB,1,1042
synthetic_dataset_with_parallel_drifts_abrupt,1500,KS95,0.6419125,0.6419247892643083,0.6419125,0.6419025154841999,12,53,0.6419096348026646,1.0,parallel_abrupt,synthetic,NB,1,1042
synthetic_dataset_with_parallel_drifts_abrupt,1500,KS90,0.642575,0.6426620490788173,0.642575,0.6425148437469428,14,53,0.6425679068767919,1.0,parallel_abrupt,synthetic,NB,1,1042
synthetic_dataset_with_parallel_drifts_abrupt,1500,HD,0.6287375,0.6355862247584533,0.6287375,0.6239341822831348,5,53,0.6286753820493032,1.0,parallel_abrupt,synthetic,NB,1,1042
synthetic_dataset_with_parallel_drifts_abrupt,1500,JS,0.630575,0.6322847329748422,0.630575,0.6293495259596767,8,53,0.6305434144893829,1.0,parallel_abrupt,synthetic,NB,1,1042
synthetic_dataset_with_parallel_drifts_abrupt,2000,Base,0.6325,0.6355755258464254,0.6325,0.6303677509721911,0,40,0.632458267568626,1.0,parallel_abrupt,synthetic,NB,1,1042
synthetic_dataset_with_parallel_drifts_abrupt,2000,KS95,0.6347,0.6347230605998461,0.6347,0.6346810894171718,12,40,0.6346960807455644,1.0,parallel_abrupt,synthetic,NB,1,1042
synthetic_dataset_with_parallel_drifts_abrupt,2000,KS90,0.636325,0.636451591156798,0.636325,0.6362333518165917,12,40,0.6363163099856837,1.0,parallel_abrupt,synthetic,NB,1,1042
synthetic_dataset_with_parallel_drifts_abrupt,2000,HD,0.6332125,0.6360610982012,0.6332125,0.6312480424632698,4,40,0.6331723971596502,1.0,parallel_abrupt,synthetic,NB,1,1042
synthetic_dataset_with_parallel_drifts_abrupt,2000,JS,0.6332125,0.6360610982012,0.6332125,0.6312480424632698,4,40,0.6331723971596502,1.0,parallel_abrupt,synthetic,NB,1,1042
synthetic_dataset_with_parallel_drifts_abrupt,2500,Base,0.63225,0.6346830835667593,0.63225,0.6305491519744565,0,32,0.6322127224943486,1.0,parallel_abrupt,synthetic,NB,1,1042
synthetic_dataset_with_parallel_drifts_abrupt,2500,KS95,0.636425,0.6364804380167951,0.636425,0.6363832019961916,9,32,0.6364191425167907,1.0,parallel_abrupt,synthetic,NB,1,1042
synthetic_dataset_with_parallel_drifts_abrupt,2500,KS90,0.637175,0.6372842847344151,0.637175,0.6370960725066472,10,32,0.637166928992996,1.0,parallel_abrupt,synthetic,NB,1,1042
synthetic_dataset_with_parallel_drifts_abrupt,2500,HD,0.618375,0.6271757479529136,0.618375,0.6115862904849242,4,32,0.6183023257864535,1.0,parallel_abrupt,synthetic,NB,1,1042
synthetic_dataset_with_parallel_drifts_abrupt,2500,JS,0.6201,0.6279887430950185,0.6201,0.6140890369976579,3,32,0.6200313963094973,1.0,parallel_abrupt,synthetic,NB,1,1042
synthetic_dataset_with_switching_drifts_incremental,1000,Base,0.646,0.6470285393219909,0.646,0.6453617052335352,0,80,0.6459767104079549,1.0,switching_incremental,synthetic,NB,1,1042
synthetic_dataset_with_switching_drifts_incremental,1000,KS95,0.6418875,0.6418932999959103,0.6418875,0.6418822532833638,29,80,0.6418854322953433,1.0,switching_incremental,synthetic,NB,1,1042
synthetic_dataset_with_switching_drifts_incremental,1000,KS90,0.6413625,0.6413624960438524,0.6413625,0.6413621948774723,35,80,0.641362013387009,1.0,switching_incremental,synthetic,NB,1,1042
synthetic_dataset_with_switching_drifts_incremental,1000,HD,0.641225,0.6424627230300761,0.641225,0.6404230775656324,14,80,0.6411990689627184,1.0,switching_incremental,synthetic,NB,1,1042
synthetic_dataset_with_switching_drifts_incremental,1000,JS,0.637825,0.6394269632170609,0.637825,0.6367569334772858,10,80,0.6377952179330535,1.0,switching_incremental,synthetic,NB,1,1042
synthetic_dataset_with_switching_drifts_incremental,1500,Base,0.6460875,0.6470017729438918,0.6460875,0.6455192811182705,0,53,0.6460655235598208,1.0,switching_incremental,synthetic,NB,1,1042
synthetic_dataset_with_switching_drifts_incremental,1500,KS95,0.6409875,0.6411878178945967,0.6409875,0.6408684061241174,26,53,0.6409975595267617,1.0,switching_incremental,synthetic,NB,1,1042
synthetic_dataset_with_switching_drifts_incremental,1500,KS90,0.640275,0.6403157436619978,0.640275,0.6402525754631766,27,53,0.6402793874345146,1.0,switching_incremental,synthetic,NB,1,1042
synthetic_dataset_with_switching_drifts_incremental,1500,HD,0.638825,0.6389223800987622,0.638825,0.6387554815638449,14,53,0.6388174107422667,1.0,switching_incremental,synthetic,NB,1,1042
synthetic_dataset_with_switching_drifts_incremental,1500,JS,0.6384,0.6384023334616244,0.6384,0.6383992670809882,13,53,0.6384008393662539,1.0,switching_incremental,synthetic,NB,1,1042
synthetic_dataset_with_switching_drifts_incremental,2000,Base,0.6475,0.6482461704315875,0.6475,0.6470406742575616,0,40,0.6474802033627615,1.0,switching_incremental,synthetic,NB,1,1042
synthetic_dataset_with_switching_drifts_incremental,2000,KS95,0.6447625,0.6447649875032581,0.6447625,0.6447617408452452,20,40,0.644763361915917,1.0,switching_incremental,synthetic,NB,1,1042
synthetic_dataset_with_switching_drifts_incremental,2000,KS90,0.6447625,0.6447649875032581,0.6447625,0.6447617408452452,20,40,0.644763361915917,1.0,switching_incremental,synthetic,NB,1,1042
synthetic_dataset_with_switching_drifts_incremental,2000,HD,0.6438875,0.6438916205780814,0.6438875,0.6438836193810148,11,40,0.6438857216504308,1.0,switching_incremental,synthetic,NB,1,1042
synthetic_dataset_with_switching_drifts_incremental,2000,JS,0.6463875,0.6464666873652062,0.6463875,0.6463345627167385,10,40,0.6463808136551961,1.0,switching_incremental,synthetic,NB,1,1042
synthetic_dataset_with_switching_drifts_incremental,2500,Base,0.6467875,0.6473350913175967,0.6467875,0.6464458345527769,0,32,0.6467704462730599,1.0,switching_incremental,synthetic,NB,1,1042
synthetic_dataset_with_switching_drifts_incremental,2500,KS95,0.638625,0.6386315612432013,0.638625,0.6386221433120494,19,32,0.6386265956845453,1.0,switching_incremental,synthetic,NB,1,1042
synthetic_dataset_with_switching_drifts_incremental,2500,KS90,0.6379875,0.6380539178891144,0.6379875,0.637948837392594,20,32,0.6379932273679512,1.0,switching_incremental,synthetic,NB,1,1042
synthetic_dataset_with_switching_drifts_incremental,2500,HD,0.6397,0.6397144916533177,0.6397,0.6396928118882017,10,32,0.6397025035100073,1.0,switching_incremental,synthetic,NB,1,1042
synthetic_dataset_with_switching_drifts_incremental,2500,JS,0.6397,0.6397144916533177,0.6397,0.6396928118882017,10,32,0.6397025035100073,1.0,switching_incremental,synthetic,NB,1,1042
synthetic_dataset_with_parallel_drifts_incremental,1000,Base,0.6504875,0.6513778232315318,0.6504875,0.6499568044193155,0,80,0.6504661298910043,1.0,parallel_incremental,synthetic,NB,1,1042
synthetic_dataset_with_parallel_drifts_incremental,1000,KS95,0.6475125,0.6476419600147961,0.6475125,0.6474287743539182,15,80,0.6475040677449806,1.0,parallel_incremental,synthetic,NB,1,1042
synthetic_dataset_with_parallel_drifts_incremental,1000,KS90,0.6469,0.6471854228786831,0.6469,0.6467191833014151,21,80,0.6468876006834992,1.0,parallel_incremental,synthetic,NB,1,1042
synthetic_dataset_with_parallel_drifts_incremental,1000,HD,0.6449375,0.6472238570476071,0.6449375,0.6435265622397385,10,80,0.64490294195814,1.0,parallel_incremental,synthetic,NB,1,1042
synthetic_dataset_with_parallel_drifts_incremental,1000,JS,0.6449375,0.6472238570476071,0.6449375,0.6435265622397385,10,80,0.64490294195814,1.0,parallel_incremental,synthetic,NB,1,1042
synthetic_dataset_with_parallel_drifts_incremental,1500,Base,0.6504875,0.6513125100821169,0.6504875,0.6499949935085442,0,53,0.6504669136412413,1.0,parallel_incremental,synthetic,NB,1,1042
synthetic_dataset_with_parallel_drifts_incremental,1500,KS95,0.6483625,0.6483750591956835,0.6483625,0.648352972259862,13,53,0.6483596780038027,1.0,parallel_incremental,synthetic,NB,1,1042
synthetic_dataset_with_parallel_drifts_incremental,1500,KS90,0.649025,0.6491151986260635,0.649025,0.6489666106574759,15,53,0.6490179500779297,1.0,parallel_incremental,synthetic,NB,1,1042
synthetic_dataset_with_parallel_drifts_incremental,1500,HD,0.643475,0.644314512166827,0.643475,0.6429388658861067,7,53,0.6434537308947536,1.0,parallel_incremental,synthetic,NB,1,1042
synthetic_dataset_with_parallel_drifts_incremental,1500,JS,0.643475,0.644314512166827,0.643475,0.6429388658861067,7,53,0.6434537308947536,1.0,parallel_incremental,synthetic,NB,1,1042
synthetic_dataset_with_parallel_drifts_incremental,2000,Base,0.6517375,0.6524134606259865,0.6517375,0.6513371274223904,0,40,0.6517189077699697,1.0,parallel_incremental,synthetic,NB,1,1042
synthetic_dataset_with_parallel_drifts_incremental,2000,KS95,0.6481375,0.6481435582468704,0.6481375,0.6481351250800843,12,40,0.648138981687042,1.0,parallel_incremental,synthetic,NB,1,1042
synthetic_dataset_with_parallel_drifts_incremental,2000,KS90,0.6497625,0.6497803381963607,0.6497625,0.6497496533745,12,40,0.6497592109271613,1.0,parallel_incremental,synthetic,NB,1,1042
synthetic_dataset_with_parallel_drifts_incremental,2000,HD,0.6495375,0.650874572266466,0.6495375,0.6487395422588512,4,40,0.6495113308521776,1.0,parallel_incremental,synthetic,NB,1,1042
synthetic_dataset_with_parallel_drifts_incremental,2000,JS,0.6495375,0.650874572266466,0.6495375,0.6487395422588512,4,40,0.6495113308521776,1.0,parallel_incremental,synthetic,NB,1,1042
synthetic_dataset_with_parallel_drifts_incremental,2500,Base,0.6514625,0.651933742736955,0.6514625,0.6511804345402179,0,32,0.6514469051876888,1.0,parallel_incremental,synthetic,NB,1,1042
synthetic_dataset_with_parallel_drifts_incremental,2500,KS95,0.6485875,0.6486485437059396,0.6485875,0.6485470059448173,9,32,0.6485816393209458,1.0,parallel_incremental,synthetic,NB,1,1042
synthetic_dataset_with_parallel_drifts_incremental,2500,KS90,0.6493375,0.649457392659699,0.6493375,0.6492610888685328,10,32,0.6493294257971514,1.0,parallel_incremental,synthetic,NB,1,1042
synthetic_dataset_with_parallel_drifts_incremental,2500,HD,0.6489875,0.6501551725533371,0.6489875,0.6482851442799481,2,32,0.6489629669362974,1.0,parallel_incremental,synthetic,NB,1,1042
synthetic_dataset_with_parallel_drifts_incremental,2500,JS,0.6489875,0.6501551725533371,0.6489875,0.6482851442799481,2,32,0.6489629669362974,1.0,parallel_incremental,synthetic,NB,1,1042
synthetic_dataset_with_switching_drifts_abrupt,1000,Base,0.61355,0.6166551635802047,0.61355,0.6109145209465962,0,80,0.6135047693351927,1.0,switching_abrupt,synthetic,NB,1,1042
synthetic_dataset_with_switching_drifts_abrupt,1000,KS95,0.6291875,0.6292338957344702,0.6291875,0.6291587285888892,23,80,0.6291923859556968,1.0,switching_abrupt,synthetic,NB,1,1042
synthetic_dataset_with_switching_drifts_abrupt,1000,KS90,0.6300125,0.6300449146790417,0.6300125,0.6299931465765753,28,80,0.6300165199549973,1.0,switching_abrupt,synthetic,NB,1,1042
synthetic_dataset_with_switching_drifts_abrupt,1000,HD,0.6217625,0.6220438819460523,0.6217625,0.6215313917688422,16,80,0.6217489449540559,1.0,switching_abrupt,synthetic,NB,1,1042
synthetic_dataset_with_switching_drifts_abrupt,1000,JS,0.6218875,0.6220994681026663,0.6218875,0.6217120523781318,17,80,0.6218756912423966,1.0,switching_abrupt,synthetic,NB,1,1042
synthetic_dataset_with_switching_drifts_abrupt,1500,Base,0.6125,0.6151226218865068,0.6125,0.6102367976339754,0,53,0.6124581240185825,1.0,switching_abrupt,synthetic,NB,1,1042
synthetic_dataset_with_switching_drifts_abrupt,1500,KS95,0.6248375,0.6252336213257895,0.6248375,0.6245548913776152,26,53,0.62485262839292,1.0,switching_abrupt,synthetic,NB,1,1042
synthetic_dataset_with_switching_drifts_abrupt,1500,KS90,0.6244375,0.6246098831506037,0.6244375,0.6243169888095981,27,53,0.6244473895203353,1.0,switching_abrupt,synthetic,NB,1,1042
synthetic_dataset_with_switching_drifts_abrupt,1500,HD,0.612375,0.6123800930799396,0.612375,0.6123723072023891,13,53,0.6123764914938887,1.0,switching_abrupt,synthetic,NB,1,1042
synthetic_dataset_with_switching_drifts_abrupt,1500,JS,0.612375,0.6123800930799396,0.612375,0.6123723072023891,13,53,0.6123764914938887,1.0,switching_abrupt,synthetic,NB,1,1042
synthetic_dataset_with_switching_drifts_abrupt,2000,Base,0.6134,0.6156700073509619,0.6134,0.611453685741124,0,40,0.6133611080417352,1.0,switching_abrupt,synthetic,NB,1,1042
synthetic_dataset_with_switching_drifts_abrupt,2000,KS95,0.613975,0.6139757747708693,0.613975,0.6139732860391276,20,40,0.6139738657270943,1.0,switching_abrupt,synthetic,NB,1,1042
synthetic_dataset_with_switching_drifts_abrupt,2000,KS90,0.613975,0.6139757747708693,0.613975,0.6139732860391276,20,40,0.6139738657270943,1.0,switching_abrupt,synthetic,NB,1,1042
synthetic_dataset_with_switching_drifts_abrupt,2000,HD,0.6141125,0.6141212291668294,0.6141125,0.6141023438067168,12,40,0.614109708893187,1.0,switching_abrupt,synthetic,NB,1,1042
synthetic_dataset_with_switching_drifts_abrupt,2000,JS,0.6141125,0.6141212291668294,0.6141125,0.6141023438067168,12,40,0.614109708893187,1.0,switching_abrupt,synthetic,NB,1,1042
synthetic_dataset_with_switching_drifts_abrupt,2500,Base,0.6127125,0.6144755069946838,0.6127125,0.6111796413422163,0,32,0.6126780009600953,1.0,switching_abrupt,synthetic,NB,1,1042
synthetic_dataset_with_switching_drifts_abrupt,2500,KS95,0.6060625,0.6060944955773209,0.6060625,0.6060378648509366,18,32,0.6060668839602323,1.0,switching_abrupt,synthetic,NB,1,1042
synthetic_dataset_with_switching_drifts_abrupt,2500,KS90,0.6060625,0.6060944955773209,0.6060625,0.6060378648509366,18,32,0.6060668839602323,1.0,switching_abrupt,synthetic,NB,1,1042
synthetic_dataset_with_switching_drifts_abrupt,2500,HD,0.6074,0.6081558919173543,0.6074,0.6066870819020397,7,32,0.6073766162314264,1.0,switching_abrupt,synthetic,NB,1,1042
synthetic_dataset_with_switching_drifts_abrupt,2500,JS,0.6098,0.6120239872415267,0.6098,0.6078117768336481,4,32,0.6097608732026641,1.0,switching_abrupt,synthetic,NB,1,1042
synthetic_dataset_no_drifts,1000,Base,0.65825,0.6583897254586127,0.65825,0.6581686930123906,0,80,0.6582415641180731,1.0,no_drifts,synthetic,NB,1,1042
synthetic_dataset_no_drifts,1000,KS95,0.652925,0.6529401550926104,0.652925,0.6529183067616572,5,80,0.6529274662605585,1.0,no_drifts,synthetic,NB,1,1042
synthetic_dataset_no_drifts,1000,KS90,0.6531375,0.6531575279005799,0.6531375,0.6531237039751299,11,80,0.6531340744480576,1.0,no_drifts,synthetic,NB,1,1042
synthetic_dataset_no_drifts,1000,HD,0.657775,0.6577988315625642,0.657775,0.6577595477840914,5,80,0.657771348975833,1.0,no_drifts,synthetic,NB,1,1042
synthetic_dataset_no_drifts,1000,JS,0.6557,0.6558545209433023,0.6557,0.6556082428664043,5,80,0.6556910683465482,1.0,no_drifts,synthetic,NB,1,1042
synthetic_dataset_no_drifts,1500,Base,0.65765,0.657804088346783,0.65765,0.6575601551700296,0,53,0.657641137686444,1.0,no_drifts,synthetic,NB,1,1042
synthetic_dataset_no_drifts,1500,KS95,0.6534375,0.6534450589220338,0.6534375,0.6534345357324535,6,53,0.6534391620403465,1.0,no_drifts,synthetic,NB,1,1042
synthetic_dataset_no_drifts,1500,KS90,0.6531375,0.6531375652097573,0.6531375,0.6531371528659157,9,53,0.6531369756989351,1.0,no_drifts,synthetic,NB,1,1042
synthetic_dataset_no_drifts,1500,HD,0.6554625,0.6556035763210131,0.6554625,0.6553782544846581,3,53,0.6554539463998187,1.0,no_drifts,synthetic,NB,1,1042
synthetic_dataset_no_drifts,1500,JS,0.6572,0.6573172006484979,0.6572,0.6571306455482265,2,53,0.6571922238006477,1.0,no_drifts,synthetic,NB,1,1042
synthetic_dataset_no_drifts,2000,Base,0.6575125,0.6576508332317323,0.6575125,0.6574314134776394,0,40,0.6575040845199855,1.0,no_drifts,synthetic,NB,1,1042
synthetic_dataset_no_drifts,2000,KS95,0.6543625,0.6546209518078342,0.6543625,0.6542261132828638,6,40,0.654373471072975,1.0,no_drifts,synthetic,NB,1,1042
synthetic_dataset_no_drifts,2000,KS90,0.6562125,0.6562967827914393,0.6562125,0.656170638754444,7,40,0.6562186178811319,1.0,no_drifts,synthetic,NB,1,1042
synthetic_dataset_no_drifts,2000,HD,0.6568,0.6569581595354628,0.6568,0.6567071291981569,1,40,0.6567909999292775,1.0,no_drifts,synthetic,NB,1,1042
synthetic_dataset_no_drifts,2000,JS,0.6568,0.6569581595354628,0.6568,0.6567071291981569,1,40,0.6567909999292775,1.0,no_drifts,synthetic,NB,1,1042
synthetic_dataset_no_drifts,2500,Base,0.657725,0.6578185481678211,0.657725,0.6576693753681059,0,32,0.6577180352097056,1.0,no_drifts,synthetic,NB,1,1042
synthetic_dataset_no_drifts,2500,KS95,0.65615,0.6561529734839074,0.65615,0.6561491180231427,3,32,0.6561509409856596,1.0,no_drifts,synthetic,NB,1,1042
synthetic_dataset_no_drifts,2500,KS90,0.6568125,0.656816886822475,0.6568125,0.6568089288218872,4,32,0.656810766810257,1.0,no_drifts,synthetic,NB,1,1042
synthetic_dataset_no_drifts,2500,HD,0.6565625,0.656571794240663,0.6565625,0.6565588141845682,1,32,0.6565643554857176,1.0,no_drifts,synthetic,NB,1,1042
synthetic_dataset_no_drifts,2500,JS,0.6569,0.6569302588562066,0.6569,0.6568805965144919,1,32,0.6568959087110124,1.0,no_drifts,synthetic,NB,1,1042
synthetic_dataset_with_parallel_drifts_abrupt,1000,Base,0.7073375,0.7192007083440217,0.7073375,0.7032735142006097,0,80,0.7072352617894974,1.0,parallel_abrupt,synthetic,NB,27,27042
synthetic_dataset_with_parallel_drifts_abrupt,1000,KS95,0.742525,0.7427780310395165,0.742525,0.7424522497108358,7,80,0.7425104747345822,1.0,parallel_abrupt,synthetic,NB,27,27042
synthetic_dataset_with_parallel_drifts_abrupt,1000,KS90,0.7420875,0.7423686233161824,0.7420875,0.742006721385287,8,80,0.7420721978365264,1.0,parallel_abrupt,synthetic,NB,27,27042
synthetic_dataset_with_parallel_drifts_abrupt,1000,HD,0.7243125,0.7311531991840973,0.7243125,0.7222243852180261,4,80,0.724236809181307,1.0,parallel_abrupt,synthetic,NB,27,27042
synthetic_dataset_with_parallel_drifts_abrupt,1000,JS,0.7243125,0.7311531991840973,0.7243125,0.7222243852180261,4,80,0.724236809181307,1.0,parallel_abrupt,synthetic,NB,27,27042
synthetic_dataset_with_parallel_drifts_abrupt,1500,Base,0.7082875,0.7187585887185669,0.7082875,0.7047076737471223,0,53,0.7081913218964808,1.0,parallel_abrupt,synthetic,NB,27,27042
synthetic_dataset_with_parallel_drifts_abrupt,1500,KS95,0.73205,0.7346050236392688,0.73205,0.7312991469517086,8,53,0.7320039229405033,1.0,parallel_abrupt,synthetic,NB,27,27042
synthetic_dataset_with_parallel_drifts_abrupt,1500,KS90,0.734825,0.73554683532079,0.734825,0.7346115586211828,11,53,0.7348003625815277,1.0,parallel_abrupt,synthetic,NB,27,27042
synthetic_dataset_with_parallel_drifts_abrupt,1500,HD,0.699425,0.716549736840157,0.699425,0.6932997330605886,4,53,0.6993015041527141,1.0,parallel_abrupt,synthetic,NB,27,27042
synthetic_dataset_with_parallel_drifts_abrupt,1500,JS,0.699425,0.716549736840157,0.699425,0.6932997330605886,4,53,0.6993015041527141,1.0,parallel_abrupt,synthetic,NB,27,27042
synthetic_dataset_with_parallel_drifts_abrupt,2000,Base,0.7102875,0.7193519673189313,0.7102875,0.7072202594150881,0,40,0.710198104682924,1.0,parallel_abrupt,synthetic,NB,27,27042
synthetic_dataset_with_parallel_drifts_abrupt,2000,KS95,0.7221625,0.7299542153699525,0.7221625,0.7197528127374359,6,40,0.7220815356561757,1.0,parallel_abrupt,synthetic,NB,27,27042
synthetic_dataset_with_parallel_drifts_abrupt,2000,KS90,0.726175,0.7300535238621109,0.726175,0.7249910707312436,9,40,0.7261177621839117,1.0,parallel_abrupt,synthetic,NB,27,27042
synthetic_dataset_with_parallel_drifts_abrupt,2000,HD,0.7208375,0.7235842586877791,0.7208375,0.7199553649674509,5,40,0.720788559666241,1.0,parallel_abrupt,synthetic,NB,27,27042
synthetic_dataset_with_parallel_drifts_abrupt,2000,JS,0.7208375,0.7235842586877791,0.7208375,0.7199553649674509,5,40,0.720788559666241,1.0,parallel_abrupt,synthetic,NB,27,27042
synthetic_dataset_with_parallel_drifts_abrupt,2500,Base,0.712425,0.7208587743689967,0.712425,0.7096124025757236,0,32,0.7123390516345864,1.0,parallel_abrupt,synthetic,NB,27,27042
synthetic_dataset_with_parallel_drifts_abrupt,2500,KS95,0.7275875,0.730880127395994,0.7275875,0.7265900560143729,6,32,0.7275348242063497,1.0,parallel_abrupt,synthetic,NB,27,27042
synthetic_dataset_with_parallel_drifts_abrupt,2500,KS90,0.7302375,0.7314972510669795,0.7302375,0.7298561281237748,9,32,0.7302047981255485,1.0,parallel_abrupt,synthetic,NB,27,27042
synthetic_dataset_with_parallel_drifts_abrupt,2500,HD,0.685675,0.7054527066578468,0.685675,0.6778479122358824,3,32,0.6855387623656151,1.0,parallel_abrupt,synthetic,NB,27,27042
synthetic_dataset_with_parallel_drifts_abrupt,2500,JS,0.6811625,0.7041931661355862,0.6811625,0.6718270156723405,4,32,0.6810150698396629,1.0,parallel_abrupt,synthetic,NB,27,27042
synthetic_dataset_with_switching_drifts_incremental,1000,Base,0.7626625,0.7629679033168094,0.7626625,0.7625883755403904,0,80,0.7626472354642896,1.0,switching_incremental,synthetic,NB,27,27042
synthetic_dataset_with_switching_drifts_incremental,1000,KS95,0.7594,0.760214482759953,0.7594,0.7592029064820375,30,80,0.7593751626466089,1.0,switching_incremental,synthetic,NB,27,27042
synthetic_dataset_with_switching_drifts_incremental,1000,KS90,0.75965,0.7604291533659382,0.75965,0.7594616276106967,31,80,0.7596257097134339,1.0,switching_incremental,synthetic,NB,27,27042
synthetic_dataset_with_switching_drifts_incremental,1000,HD,0.7623125,0.7627451456414829,0.7623125,0.7622084251908,10,80,0.7622943914441435,1.0,switching_incremental,synthetic,NB,27,27042
synthetic_dataset_with_switching_drifts_incremental,1000,JS,0.7618625,0.7627595838252721,0.7618625,0.761650164928517,8,80,0.7618365817186328,1.0,switching_incremental,synthetic,NB,27,27042
synthetic_dataset_with_switching_drifts_incremental,1500,Base,0.7622625,0.7624859509109151,0.7622625,0.7622074242925204,0,53,0.7622493789096807,1.0,switching_incremental,synthetic,NB,27,27042
synthetic_dataset_with_switching_drifts_incremental,1500,KS95,0.7622125,0.7624962359667841,0.7622125,0.7621431959761454,24,53,0.76219776012016,1.0,switching_incremental,synthetic,NB,27,27042
synthetic_dataset_with_switching_drifts_incremental,1500,KS90,0.7618625,0.7620948702803777,0.7618625,0.7618051337242246,25,53,0.7618491161032296,1.0,switching_incremental,synthetic,NB,27,27042
synthetic_dataset_with_switching_drifts_incremental,1500,HD,0.7614625,0.7618716205757251,0.7614625,0.7613632327896059,15,53,0.7614448501687134,1.0,switching_incremental,synthetic,NB,27,27042
synthetic_dataset_with_switching_drifts_incremental,1500,JS,0.7614625,0.7618716205757251,0.7614625,0.7613632327896059,15,53,0.7614448501687134,1.0,switching_incremental,synthetic,NB,27,27042
synthetic_dataset_with_switching_drifts_incremental,2000,Base,0.76315,0.7632827357298945,0.76315,0.763116711025336,0,40,0.763139821778926,1.0,switching_incremental,synthetic,NB,27,27042
synthetic_dataset_with_switching_drifts_incremental,2000,KS95,0.7629625,0.7632531879890353,0.7629625,0.762891989840427,19,40,0.762947607569262,1.0,switching_incremental,synthetic,NB,27,27042
synthetic_dataset_with_switching_drifts_incremental,2000,KS90,0.7629875,0.7631043881999577,0.7629875,0.7629579431107899,20,40,0.7629779232174726,1.0,switching_incremental,synthetic,NB,27,27042
synthetic_dataset_with_switching_drifts_incremental,2000,HD,0.762175,0.7623606512132685,0.762175,0.7621288375468994,12,40,0.7621630054060511,1.0,switching_incremental,synthetic,NB,27,27042
synthetic_dataset_with_switching_drifts_incremental,2000,JS,0.761925,0.7622131759573374,0.761925,0.7618544890858575,10,40,0.7619101395874506,1.0,switching_incremental,synthetic,NB,27,27042
synthetic_dataset_with_switching_drifts_incremental,2500,Base,0.7628125,0.7629184766788203,0.7628125,0.7627855132168306,0,32,0.7628033605838229,1.0,switching_incremental,synthetic,NB,27,27042
synthetic_dataset_with_switching_drifts_incremental,2500,KS95,0.7571125,0.7573963935363128,0.7571125,0.7570402496751221,19,32,0.7570976030903523,1.0,switching_incremental,synthetic,NB,27,27042
synthetic_dataset_with_switching_drifts_incremental,2500,KS90,0.756775,0.7570762958074986,0.756775,0.7566982820970869,20,32,0.7567596543941104,1.0,switching_incremental,synthetic,NB,27,27042
synthetic_dataset_with_switching_drifts_incremental,2500,HD,0.7603625,0.7603701281033594,0.7603625,0.7603615140762606,9,32,0.7603645149665818,1.0,switching_incremental,synthetic,NB,27,27042
synthetic_dataset_with_switching_drifts_incremental,2500,JS,0.760375,0.7603758514629378,0.760375,0.7603750260592194,10,32,0.7603754509124547,1.0,switching_incremental,synthetic,NB,27,27042
synthetic_dataset_with_parallel_drifts_incremental,1000,Base,0.7515875,0.753086084468943,0.7515875,0.7512066901916452,0,80,0.7515534582206165,1.0,parallel_incremental,synthetic,NB,27,27042
synthetic_dataset_with_parallel_drifts_incremental,1000,KS95,0.7581,0.7585072234227701,0.7581000000000001,0.7579984673054636,11,80,0.7580822710317388,1.0,parallel_incremental,synthetic,NB,27,27042
synthetic_dataset_with_parallel_drifts_incremental,1000,KS90,0.7576625,0.7581062467972719,0.7576625,0.7575517719703233,12,80,0.757643994133683,1.0,parallel_incremental,synthetic,NB,27,27042
synthetic_dataset_with_parallel_drifts_incremental,1000,HD,0.7467375,0.7519846620196325,0.7467375,0.745388059712776,4,80,0.7466739888597727,1.0,parallel_incremental,synthetic,NB,27,27042
synthetic_dataset_with_parallel_drifts_incremental,1000,JS,0.748225,0.7515121852599698,0.748225,0.7473806795139144,4,80,0.7481746040711813,1.0,parallel_incremental,synthetic,NB,27,27042
synthetic_dataset_with_parallel_drifts_incremental,1500,Base,0.7522125,0.7534437616132298,0.7522125,0.7518998694676475,0,53,0.752181630576561,1.0,parallel_incremental,synthetic,NB,27,27042
synthetic_dataset_with_parallel_drifts_incremental,1500,KS95,0.752,0.75290508313099,0.752,0.7517681762173448,9,53,0.7519734507296734,1.0,parallel_incremental,synthetic,NB,27,27042
synthetic_dataset_with_parallel_drifts_incremental,1500,KS90,0.7537375,0.75399757615832,0.7537375,0.7536692577047087,12,53,0.7537231255067679,1.0,parallel_incremental,synthetic,NB,27,27042
synthetic_dataset_with_parallel_drifts_incremental,1500,HD,0.744275,0.7459921787658655,0.744275,0.7438136551318375,8,53,0.7442380541822602,1.0,parallel_incremental,synthetic,NB,27,27042
synthetic_dataset_with_parallel_drifts_incremental,1500,JS,0.744275,0.7459921787658655,0.744275,0.7438136551318375,8,53,0.7442380541822602,1.0,parallel_incremental,synthetic,NB,27,27042
synthetic_dataset_with_parallel_drifts_incremental,2000,Base,0.7533375,0.7542240168961184,0.7533375,0.753112742826854,0,40,0.7533112908164571,1.0,parallel_incremental,synthetic,NB,27,27042
synthetic_dataset_with_parallel_drifts_incremental,2000,KS95,0.7508125,0.7527879076724504,0.7508125,0.7503102713834499,6,40,0.7507734482484212,1.0,parallel_incremental,synthetic,NB,27,27042
synthetic_dataset_with_parallel_drifts_incremental,2000,KS90,0.7524625,0.7534162984320406,0.7524625,0.7522194045675669,9,40,0.7524352838957644,1.0,parallel_incremental,synthetic,NB,27,27042
synthetic_dataset_with_parallel_drifts_incremental,2000,HD,0.7523625,0.7530625995108184,0.7523625,0.7521825526900148,5,40,0.7523391119471325,1.0,parallel_incremental,synthetic,NB,27,27042
synthetic_dataset_with_parallel_drifts_incremental,2000,JS,0.7523625,0.7530625995108184,0.7523625,0.7521825526900148,5,40,0.7523391119471325,1.0,parallel_incremental,synthetic,NB,27,27042
synthetic_dataset_with_parallel_drifts_incremental,2500,Base,0.7533875,0.754176125843804,0.7533875,0.7531870683628237,0,32,0.7533627564808606,1.0,parallel_incremental,synthetic,NB,27,27042
synthetic_dataset_with_parallel_drifts_incremental,2500,KS95,0.75165,0.752690598751734,0.75165,0.7513835867273388,6,32,0.7516215473352471,1.0,parallel_incremental,synthetic,NB,27,27042
synthetic_dataset_with_parallel_drifts_incremental,2500,KS90,0.75145,0.7518323924301902,0.75145,0.751349213183729,9,32,0.751432572190563,1.0,parallel_incremental,synthetic,NB,27,27042
synthetic_dataset_with_parallel_drifts_incremental,2500,HD,0.7503625,0.751944689685495,0.7503625,0.7499569446672727,4,32,0.7503274510319546,1.0,parallel_incremental,synthetic,NB,27,27042
synthetic_dataset_with_parallel_drifts_incremental,2500,JS,0.7496875,0.7515652146880467,0.7496875,0.7492052956170322,2,32,0.7496493223877624,1.0,parallel_incremental,synthetic,NB,27,27042
synthetic_dataset_with_switching_drifts_abrupt,1000,Base,0.731375,0.732525704996148,0.731375,0.7310291119520907,0,80,0.7313437974350949,1.0,switching_abrupt,synthetic,NB,27,27042
synthetic_dataset_with_switching_drifts_abrupt,1000,KS95,0.746125,0.7464006520903076,0.746125,0.7460482714151976,23,80,0.7461099743654492,1.0,switching_abrupt,synthetic,NB,27,27042
synthetic_dataset_with_switching_drifts_abrupt,1000,KS90,0.7464125,0.7466599428293037,0.7464125,0.7463434895437132,24,80,0.746398251148661,1.0,switching_abrupt,synthetic,NB,27,27042
synthetic_dataset_with_switching_drifts_abrupt,1000,HD,0.741225,0.7422863229232284,0.741225,0.7409297248852897,14,80,0.7411956424779137,1.0,switching_abrupt,synthetic,NB,27,27042
synthetic_dataset_with_switching_drifts_abrupt,1000,JS,0.741225,0.7422863229232284,0.741225,0.7409297248852897,14,80,0.7411956424779137,1.0,switching_abrupt,synthetic,NB,27,27042
synthetic_dataset_with_switching_drifts_abrupt,1500,Base,0.7307,0.731429432550319,0.7307,0.7304770745878766,0,53,0.7306750094230542,1.0,switching_abrupt,synthetic,NB,27,27042
synthetic_dataset_with_switching_drifts_abrupt,1500,KS95,0.743025,0.7430918357039689,0.743025,0.743004405488644,23,53,0.743017343872654,1.0,switching_abrupt,synthetic,NB,27,27042
synthetic_dataset_with_switching_drifts_abrupt,1500,KS90,0.742725,0.7427621936294044,0.742725,0.7427129325162363,24,53,0.7427191811443731,1.0,switching_abrupt,synthetic,NB,27,27042
synthetic_dataset_with_switching_drifts_abrupt,1500,HD,0.7365375,0.7366918191283331,0.7365375,0.7364898802193856,15,53,0.7365259123401516,1.0,switching_abrupt,synthetic,NB,27,27042
synthetic_dataset_with_switching_drifts_abrupt,1500,JS,0.73585,0.7361477457394214,0.73585,0.73576022305306,14,53,0.7358340477479429,1.0,switching_abrupt,synthetic,NB,27,27042
synthetic_dataset_with_switching_drifts_abrupt,2000,Base,0.7303125,0.7307226424823355,0.7303125,0.7301846160258599,0,40,0.7302936231935552,1.0,switching_abrupt,synthetic,NB,27,27042
synthetic_dataset_with_switching_drifts_abrupt,2000,KS95,0.7362,0.7363250913843733,0.7362,0.7361608606803094,19,40,0.7361895167700988,1.0,switching_abrupt,synthetic,NB,27,27042
synthetic_dataset_with_switching_drifts_abrupt,2000,KS90,0.7370375,0.7370447186476485,0.7370375,0.7370344203749685,20,40,0.7370346627296636,1.0,switching_abrupt,synthetic,NB,27,27042
synthetic_dataset_with_switching_drifts_abrupt,2000,HD,0.7362375,0.7362383085888853,0.7362375,0.7362375305387528,12,40,0.7362379214946586,1.0,switching_abrupt,synthetic,NB,27,27042
synthetic_dataset_with_switching_drifts_abrupt,2000,JS,0.7362375,0.7362383085888853,0.7362375,0.7362375305387528,12,40,0.7362379214946586,1.0,switching_abrupt,synthetic,NB,27,27042
synthetic_dataset_with_switching_drifts_abrupt,2500,Base,0.7300875,0.7303763588752432,0.7300875,0.7299961376668871,0,32,0.7300715761485504,1.0,switching_abrupt,synthetic,NB,27,27042
synthetic_dataset_with_switching_drifts_abrupt,2500,KS95,0.72975,0.7298367611494421,0.72975,0.729720747736663,17,32,0.7297410649580028,1.0,switching_abrupt,synthetic,NB,27,27042
synthetic_dataset_with_switching_drifts_abrupt,2500,KS90,0.729675,0.7297551582362201,0.729675,0.7296478131349042,18,32,0.7296663930258321,1.0,switching_abrupt,synthetic,NB,27,27042
synthetic_dataset_with_switching_drifts_abrupt,2500,HD,0.7274125,0.7282605660004865,0.7274125,0.7271473647020826,4,32,0.7273853959669438,1.0,switching_abrupt,synthetic,NB,27,27042
synthetic_dataset_with_switching_drifts_abrupt,2500,JS,0.7274125,0.7282605660004865,0.7274125,0.7271473647020826,4,32,0.7273853959669438,1.0,switching_abrupt,synthetic,NB,27,27042
synthetic_dataset_no_drifts,1000,Base,0.768875,0.768991612637244,0.768875,0.7688468834083553,0,80,0.7688655480376851,1.0,no_drifts,synthetic,NB,27,27042
synthetic_dataset_no_drifts,1000,KS95,0.7647875,0.7649528856974103,0.7647875,0.7647470185466068,1,80,0.7647762183442922,1.0,no_drifts,synthetic,NB,27,27042
synthetic_dataset_no_drifts,1000,KS90,0.7651875,0.7653632550707591,0.7651875,0.7651447420605583,2,80,0.7651758905252912,1.0,no_drifts,synthetic,NB,27,27042
synthetic_dataset_no_drifts,1000,HD,0.7698875,0.7699706365849196,0.7698875,0.7698672093408135,6,80,0.7698794816264781,1.0,no_drifts,synthetic,NB,27,27042
synthetic_dataset_no_drifts,1000,JS,0.7698875,0.7699706365849196,0.7698875,0.7698672093408135,6,80,0.7698794816264781,1.0,no_drifts,synthetic,NB,27,27042
synthetic_dataset_no_drifts,1500,Base,0.76905,0.7691453410549814,0.76905,0.769026773119416,0,53,0.7690414231723396,1.0,no_drifts,synthetic,NB,27,27042
synthetic_dataset_no_drifts,1500,KS95,0.767825,0.7678633471044013,0.767825,0.7678148920492033,2,53,0.7678194191117428,1.0,no_drifts,synthetic,NB,27,27042
synthetic_dataset_no_drifts,1500,KS90,0.7680125,0.768136949274836,0.7680125,0.7679823910893039,3,53,0.7680027301895903,1.0,no_drifts,synthetic,NB,27,27042
synthetic_dataset_no_drifts,1500,HD,0.7702,0.7703281803431391,0.7702,0.7701695824880532,2,53,0.770190133426821,1.0,no_drifts,synthetic,NB,27,27042
synthetic_dataset_no_drifts,1500,JS,0.7702,0.7703281803431391,0.7702,0.7701695824880532,2,53,0.770190133426821,1.0,no_drifts,synthetic,NB,27,27042
synthetic_dataset_no_drifts,2000,Base,0.76905,0.7691160834785467,0.76905,0.7690335036669504,0,40,0.7690428012983948,1.0,no_drifts,synthetic,NB,27,27042
synthetic_dataset_no_drifts,2000,KS95,0.7664125,0.7664747723078064,0.7664125,0.7663965484492079,1,40,0.7664054633416828,1.0,no_drifts,synthetic,NB,27,27042
synthetic_dataset_no_drifts,2000,KS90,0.769275,0.7693411446164662,0.769275,0.769258519738286,4,40,0.7692678014706607,1.0,no_drifts,synthetic,NB,27,27042
synthetic_dataset_no_drifts,2000,HD,0.7691625,0.7692939930052732,0.7691625,0.7691310751236022,2,40,0.7691524904448755,1.0,no_drifts,synthetic,NB,27,27042
synthetic_dataset_no_drifts,2000,JS,0.7691625,0.7692939930052732,0.7691625,0.7691310751236022,2,40,0.7691524904448755,1.0,no_drifts,synthetic,NB,27,27042
synthetic_dataset_no_drifts,2500,Base,0.7688875,0.7689508268113987,0.7688875,0.7688716216840393,0,32,0.7688804433615894,1.0,no_drifts,synthetic,NB,27,27042
synthetic_dataset_no_drifts,2500,KS95,0.7703875,0.7705862486438038,0.7703875,0.7703413979221814,1,32,0.7703753038810921,1.0,no_drifts,synthetic,NB,27,27042
synthetic_dataset_no_drifts,2500,KS90,0.7687875,0.768837544368694,0.7687875,0.768774710588073,6,32,0.7687811870355963,1.0,no_drifts,synthetic,NB,27,27042
synthetic_dataset_no_drifts,2500,HD,0.7688875,0.7689508268113987,0.7688875,0.7688716216840393,0,32,0.7688804433615894,1.0,no_drifts,synthetic,NB,27,27042
synthetic_dataset_no_drifts,2500,JS,0.7688875,0.7689508268113987,0.7688875,0.7688716216840393,0,32,0.7688804433615894,1.0,no_drifts,synthetic,NB,27,27042
synthetic_dataset_with_parallel_drifts_abrupt,1000,Base,0.6436,0.6456271250700821,0.6436,0.642374064555007,0,80,0.6436234429797509,1.0,parallel_abrupt,synthetic,NB,18,18042
synthetic_dataset_with_parallel_drifts_abrupt,1000,KS95,0.647425,0.6477171755340031,0.6474249999999999,0.6472573781543517,7,80,0.647433743589399,1.0,parallel_abrupt,synthetic,NB,18,18042
synthetic_dataset_with_parallel_drifts_abrupt,1000,KS90,0.6463125,0.6465619345103989,0.6463125,0.6461683164555753,11,80,0.6463205984112957,1.0,parallel_abrupt,synthetic,NB,18,18042
synthetic_dataset_with_parallel_drifts_abrupt,1000,HD,0.6451375,0.6480262221817423,0.6451375,0.643419523157118,4,80,0.6451652882264461,1.0,parallel_abrupt,synthetic,NB,18,18042
synthetic_dataset_with_parallel_drifts_abrupt,1000,JS,0.64735,0.6488722137880836,0.64735,0.6464617615314646,4,80,0.6473700735792117,1.0,parallel_abrupt,synthetic,NB,18,18042
synthetic_dataset_with_parallel_drifts_abrupt,1500,Base,0.6427375,0.6443941980387411,0.6427375,0.6417268695560265,0,53,0.6427587678414028,1.0,parallel_abrupt,synthetic,NB,18,18042
synthetic_dataset_with_parallel_drifts_abrupt,1500,KS95,0.6450125,0.6452398015935825,0.6450125,0.6448797219328597,10,53,0.6450202582032414,1.0,parallel_abrupt,synthetic,NB,18,18042
synthetic_dataset_with_parallel_drifts_abrupt,1500,KS90,0.643975,0.6444253272070651,0.643975,0.6437060595749357,12,53,0.6439860130377622,1.0,parallel_abrupt,synthetic,NB,18,18042
synthetic_dataset_with_parallel_drifts_abrupt,1500,HD,0.6417375,0.642797870882806,0.6417375,0.6410850336698757,6,53,0.6417545776807324,1.0,parallel_abrupt,synthetic,NB,18,18042
synthetic_dataset_with_parallel_drifts_abrupt,1500,JS,0.6417375,0.642797870882806,0.6417375,0.6410850336698757,6,53,0.6417545776807324,1.0,parallel_abrupt,synthetic,NB,18,18042
synthetic_dataset_with_parallel_drifts_abrupt,2000,Base,0.6424375,0.6438135371953309,0.6424375,0.6415957774444703,0,40,0.6424569077931053,1.0,parallel_abrupt,synthetic,NB,18,18042
synthetic_dataset_with_parallel_drifts_abrupt,2000,KS95,0.64275,0.6430143840344065,0.64275,0.6425916470822988,8,40,0.6427584428413509,1.0,parallel_abrupt,synthetic,NB,18,18042
synthetic_dataset_with_parallel_drifts_abrupt,2000,KS90,0.64205,0.6421974278641043,0.64205,0.6419623233804967,10,40,0.6420562827290053,1.0,parallel_abrupt,synthetic,NB,18,18042
synthetic_dataset_with_parallel_drifts_abrupt,2000,HD,0.640725,0.6408898457981071,0.640725,0.640625388302138,9,40,0.6407316825170692,1.0,parallel_abrupt,synthetic,NB,18,18042
synthetic_dataset_with_parallel_drifts_abrupt,2000,JS,0.6408125,0.6411722435997579,0.6408125,0.6405916888373081,6,40,0.64082243753159,1.0,parallel_abrupt,synthetic,NB,18,18042
synthetic_dataset_with_parallel_drifts_abrupt,2500,Base,0.6424125,0.6438895376877537,0.6424125,0.6415086699668027,0,32,0.6424326077892174,1.0,parallel_abrupt,synthetic,NB,18,18042
synthetic_dataset_with_parallel_drifts_abrupt,2500,KS95,0.641625,0.6417373225330635,0.641625,0.6415584733858823,6,32,0.6416304726608757,1.0,parallel_abrupt,synthetic,NB,18,18042
synthetic_dataset_with_parallel_drifts_abrupt,2500,KS90,0.639275,0.639411255642826,0.639275,0.639191927821559,9,32,0.6392810922849748,1.0,parallel_abrupt,synthetic,NB,18,18042
synthetic_dataset_with_parallel_drifts_abrupt,2500,HD,0.6357625,0.6374009313433309,0.6357625,0.6346918674643733,4,32,0.6357841767254682,1.0,parallel_abrupt,synthetic,NB,18,18042
synthetic_dataset_with_parallel_drifts_abrupt,2500,JS,0.6357625,0.6374009313433309,0.6357625,0.6346918674643733,4,32,0.6357841767254682,1.0,parallel_abrupt,synthetic,NB,18,18042
synthetic_dataset_with_switching_drifts_incremental,1000,Base,0.6451375,0.6453145911143296,0.6451375,0.6450347790248634,0,80,0.6451443282230924,1.0,switching_incremental,synthetic,NB,18,18042
synthetic_dataset_with_switching_drifts_incremental,1000,KS95,0.6380625,0.6383693866211524,0.6380625,0.6378694888639775,30,80,0.6380717570914811,1.0,switching_incremental,synthetic,NB,18,18042
synthetic_dataset_with_switching_drifts_incremental,1000,KS90,0.6356125,0.6358505149757914,0.6356125,0.6354598778000566,36,80,0.6356207066993129,1.0,switching_incremental,synthetic,NB,18,18042
synthetic_dataset_with_switching_drifts_incremental,1000,HD,0.6395,0.6395045220241875,0.6395,0.6394979379300195,14,80,0.6395009823201572,1.0,switching_incremental,synthetic,NB,18,18042
synthetic_dataset_with_switching_drifts_incremental,1000,JS,0.6395,0.6395045220241875,0.6395,0.6394979379300195,14,80,0.6395009823201572,1.0,switching_incremental,synthetic,NB,18,18042
synthetic_dataset_with_switching_drifts_incremental,1500,Base,0.644525,0.644739400430753,0.644525,0.6443993316587806,0,53,0.6445325431252069,1.0,switching_incremental,synthetic,NB,18,18042
synthetic_dataset_with_switching_drifts_incremental,1500,KS95,0.6339625,0.6344386970280634,0.6339625,0.6336482773150365,26,53,0.6339742364358779,1.0,switching_incremental,synthetic,NB,18,18042
synthetic_dataset_with_switching_drifts_incremental,1500,KS90,0.63415,0.6346240370999716,0.63415,0.6338378137413565,28,53,0.6341617014658723,1.0,switching_incremental,synthetic,NB,18,18042
synthetic_dataset_with_switching_drifts_incremental,1500,HD,0.6323125,0.6324946244707879,0.6323125,0.6321925169414824,13,53,0.6323197461711594,1.0,switching_incremental,synthetic,NB,18,18042
synthetic_dataset_with_switching_drifts_incremental,1500,JS,0.6323125,0.6324946244707879,0.6323125,0.6321925169414824,13,53,0.6323197461711594,1.0,switching_incremental,synthetic,NB,18,18042
synthetic_dataset_with_switching_drifts_incremental,2000,Base,0.644175,0.6443973300467396,0.644175,0.6440441371573612,0,40,0.6441826930692309,1.0,switching_incremental,synthetic,NB,18,18042
synthetic_dataset_with_switching_drifts_incremental,2000,KS95,0.6339375,0.6344757423920487,0.6339375,0.6335816897270607,20,40,0.6339499864319978,1.0,switching_incremental,synthetic,NB,18,18042
synthetic_dataset_with_switching_drifts_incremental,2000,KS90,0.6339375,0.6344757423920487,0.6339375,0.6335816897270607,20,40,0.6339499864319978,1.0,switching_incremental,synthetic,NB,18,18042
synthetic_dataset_with_switching_drifts_incremental,2000,HD,0.635325,0.636013198408284,0.635325,0.6348751834592051,11,40,0.6353390616542498,1.0,switching_incremental,synthetic,NB,18,18042
synthetic_dataset_with_switching_drifts_incremental,2000,JS,0.634875,0.6356407120197242,0.634875,0.6343717676976148,12,40,0.6348898615823778,1.0,switching_incremental,synthetic,NB,18,18042
synthetic_dataset_with_switching_drifts_incremental,2500,Base,0.64465,0.6448696341915565,0.64465,0.6445213494681504,0,32,0.6446576331452213,1.0,switching_incremental,synthetic,NB,18,18042
synthetic_dataset_with_switching_drifts_incremental,2500,KS95,0.63175,0.6323414667753265,0.63175,0.6313497755186046,17,32,0.6317632010821121,1.0,switching_incremental,synthetic,NB,18,18042
synthetic_dataset_with_switching_drifts_incremental,2500,KS90,0.63175,0.6323414667753265,0.63175,0.6313497755186046,17,32,0.6317632010821121,1.0,switching_incremental,synthetic,NB,18,18042
synthetic_dataset_with_switching_drifts_incremental,2500,HD,0.6399875,0.6400114507239729,0.6399875,0.6399741727190703,12,32,0.6399899573983933,1.0,switching_incremental,synthetic,NB,18,18042
synthetic_dataset_with_switching_drifts_incremental,2500,JS,0.6409375,0.6409872103197473,0.6409375,0.6409088306539946,11,32,0.6409410975505757,1.0,switching_incremental,synthetic,NB,18,18042
synthetic_dataset_with_parallel_drifts_incremental,1000,Base,0.6519625,0.6532278927219575,0.6519625,0.6512559274766427,0,80,0.6519805293168847,1.0,parallel_incremental,synthetic,NB,18,18042
synthetic_dataset_with_parallel_drifts_incremental,1000,KS95,0.6515625,0.6520861858779846,0.6515625,0.65127100334051,11,80,0.6515740892518542,1.0,parallel_incremental,synthetic,NB,18,18042
synthetic_dataset_with_parallel_drifts_incremental,1000,KS90,0.65,0.650502141237492,0.65,0.6497164968717847,15,80,0.6500114040018246,1.0,parallel_incremental,synthetic,NB,18,18042
synthetic_dataset_with_parallel_drifts_incremental,1000,HD,0.652675,0.6539384952327557,0.652675,0.6519741840197807,4,80,0.6526929744308759,1.0,parallel_incremental,synthetic,NB,18,18042
synthetic_dataset_with_parallel_drifts_incremental,1000,JS,0.65195,0.6540954552819832,0.65195,0.6507517605435184,4,80,0.6519734543157527,1.0,parallel_incremental,synthetic,NB,18,18042
synthetic_dataset_with_parallel_drifts_incremental,1500,Base,0.6514625,0.6526575398188205,0.6514625,0.6507922090299342,0,53,0.6514800492368079,1.0,parallel_incremental,synthetic,NB,18,18042
synthetic_dataset_with_parallel_drifts_incremental,1500,KS95,0.6495375,0.6499466958990306,0.6495375,0.6493061118465985,11,53,0.6495477989276478,1.0,parallel_incremental,synthetic,NB,18,18042
synthetic_dataset_with_parallel_drifts_incremental,1500,KS90,0.6485,0.6492004476155225,0.6485,0.6480973969459439,13,53,0.6485135537621686,1.0,parallel_incremental,synthetic,NB,18,18042
synthetic_dataset_with_parallel_drifts_incremental,1500,HD,0.6501125,0.6512809138193494,0.6501125,0.6494488137590585,5,53,0.6501299290207887,1.0,parallel_incremental,synthetic,NB,18,18042
synthetic_dataset_with_parallel_drifts_incremental,1500,JS,0.6501125,0.6512809138193494,0.6501125,0.6494488137590585,5,53,0.6501299290207887,1.0,parallel_incremental,synthetic,NB,18,18042
synthetic_dataset_with_parallel_drifts_incremental,2000,Base,0.6510875,0.6521722355375708,0.6510875,0.6504771890940315,0,40,0.6511042391766781,1.0,parallel_incremental,synthetic,NB,18,18042
synthetic_dataset_with_parallel_drifts_incremental,2000,KS95,0.6521,0.6529535244068645,0.6521,0.6516250270959356,8,40,0.652114794338367,1.0,parallel_incremental,synthetic,NB,18,18042
synthetic_dataset_with_parallel_drifts_incremental,2000,KS90,0.6512875,0.6519250608445888,0.6512875,0.6509309090190274,10,40,0.6513003092080495,1.0,parallel_incremental,synthetic,NB,18,18042
synthetic_dataset_with_parallel_drifts_incremental,2000,HD,0.6505,0.6520450170908502,0.6505,0.649624969579397,9,40,0.6505200140832023,1.0,parallel_incremental,synthetic,NB,18,18042
synthetic_dataset_with_parallel_drifts_incremental,2000,JS,0.6512875,0.6521405492858846,0.6512875,0.6508091556893003,6,40,0.6513023292083726,1.0,parallel_incremental,synthetic,NB,18,18042
synthetic_dataset_with_parallel_drifts_incremental,2500,Base,0.6520375,0.6531289497348597,0.6520375,0.6514288508154106,0,32,0.6520542393286783,1.0,parallel_incremental,synthetic,NB,18,18042
synthetic_dataset_with_parallel_drifts_incremental,2500,KS95,0.6502,0.6504038121388177,0.6502,0.6500869576775825,6,32,0.6502072140331543,1.0,parallel_incremental,synthetic,NB,18,18042
synthetic_dataset_with_parallel_drifts_incremental,2500,KS90,0.6478125,0.6480952809039567,0.6478125,0.6476509651387914,9,32,0.6478210886513742,1.0,parallel_incremental,synthetic,NB,18,18042
synthetic_dataset_with_parallel_drifts_incremental,2500,HD,0.6515375,0.6524022925229122,0.6515374999999999,0.6510536611734129,2,32,0.6515524192483871,1.0,parallel_incremental,synthetic,NB,18,18042
synthetic_dataset_with_parallel_drifts_incremental,2500,JS,0.6515375,0.6524022925229122,0.6515374999999999,0.6510536611734129,2,32,0.6515524192483871,1.0,parallel_incremental,synthetic,NB,18,18042
synthetic_dataset_with_switching_drifts_abrupt,1000,Base,0.6315875,0.6317167810413079,0.6315875,0.6315025175624923,0,80,0.6315935960549753,1.0,switching_abrupt,synthetic,NB,18,18042
synthetic_dataset_with_switching_drifts_abrupt,1000,KS95,0.6271125,0.6279395885889708,0.6271125,0.6265235209702776,23,80,0.6271284053405448,1.0,switching_abrupt,synthetic,NB,18,18042
synthetic_dataset_with_switching_drifts_abrupt,1000,KS90,0.624675,0.6252337384493397,0.624675,0.6242683246258391,27,80,0.6246881799501088,1.0,switching_abrupt,synthetic,NB,18,18042
synthetic_dataset_with_switching_drifts_abrupt,1000,HD,0.620825,0.6208482258016649,0.620825,0.6208093619800326,14,80,0.6208275893324143,1.0,switching_abrupt,synthetic,NB,18,18042
synthetic_dataset_with_switching_drifts_abrupt,1000,JS,0.6202,0.620211572288158,0.6202,0.6201926621345601,14,80,0.6202017792322847,1.0,switching_abrupt,synthetic,NB,18,18042
synthetic_dataset_with_switching_drifts_abrupt,1500,Base,0.6308125,0.6310261859265877,0.6308125,0.6306690002723457,0,53,0.6308204059312649,1.0,switching_abrupt,synthetic,NB,18,18042
synthetic_dataset_with_switching_drifts_abrupt,1500,KS95,0.6165125,0.6170319981506275,0.6165125,0.6160998203041259,25,53,0.6165256336441014,1.0,switching_abrupt,synthetic,NB,18,18042
synthetic_dataset_with_switching_drifts_abrupt,1500,KS90,0.6172125,0.617662911975843,0.6172125,0.6168581439827334,27,53,0.6172246837559494,1.0,switching_abrupt,synthetic,NB,18,18042
synthetic_dataset_with_switching_drifts_abrupt,1500,HD,0.609175,0.6092010636205234,0.609175,0.6091548947396008,14,53,0.609177887468462,1.0,switching_abrupt,synthetic,NB,18,18042
synthetic_dataset_with_switching_drifts_abrupt,1500,JS,0.6055375,0.6057054784200165,0.6055375,0.6053895749419352,13,53,0.6055452618872419,1.0,switching_abrupt,synthetic,NB,18,18042
synthetic_dataset_with_switching_drifts_abrupt,2000,Base,0.6307875,0.6310640377313612,0.6307875,0.6306007157828964,0,40,0.6307965159274425,1.0,switching_abrupt,synthetic,NB,18,18042
synthetic_dataset_with_switching_drifts_abrupt,2000,KS95,0.6069875,0.607359969759283,0.6069875,0.6066592815256683,20,40,0.6069990721198515,1.0,switching_abrupt,synthetic,NB,18,18042
synthetic_dataset_with_switching_drifts_abrupt,2000,KS90,0.6069875,0.607359969759283,0.6069875,0.6066592815256683,20,40,0.6069990721198515,1.0,switching_abrupt,synthetic,NB,18,18042
synthetic_dataset_with_switching_drifts_abrupt,2000,HD,0.6075375,0.6078048259453983,0.6075375,0.6073049191960948,13,40,0.6075472522075605,1.0,switching_abrupt,synthetic,NB,18,18042
synthetic_dataset_with_switching_drifts_abrupt,2000,JS,0.6080125,0.6086880869301151,0.6080125,0.6074196131061723,12,40,0.6080280622844901,1.0,switching_abrupt,synthetic,NB,18,18042
synthetic_dataset_with_switching_drifts_abrupt,2500,Base,0.6308375,0.6311547690259318,0.6308375,0.6306227562246522,0,32,0.6308471659355466,1.0,switching_abrupt,synthetic,NB,18,18042
synthetic_dataset_with_switching_drifts_abrupt,2500,KS95,0.5982625,0.5987093477745641,0.5982625,0.5978235557525449,16,32,0.598275730724117,1.0,switching_abrupt,synthetic,NB,18,18042
synthetic_dataset_with_switching_drifts_abrupt,2500,KS90,0.5982625,0.5987093477745641,0.5982625,0.5978235557525449,16,32,0.598275730724117,1.0,switching_abrupt,synthetic,NB,18,18042
synthetic_dataset_with_switching_drifts_abrupt,2500,HD,0.6086625,0.6086832766996316,0.6086625,0.6086466731601351,6,32,0.6086650623864099,1.0,switching_abrupt,synthetic,NB,18,18042
synthetic_dataset_with_switching_drifts_abrupt,2500,JS,0.621175,0.6212017703465612,0.621175,0.6211510708765053,4,32,0.6211718393874943,1.0,switching_abrupt,synthetic,NB,18,18042
synthetic_dataset_no_drifts,1000,Base,0.6550125,0.6558582517324343,0.6550125,0.6545545045788936,0,80,0.6550270898043343,1.0,no_drifts,synthetic,NB,18,18042
synthetic_dataset_no_drifts,1000,KS95,0.652625,0.652705432065075,0.652625,0.6525825935468689,5,80,0.6526294444207111,1.0,no_drifts,synthetic,NB,18,18042
synthetic_dataset_no_drifts,1000,KS90,0.6508375,0.6509544446326084,0.6508375,0.6507739856747218,9,80,0.650842919134867,1.0,no_drifts,synthetic,NB,18,18042
synthetic_dataset_no_drifts,1000,HD,0.653125,0.6540039512835176,0.653125,0.652640446702404,7,80,0.6531399645023943,1.0,no_drifts,synthetic,NB,18,18042
synthetic_dataset_no_drifts,1000,JS,0.6508375,0.6512890697767074,0.6508375,0.6505849113477387,7,80,0.6508482791357246,1.0,no_drifts,synthetic,NB,18,18042
synthetic_dataset_no_drifts,1500,Base,0.6545875,0.6554611723599878,0.6545875,0.6541123996346836,0,53,0.654602349736376,1.0,no_drifts,synthetic,NB,18,18042
synthetic_dataset_no_drifts,1500,KS95,0.6527125,0.6531333772754686,0.6527125,0.6524814180921911,4,53,0.6527228394356543,1.0,no_drifts,synthetic,NB,18,18042
synthetic_dataset_no_drifts,1500,KS90,0.651675,0.6523943324371803,0.651675,0.6512736682662403,6,53,0.651688594270175,1.0,no_drifts,synthetic,NB,18,18042
synthetic_dataset_no_drifts,1500,HD,0.6546,0.655129845580473,0.6546,0.65431329072328,3,53,0.6546115447378472,1.0,no_drifts,synthetic,NB,18,18042
synthetic_dataset_no_drifts,1500,JS,0.6546,0.655129845580473,0.6546,0.65431329072328,3,53,0.6546115447378472,1.0,no_drifts,synthetic,NB,18,18042
synthetic_dataset_no_drifts,2000,Base,0.6542125,0.6550356911102257,0.6542125,0.6537634860925987,0,40,0.6542269296763088,1.0,no_drifts,synthetic,NB,18,18042
synthetic_dataset_no_drifts,2000,KS95,0.65475,0.6552968658491521,0.65475,0.6544543813835855,1,40,0.654761724761876,1.0,no_drifts,synthetic,NB,18,18042
synthetic_dataset_no_drifts,2000,KS90,0.6546125,0.6551621290479418,0.6546125,0.654314990041751,2,40,0.6546242597398815,1.0,no_drifts,synthetic,NB,18,18042
synthetic_dataset_no_drifts,2000,HD,0.6542125,0.6550356911102257,0.6542125,0.6537634860925987,0,40,0.6542269296763088,1.0,no_drifts,synthetic,NB,18,18042
synthetic_dataset_no_drifts,2000,JS,0.6542125,0.6550356911102257,0.6542125,0.6537634860925987,0,40,0.6542269296763088,1.0,no_drifts,synthetic,NB,18,18042
synthetic_dataset_no_drifts,2500,Base,0.6546625,0.6555167727995075,0.6546625,0.654198348825406,0,32,0.6546771797483487,1.0,no_drifts,synthetic,NB,18,18042
synthetic_dataset_no_drifts,2500,KS95,0.653375,0.6548605458036607,0.653375,0.6525560687769916,2,32,0.653394444543111,1.0,no_drifts,synthetic,NB,18,18042
synthetic_dataset_no_drifts,2500,KS90,0.6524,0.6530607034883862,0.6524,0.6520341741066225,4,32,0.652412994386079,1.0,no_drifts,synthetic,NB,18,18042
synthetic_dataset_no_drifts,2500,HD,0.6546625,0.6555167727995075,0.6546625,0.654198348825406,0,32,0.6546771797483487,1.0,no_drifts,synthetic,NB,18,18042
synthetic_dataset_no_drifts,2500,JS,0.6546625,0.6555167727995075,0.6546625,0.654198348825406,0,32,0.6546771797483487,1.0,no_drifts,synthetic,NB,18,18042
synthetic_dataset_with_parallel_drifts_abrupt,1000,Base,0.7254625,0.7256206150633798,0.7254625,0.7254129229206149,0,80,0.7254591547161972,1.0,parallel_abrupt,synthetic,NB,20,20042
synthetic_dataset_with_parallel_drifts_abrupt,1000,KS95,0.7251875,0.725810512039109,0.7251875,0.7250007111669169,10,80,0.7251940296996269,1.0,parallel_abrupt,synthetic,NB,20,20042
synthetic_dataset_with_parallel_drifts_abrupt,1000,KS90,0.7249625,0.7259610312617132,0.7249625,0.7246619818242752,15,80,0.7249707734356733,1.0,parallel_abrupt,synthetic,NB,20,20042
synthetic_dataset_with_parallel_drifts_abrupt,1000,HD,0.7260625,0.7263145690458512,0.7260625,0.7259843580704494,4,80,0.7260582922536433,1.0,parallel_abrupt,synthetic,NB,20,20042
synthetic_dataset_with_parallel_drifts_abrupt,1000,JS,0.7260625,0.7263145690458512,0.7260625,0.7259843580704494,4,80,0.7260582922536433,1.0,parallel_abrupt,synthetic,NB,20,20042
synthetic_dataset_with_parallel_drifts_abrupt,1500,Base,0.7248125,0.7248799712301205,0.7248125,0.7247908882529113,0,53,0.7248102984256437,1.0,parallel_abrupt,synthetic,NB,20,20042
synthetic_dataset_with_parallel_drifts_abrupt,1500,KS95,0.7244625,0.7247053930455034,0.7244625,0.7243898382143172,9,53,0.7244665734041609,1.0,parallel_abrupt,synthetic,NB,20,20042
synthetic_dataset_with_parallel_drifts_abrupt,1500,KS90,0.7244625,0.7247053930455034,0.7244625,0.7243898382143172,9,53,0.7244665734041609,1.0,parallel_abrupt,synthetic,NB,20,20042
synthetic_dataset_with_parallel_drifts_abrupt,1500,HD,0.721825,0.7218492521644042,0.721825,0.7218179800853268,7,53,0.7218262701141419,1.0,parallel_abrupt,synthetic,NB,20,20042
synthetic_dataset_with_parallel_drifts_abrupt,1500,JS,0.721825,0.7218492521644042,0.721825,0.7218179800853268,7,53,0.7218262701141419,1.0,parallel_abrupt,synthetic,NB,20,20042
synthetic_dataset_with_parallel_drifts_abrupt,2000,Base,0.724975,0.7250073809623967,0.724975,0.7249644319134827,0,40,0.7249734640608415,1.0,parallel_abrupt,synthetic,NB,20,20042
synthetic_dataset_with_parallel_drifts_abrupt,2000,KS95,0.721325,0.7213250901656307,0.721325,0.721325,9,40,0.7213250450828154,1.0,parallel_abrupt,synthetic,NB,20,20042
synthetic_dataset_with_parallel_drifts_abrupt,2000,KS90,0.721325,0.7213250901656307,0.721325,0.721325,9,40,0.7213250450828154,1.0,parallel_abrupt,synthetic,NB,20,20042
synthetic_dataset_with_parallel_drifts_abrupt,2000,HD,0.7197625,0.7202975650988263,0.7197625,0.7195950499726832,7,40,0.7197686231105389,1.0,parallel_abrupt,synthetic,NB,20,20042
synthetic_dataset_with_parallel_drifts_abrupt,2000,JS,0.72275,0.7227553551396916,0.72275,0.7227486007475877,5,40,0.7227505764219111,1.0,parallel_abrupt,synthetic,NB,20,20042
synthetic_dataset_with_parallel_drifts_abrupt,2500,Base,0.725025,0.7250330885653077,0.725025,0.7250221885214017,0,32,0.7250242140640134,1.0,parallel_abrupt,synthetic,NB,20,20042
synthetic_dataset_with_parallel_drifts_abrupt,2500,KS95,0.722325,0.722568189926058,0.722325,0.7222509829642191,9,32,0.7223290951455685,1.0,parallel_abrupt,synthetic,NB,20,20042
synthetic_dataset_with_parallel_drifts_abrupt,2500,KS90,0.7209875,0.7213601845526307,0.7209875,0.7208723375232479,13,32,0.720992591937037,1.0,parallel_abrupt,synthetic,NB,20,20042
synthetic_dataset_with_parallel_drifts_abrupt,2500,HD,0.719725,0.7219509302073653,0.719725,0.719014784058875,4,32,0.7197124449820279,1.0,parallel_abrupt,synthetic,NB,20,20042
synthetic_dataset_with_parallel_drifts_abrupt,2500,JS,0.719725,0.7219509302073653,0.719725,0.719014784058875,4,32,0.7197124449820279,1.0,parallel_abrupt,synthetic,NB,20,20042
synthetic_dataset_with_switching_drifts_incremental,1000,Base,0.722925,0.7229286608861472,0.722925,0.7229240814937204,0,80,0.7229254701828418,1.0,switching_incremental,synthetic,NB,20,20042
synthetic_dataset_with_switching_drifts_incremental,1000,KS95,0.7167625,0.7176466536841968,0.7167625,0.7164782721961381,32,80,0.7167704291731519,1.0,switching_incremental,synthetic,NB,20,20042
synthetic_dataset_with_switching_drifts_incremental,1000,KS90,0.7176,0.7187043516818326,0.7176,0.7172471728170071,37,80,0.7176088448505529,1.0,switching_incremental,synthetic,NB,20,20042
synthetic_dataset_with_switching_drifts_incremental,1000,HD,0.71225,0.7147042238896625,0.71225,0.7114317621020262,8,80,0.7122633257664578,1.0,switching_incremental,synthetic,NB,20,20042
synthetic_dataset_with_switching_drifts_incremental,1000,JS,0.7153125,0.7183520293548245,0.7153125,0.7143252354819513,12,80,0.7153272103329507,1.0,switching_incremental,synthetic,NB,20,20042
synthetic_dataset_with_switching_drifts_incremental,1500,Base,0.723275,0.7233022844730481,0.723275,0.7232671574014361,0,53,0.7232763452047717,1.0,switching_incremental,synthetic,NB,20,20042
synthetic_dataset_with_switching_drifts_incremental,1500,KS95,0.7171875,0.7174248057354141,0.7171875,0.7171122289518762,24,53,0.7171915916994746,1.0,switching_incremental,synthetic,NB,20,20042
synthetic_dataset_with_switching_drifts_incremental,1500,KS90,0.7175375,0.7178156705127092,0.7175375,0.7174493591996787,25,53,0.7175419292213706,1.0,switching_incremental,synthetic,NB,20,20042
synthetic_dataset_with_switching_drifts_incremental,1500,HD,0.7127375,0.7129354914948973,0.7127375,0.7126725324040346,12,53,0.7127412726713295,1.0,switching_incremental,synthetic,NB,20,20042
synthetic_dataset_with_switching_drifts_incremental,1500,JS,0.7127375,0.7129354914948973,0.7127375,0.7126725324040346,12,53,0.7127412726713295,1.0,switching_incremental,synthetic,NB,20,20042
synthetic_dataset_with_switching_drifts_incremental,2000,Base,0.723825,0.7238996007696087,0.723825,0.723803003719608,0,40,0.7238272452392029,1.0,switching_incremental,synthetic,NB,20,20042
synthetic_dataset_with_switching_drifts_incremental,2000,KS95,0.7153125,0.7154654074862427,0.7153125,0.7152635476896899,21,40,0.715315791582237,1.0,switching_incremental,synthetic,NB,20,20042
synthetic_dataset_with_switching_drifts_incremental,2000,KS90,0.715175,0.7153964575501357,0.715175,0.7151036579625263,22,40,0.7151789696986857,1.0,switching_incremental,synthetic,NB,20,20042
synthetic_dataset_with_switching_drifts_incremental,2000,HD,0.712875,0.7131304121865599,0.712875,0.7127910220667841,12,40,0.7128792883049556,1.0,switching_incremental,synthetic,NB,20,20042
synthetic_dataset_with_switching_drifts_incremental,2000,JS,0.712875,0.7131304121865599,0.712875,0.7127910220667841,12,40,0.7128792883049556,1.0,switching_incremental,synthetic,NB,20,20042
synthetic_dataset_with_switching_drifts_incremental,2500,Base,0.724275,0.7243921904684141,0.724275,0.7242402585053754,0,32,0.7242778202673638,1.0,switching_incremental,synthetic,NB,20,20042
synthetic_dataset_with_switching_drifts_incremental,2500,KS95,0.713925,0.7141663000693255,0.713925,0.7138463896342134,20,32,0.7139291571205724,1.0,switching_incremental,synthetic,NB,20,20042
synthetic_dataset_with_switching_drifts_incremental,2500,KS90,0.713225,0.7136579836234545,0.713225,0.7130823239829424,22,32,0.7132305883269118,1.0,switching_incremental,synthetic,NB,20,20042
synthetic_dataset_with_switching_drifts_incremental,2500,HD,0.717475,0.7179858804184842,0.717475,0.7173121772029146,10,32,0.7174810135925633,1.0,switching_incremental,synthetic,NB,20,20042
synthetic_dataset_with_switching_drifts_incremental,2500,JS,0.717475,0.7179858804184842,0.717475,0.7173121772029146,10,32,0.7174810135925633,1.0,switching_incremental,synthetic,NB,20,20042
synthetic_dataset_with_parallel_drifts_incremental,1000,Base,0.732575,0.732856884918337,0.732575,0.7324958660945804,0,80,0.7325793145362072,1.0,parallel_incremental,synthetic,NB,20,20042
synthetic_dataset_with_parallel_drifts_incremental,1000,KS95,0.7304875,0.730943185404337,0.7304875,0.7303568492972737,14,80,0.7304930175308135,1.0,parallel_incremental,synthetic,NB,20,20042
synthetic_dataset_with_parallel_drifts_incremental,1000,KS90,0.730075,0.730761558875382,0.730075,0.7298769903631057,19,80,0.7300817831301114,1.0,parallel_incremental,synthetic,NB,20,20042
synthetic_dataset_with_parallel_drifts_incremental,1000,HD,0.7319375,0.731937713150422,0.7319375,0.731937482031435,4,80,0.7319375863710992,1.0,parallel_incremental,synthetic,NB,20,20042
synthetic_dataset_with_parallel_drifts_incremental,1000,JS,0.7317375,0.7317382296343968,0.7317375,0.7317371869288191,4,80,0.7317372426085775,1.0,parallel_incremental,synthetic,NB,20,20042
synthetic_dataset_with_parallel_drifts_incremental,1500,Base,0.732525,0.7329221558296184,0.732525,0.7324130992387754,0,53,0.7325301270331329,1.0,parallel_incremental,synthetic,NB,20,20042
synthetic_dataset_with_parallel_drifts_incremental,1500,KS95,0.7306125,0.7309472204903265,0.7306125,0.7305168781932707,10,53,0.7306172237885765,1.0,parallel_incremental,synthetic,NB,20,20042
synthetic_dataset_with_parallel_drifts_incremental,1500,KS90,0.7306125,0.7309472204903265,0.7306125,0.7305168781932707,10,53,0.7306172237885765,1.0,parallel_incremental,synthetic,NB,20,20042
synthetic_dataset_with_parallel_drifts_incremental,1500,HD,0.730475,0.7306111232178182,0.730475,0.7304365099854329,6,53,0.7304780019048751,1.0,parallel_incremental,synthetic,NB,20,20042
synthetic_dataset_with_parallel_drifts_incremental,1500,JS,0.730475,0.7306111232178182,0.730475,0.7304365099854329,6,53,0.7304780019048751,1.0,parallel_incremental,synthetic,NB,20,20042
synthetic_dataset_with_parallel_drifts_incremental,2000,Base,0.732975,0.7334517876458768,0.732975,0.7328409551985025,0,40,0.7329806145612885,1.0,parallel_incremental,synthetic,NB,20,20042
synthetic_dataset_with_parallel_drifts_incremental,2000,KS95,0.730525,0.730727091229566,0.730525,0.7304675508824846,9,40,0.7305286644080415,1.0,parallel_incremental,synthetic,NB,20,20042
synthetic_dataset_with_parallel_drifts_incremental,2000,KS90,0.730525,0.730727091229566,0.730525,0.7304675508824846,9,40,0.7305286644080415,1.0,parallel_incremental,synthetic,NB,20,20042
synthetic_dataset_with_parallel_drifts_incremental,2000,HD,0.7301875,0.730430454588868,0.7301875,0.7301180904863762,5,40,0.7301915237619703,1.0,parallel_incremental,synthetic,NB,20,20042
synthetic_dataset_with_parallel_drifts_incremental,2000,JS,0.732075,0.7322004503080534,0.732075,0.7320400273029614,5,40,0.732077870754867,1.0,parallel_incremental,synthetic,NB,20,20042
synthetic_dataset_with_parallel_drifts_incremental,2500,Base,0.733,0.7335090868193237,0.733,0.7328568369664032,0,32,0.7330058020628626,1.0,parallel_incremental,synthetic,NB,20,20042
synthetic_dataset_with_parallel_drifts_incremental,2500,KS95,0.73075,0.7312233357267143,0.73075,0.7306145362339738,9,32,0.7307556206722263,1.0,parallel_incremental,synthetic,NB,20,20042
synthetic_dataset_with_parallel_drifts_incremental,2500,KS90,0.72925,0.7298302528777068,0.72925,0.7290816957561579,13,32,0.7292562455785153,1.0,parallel_incremental,synthetic,NB,20,20042
synthetic_dataset_with_parallel_drifts_incremental,2500,HD,0.7301,0.7302798427901273,0.7301,0.7300487809802442,3,32,0.730103458131466,1.0,parallel_incremental,synthetic,NB,20,20042
synthetic_dataset_with_parallel_drifts_incremental,2500,JS,0.7302125,0.7307818708514471,0.7302125,0.7300486430190627,2,32,0.730218673763667,1.0,parallel_incremental,synthetic,NB,20,20042
synthetic_dataset_with_switching_drifts_abrupt,1000,Base,0.6911625,0.6928312573402019,0.6911625,0.6904863972875175,0,80,0.6911508275719269,1.0,switching_abrupt,synthetic,NB,20,20042
synthetic_dataset_with_switching_drifts_abrupt,1000,KS95,0.7027625,0.703692113405871,0.7027625,0.7024273092513299,25,80,0.7027709032981815,1.0,switching_abrupt,synthetic,NB,20,20042
synthetic_dataset_with_switching_drifts_abrupt,1000,KS90,0.7035625,0.7048410467517618,0.7035625,0.7031042482596478,29,80,0.703572334598271,1.0,switching_abrupt,synthetic,NB,20,20042
synthetic_dataset_with_switching_drifts_abrupt,1000,HD,0.6970125,0.6970185991139081,0.6970125,0.6970105151833734,15,80,0.6970131529383221,1.0,switching_abrupt,synthetic,NB,20,20042
synthetic_dataset_with_switching_drifts_abrupt,1000,JS,0.6961875,0.6962027506761372,0.6961875,0.6961821772595661,16,80,0.696188559136785,1.0,switching_abrupt,synthetic,NB,20,20042
synthetic_dataset_with_switching_drifts_abrupt,1500,Base,0.6911125,0.6923504970492576,0.6911125,0.6906090854824016,0,53,0.6911024275689017,1.0,switching_abrupt,synthetic,NB,20,20042
synthetic_dataset_with_switching_drifts_abrupt,1500,KS95,0.6932375,0.6934254547663736,0.6932375,0.6931650900657265,24,53,0.6932413527025846,1.0,switching_abrupt,synthetic,NB,20,20042
synthetic_dataset_with_switching_drifts_abrupt,1500,KS90,0.6934875,0.6937237538910612,0.6934875,0.69339640362265,25,53,0.6934918214682388,1.0,switching_abrupt,synthetic,NB,20,20042
synthetic_dataset_with_switching_drifts_abrupt,1500,HD,0.67795,0.6779827841971825,0.67795,0.677934110850957,15,53,0.6779482548717659,1.0,switching_abrupt,synthetic,NB,20,20042
synthetic_dataset_with_switching_drifts_abrupt,1500,JS,0.67795,0.6779827841971825,0.67795,0.677934110850957,15,53,0.6779482548717659,1.0,switching_abrupt,synthetic,NB,20,20042
synthetic_dataset_with_switching_drifts_abrupt,2000,Base,0.6925,0.693467106291439,0.6925,0.6921103421474635,0,40,0.6924911182806949,1.0,switching_abrupt,synthetic,NB,20,20042
synthetic_dataset_with_switching_drifts_abrupt,2000,KS95,0.679875,0.6799139870886907,0.679875,0.6798587528601402,21,40,0.6798767924922995,1.0,switching_abrupt,synthetic,NB,20,20042
synthetic_dataset_with_switching_drifts_abrupt,2000,KS90,0.6796125,0.6796994477737176,0.6796125,0.6795753898721361,22,40,0.6796152018509501,1.0,switching_abrupt,synthetic,NB,20,20042
synthetic_dataset_with_switching_drifts_abrupt,2000,HD,0.6777125,0.6778227551423551,0.6777125,0.6776644303928597,13,40,0.6777155642322227,1.0,switching_abrupt,synthetic,NB,20,20042
synthetic_dataset_with_switching_drifts_abrupt,2000,JS,0.6777125,0.6778227551423551,0.6777125,0.6776644303928597,13,40,0.6777155642322227,1.0,switching_abrupt,synthetic,NB,20,20042
synthetic_dataset_with_switching_drifts_abrupt,2500,Base,0.6934875,0.6942666054310279,0.6934875,0.6931755192820704,0,32,0.6934795402174713,1.0,switching_abrupt,synthetic,NB,20,20042
synthetic_dataset_with_switching_drifts_abrupt,2500,KS95,0.6789125,0.6789791531260999,0.6789125000000001,0.6788840557662268,18,32,0.6789148643071791,1.0,switching_abrupt,synthetic,NB,20,20042
synthetic_dataset_with_switching_drifts_abrupt,2500,KS90,0.6779875,0.6781620421116968,0.6779875,0.6779109946419305,20,32,0.6779913642494602,1.0,switching_abrupt,synthetic,NB,20,20042
synthetic_dataset_with_switching_drifts_abrupt,2500,HD,0.676425,0.6768955840975263,0.676425,0.676213637855959,7,32,0.6764313985269623,1.0,switching_abrupt,synthetic,NB,20,20042
synthetic_dataset_with_switching_drifts_abrupt,2500,JS,0.66995,0.6708753659002282,0.66995,0.6695085047695885,8,32,0.6699591481224468,1.0,switching_abrupt,synthetic,NB,20,20042
synthetic_dataset_no_drifts,1000,Base,0.7352,0.7361609472671973,0.7352,0.7349336437134429,0,80,0.7352079397004962,1.0,no_drifts,synthetic,NB,20,20042
synthetic_dataset_no_drifts,1000,KS95,0.730875,0.7329439079987973,0.730875,0.7302811021186042,3,80,0.7308867456804217,1.0,no_drifts,synthetic,NB,20,20042
synthetic_dataset_no_drifts,1000,KS90,0.7333375,0.7340497931310027,0.7333375,0.7331373384814192,12,80,0.7333443614590226,1.0,no_drifts,synthetic,NB,20,20042
synthetic_dataset_no_drifts,1000,HD,0.7321,0.7330187711804717,0.7321,0.7318389675424766,7,80,0.7321078145067383,1.0,no_drifts,synthetic,NB,20,20042
synthetic_dataset_no_drifts,1000,JS,0.7295,0.7309521462478435,0.7295,0.7290783723718953,8,80,0.7295098768443672,1.0,no_drifts,synthetic,NB,20,20042
synthetic_dataset_no_drifts,1500,Base,0.7353375,0.7363597250352213,0.7353375,0.7350544193358943,0,53,0.7353456865841053,1.0,no_drifts,synthetic,NB,20,20042
synthetic_dataset_no_drifts,1500,KS95,0.732475,0.734227172995497,0.732475,0.7319782842022785,3,53,0.7324857770303611,1.0,no_drifts,synthetic,NB,20,20042
synthetic_dataset_no_drifts,1500,KS90,0.7324,0.7340313762722998,0.7324,0.731937224735724,5,53,0.7324104020256501,1.0,no_drifts,synthetic,NB,20,20042
synthetic_dataset_no_drifts,1500,HD,0.7307875,0.7325038114872681,0.7307875,0.7302943171891397,7,53,0.7307982050498878,1.0,no_drifts,synthetic,NB,20,20042
synthetic_dataset_no_drifts,1500,JS,0.7366625,0.737079976081091,0.7366625,0.7365486620711611,2,53,0.736667711666732,1.0,no_drifts,synthetic,NB,20,20042
synthetic_dataset_no_drifts,2000,Base,0.735475,0.7365604583720987,0.735475,0.7351746932692431,0,40,0.7354834334677145,1.0,no_drifts,synthetic,NB,20,20042
synthetic_dataset_no_drifts,2000,KS95,0.73225,0.7345017051124924,0.73225,0.7316108593359805,5,40,0.7322622145163884,1.0,no_drifts,synthetic,NB,20,20042
synthetic_dataset_no_drifts,2000,KS90,0.73225,0.7345017051124924,0.73225,0.7316108593359805,5,40,0.7322622145163884,1.0,no_drifts,synthetic,NB,20,20042
synthetic_dataset_no_drifts,2000,HD,0.73405,0.7350519825121109,0.73405,0.7337696652172023,2,40,0.7340581271286329,1.0,no_drifts,synthetic,NB,20,20042
synthetic_dataset_no_drifts,2000,JS,0.7386,0.7387726025351303,0.7386,0.7385541041405961,1,40,0.738603327412708,1.0,no_drifts,synthetic,NB,20,20042
synthetic_dataset_no_drifts,2500,Base,0.735575,0.7366512750548297,0.735575,0.735277478194825,0,32,0.7355833959739623,1.0,no_drifts,synthetic,NB,20,20042
synthetic_dataset_no_drifts,2500,KS95,0.733075,0.7346389052337698,0.733075,0.7326337498926364,5,32,0.7330851708178231,1.0,no_drifts,synthetic,NB,20,20042
synthetic_dataset_no_drifts,2500,KS90,0.7333875,0.7347855276673516,0.7333875,0.7329940479228825,8,32,0.7333971114623195,1.0,no_drifts,synthetic,NB,20,20042
synthetic_dataset_no_drifts,2500,HD,0.735575,0.7366512750548297,0.735575,0.735277478194825,0,32,0.7355833959739623,1.0,no_drifts,synthetic,NB,20,20042
synthetic_dataset_no_drifts,2500,JS,0.735575,0.7366512750548297,0.735575,0.735277478194825,0,32,0.7355833959739623,1.0,no_drifts,synthetic,NB,20,20042
synthetic_dataset_with_parallel_drifts_abrupt,1000,Base,0.7617875,0.7708158598906708,0.7617875,0.7597901452353002,0,80,0.7618011840155267,1.0,parallel_abrupt,synthetic,NB,16,16042
synthetic_dataset_with_parallel_drifts_abrupt,1000,KS95,0.7657625,0.7698105410765651,0.7657625,0.764883693072558,15,80,0.7657716766048628,1.0,parallel_abrupt,synthetic,NB,16,16042
synthetic_dataset_with_parallel_drifts_abrupt,1000,KS90,0.7658875,0.7696800400245211,0.7658875,0.7650644919077851,16,80,0.7658963841076687,1.0,parallel_abrupt,synthetic,NB,16,16042
synthetic_dataset_with_parallel_drifts_abrupt,1000,HD,0.7646375,0.7737020649021031,0.7646375,0.7626771133976136,4,80,0.7646511390796505,1.0,parallel_abrupt,synthetic,NB,16,16042
synthetic_dataset_with_parallel_drifts_abrupt,1000,JS,0.7646375,0.7737020649021031,0.7646375,0.7626771133976136,4,80,0.7646511390796505,1.0,parallel_abrupt,synthetic,NB,16,16042
synthetic_dataset_with_parallel_drifts_abrupt,1500,Base,0.759925,0.7681572758542876,0.759925,0.7580727702981128,0,53,0.7599381308486077,1.0,parallel_abrupt,synthetic,NB,16,16042
synthetic_dataset_with_parallel_drifts_abrupt,1500,KS95,0.765175,0.7691192945764981,0.765175,0.7643144787066608,10,53,0.7651840697166415,1.0,parallel_abrupt,synthetic,NB,16,16042
synthetic_dataset_with_parallel_drifts_abrupt,1500,KS90,0.76415,0.7674520650170018,0.76415,0.7634226022564097,14,53,0.7641583234435623,1.0,parallel_abrupt,synthetic,NB,16,16042
synthetic_dataset_with_parallel_drifts_abrupt,1500,HD,0.7591875,0.7717104888555516,0.7591875,0.7563860144598421,4,53,0.7592035914570807,1.0,parallel_abrupt,synthetic,NB,16,16042
synthetic_dataset_with_parallel_drifts_abrupt,1500,JS,0.7591875,0.7717104888555516,0.7591875,0.7563860144598421,4,53,0.7592035914570807,1.0,parallel_abrupt,synthetic,NB,16,16042
synthetic_dataset_with_parallel_drifts_abrupt,2000,Base,0.7597375,0.7669469697323036,0.7597375,0.7581085630392684,0,40,0.7597498152193709,1.0,parallel_abrupt,synthetic,NB,16,16042
synthetic_dataset_with_parallel_drifts_abrupt,2000,KS95,0.76065,0.768018884142642,0.76065,0.7589977489854115,7,40,0.7606624258649046,1.0,parallel_abrupt,synthetic,NB,16,16042
synthetic_dataset_with_parallel_drifts_abrupt,2000,KS90,0.7613,0.76492127146119,0.7613,0.7604845247478584,10,40,0.7613087583794471,1.0,parallel_abrupt,synthetic,NB,16,16042
synthetic_dataset_with_parallel_drifts_abrupt,2000,HD,0.7609625,0.7630128089569158,0.7609625,0.7604980379181708,7,40,0.760969111496805,1.0,parallel_abrupt,synthetic,NB,16,16042
synthetic_dataset_with_parallel_drifts_abrupt,2000,JS,0.7603375,0.7655035067260426,0.7603375,0.7591696352477194,5,40,0.760347951482829,1.0,parallel_abrupt,synthetic,NB,16,16042
synthetic_dataset_with_parallel_drifts_abrupt,2500,Base,0.7595625,0.766749111518134,0.7595625,0.7579363738642806,0,32,0.759574800215433,1.0,parallel_abrupt,synthetic,NB,16,16042
synthetic_dataset_with_parallel_drifts_abrupt,2500,KS95,0.7582625,0.7636263394049189,0.7582625,0.7570303619887474,6,32,0.7582731876861468,1.0,parallel_abrupt,synthetic,NB,16,16042
synthetic_dataset_with_parallel_drifts_abrupt,2500,KS90,0.758425,0.7638635092446618,0.758425,0.7571775616851325,8,32,0.7584357570648045,1.0,parallel_abrupt,synthetic,NB,16,16042
synthetic_dataset_with_parallel_drifts_abrupt,2500,HD,0.7542625,0.7632166240365528,0.7542625,0.7521596764953254,5,32,0.7542763225962172,1.0,parallel_abrupt,synthetic,NB,16,16042
synthetic_dataset_with_parallel_drifts_abrupt,2500,JS,0.75,0.7636406559262103,0.75,0.7467301815101446,4,32,0.7500170493753836,1.0,parallel_abrupt,synthetic,NB,16,16042
synthetic_dataset_with_switching_drifts_incremental,1000,Base,0.7658875,0.7696315495989916,0.7658875,0.7650749237485542,0,80,0.7658963278576674,1.0,switching_incremental,synthetic,NB,16,16042
synthetic_dataset_with_switching_drifts_incremental,1000,KS95,0.7589625,0.7636108631326033,0.7589625,0.7578987109570647,31,80,0.7589724489518802,1.0,switching_incremental,synthetic,NB,16,16042
synthetic_dataset_with_switching_drifts_incremental,1000,KS90,0.7587125,0.7632467242614203,0.7587125,0.7576724690327182,32,80,0.7587223326962524,1.0,switching_incremental,synthetic,NB,16,16042
synthetic_dataset_with_switching_drifts_incremental,1000,HD,0.7594625,0.7662172213250984,0.7594625,0.757931140227526,12,80,0.7594744364631748,1.0,switching_incremental,synthetic,NB,16,16042
synthetic_dataset_with_switching_drifts_incremental,1000,JS,0.7581875,0.7653629884101536,0.7581875,0.7565460423506236,12,80,0.7581998226844959,1.0,switching_incremental,synthetic,NB,16,16042
synthetic_dataset_with_switching_drifts_incremental,1500,Base,0.7660125,0.769924578613606,0.7660125,0.7651646340666716,0,53,0.7660215191104843,1.0,switching_incremental,synthetic,NB,16,16042
synthetic_dataset_with_switching_drifts_incremental,1500,KS95,0.760175,0.7631071508598819,0.760175,0.7595077233694596,24,53,0.7601829071041154,1.0,switching_incremental,synthetic,NB,16,16042
synthetic_dataset_with_switching_drifts_incremental,1500,KS90,0.7605875,0.763605027735004,0.7605875,0.7599031768176214,26,53,0.7605955139883991,1.0,switching_incremental,synthetic,NB,16,16042
synthetic_dataset_with_switching_drifts_incremental,1500,HD,0.7566625,0.7590546271833762,0.7566625,0.7561020269008645,14,53,0.7566696964000681,1.0,switching_incremental,synthetic,NB,16,16042
synthetic_dataset_with_switching_drifts_incremental,1500,JS,0.7566625,0.7590546271833762,0.7566625,0.7561020269008645,14,53,0.7566696964000681,1.0,switching_incremental,synthetic,NB,16,16042
synthetic_dataset_with_switching_drifts_incremental,2000,Base,0.7655125,0.7692964656104964,0.7655125,0.7646888722834007,0,40,0.7655213803492311,1.0,switching_incremental,synthetic,NB,16,16042
synthetic_dataset_with_switching_drifts_incremental,2000,KS95,0.752,0.7550849046695514,0.752,0.7512509581172644,18,40,0.7520082369201854,1.0,switching_incremental,synthetic,NB,16,16042
synthetic_dataset_with_switching_drifts_incremental,2000,KS90,0.7523125,0.7556256240427288,0.7523125,0.7515104684633572,21,40,0.7523210275522231,1.0,switching_incremental,synthetic,NB,16,16042
synthetic_dataset_with_switching_drifts_incremental,2000,HD,0.7516625,0.754733367956348,0.7516625,0.7509148360340476,11,40,0.7516707237875913,1.0,switching_incremental,synthetic,NB,16,16042
synthetic_dataset_with_switching_drifts_incremental,2000,JS,0.7572375,0.7596223965791096,0.7572375,0.7566812701810808,9,40,0.7572446776630053,1.0,switching_incremental,synthetic,NB,16,16042
synthetic_dataset_with_switching_drifts_incremental,2500,Base,0.7654125,0.7696726366887732,0.7654125,0.7644855265052314,0,32,0.7654219165969931,1.0,switching_incremental,synthetic,NB,16,16042
synthetic_dataset_with_switching_drifts_incremental,2500,KS95,0.7457,0.7502145721150767,0.7457,0.7445515929318043,18,32,0.7457100630284763,1.0,switching_incremental,synthetic,NB,16,16042
synthetic_dataset_with_switching_drifts_incremental,2500,KS90,0.7457,0.7502145721150767,0.7457,0.7445515929318043,18,32,0.7457100630284763,1.0,switching_incremental,synthetic,NB,16,16042
synthetic_dataset_with_switching_drifts_incremental,2500,HD,0.758425,0.7601431387450254,0.758425,0.7580276184280285,9,32,0.7584310845646993,1.0,switching_incremental,synthetic,NB,16,16042
synthetic_dataset_with_switching_drifts_incremental,2500,JS,0.758425,0.7601431387450254,0.758425,0.7580276184280285,9,32,0.7584310845646993,1.0,switching_incremental,synthetic,NB,16,16042
synthetic_dataset_with_parallel_drifts_incremental,1000,Base,0.7783875,0.7853522876345154,0.7783875,0.7770305360741411,0,80,0.7783992081389822,1.0,parallel_incremental,synthetic,NB,16,16042
synthetic_dataset_with_parallel_drifts_incremental,1000,KS95,0.7741,0.7792969066214671,0.7741,0.7730474948085067,18,80,0.77411022116748,1.0,parallel_incremental,synthetic,NB,16,16042
synthetic_dataset_with_parallel_drifts_incremental,1000,KS90,0.7741375,0.7790614322887901,0.7741375,0.7731399285842466,19,80,0.7741474530433177,1.0,parallel_incremental,synthetic,NB,16,16042
synthetic_dataset_with_parallel_drifts_incremental,1000,HD,0.7746875,0.7797392287322547,0.7746875,0.7736688555393992,7,80,0.7746975693056954,1.0,parallel_incremental,synthetic,NB,16,16042
synthetic_dataset_with_parallel_drifts_incremental,1000,JS,0.77405,0.7798866154744952,0.77405,0.7728692955081087,9,80,0.7740608211663684,1.0,parallel_incremental,synthetic,NB,16,16042
synthetic_dataset_with_parallel_drifts_incremental,1500,Base,0.7773375,0.7841627625141924,0.7773375,0.775995996003039,0,53,0.777349114365355,1.0,parallel_incremental,synthetic,NB,16,16042
synthetic_dataset_with_parallel_drifts_incremental,1500,KS95,0.7730625,0.7775270326935484,0.7730625,0.7721491761479936,11,53,0.77307200301912,1.0,parallel_incremental,synthetic,NB,16,16042
synthetic_dataset_with_parallel_drifts_incremental,1500,KS90,0.7720125,0.7758491863453073,0.7720125,0.7712198321452788,15,53,0.77202133549548,1.0,parallel_incremental,synthetic,NB,16,16042
synthetic_dataset_with_parallel_drifts_incremental,1500,HD,0.7729,0.7815680037726168,0.7729,0.771142826804564,5,53,0.7729131498905458,1.0,parallel_incremental,synthetic,NB,16,16042
synthetic_dataset_with_parallel_drifts_incremental,1500,JS,0.7729,0.7815680037726168,0.7729,0.771142826804564,5,53,0.7729131498905458,1.0,parallel_incremental,synthetic,NB,16,16042
synthetic_dataset_with_parallel_drifts_incremental,2000,Base,0.777325,0.7836698000130952,0.777325,0.7760763372557924,0,40,0.7773362074900647,1.0,parallel_incremental,synthetic,NB,16,16042
synthetic_dataset_with_parallel_drifts_incremental,2000,KS95,0.773875,0.7807473318518519,0.773875,0.7724863846306715,7,40,0.7738867249124514,1.0,parallel_incremental,synthetic,NB,16,16042
synthetic_dataset_with_parallel_drifts_incremental,2000,KS90,0.7734375,0.7773341401887878,0.7734375,0.7726417085205307,10,40,0.7734463805275436,1.0,parallel_incremental,synthetic,NB,16,16042
synthetic_dataset_with_parallel_drifts_incremental,2000,HD,0.7733625,0.7787983382346279,0.7733625,0.7722557137224098,6,40,0.7733729630258916,1.0,parallel_incremental,synthetic,NB,16,16042
synthetic_dataset_with_parallel_drifts_incremental,2000,JS,0.774275,0.7807535811579183,0.774275,0.7729688554338974,5,40,0.7742863836714436,1.0,parallel_incremental,synthetic,NB,16,16042
synthetic_dataset_with_parallel_drifts_incremental,2500,Base,0.7778375,0.7845088947073873,0.7778375,0.7765310016203928,0,32,0.7778489756266019,1.0,parallel_incremental,synthetic,NB,16,16042
synthetic_dataset_with_parallel_drifts_incremental,2500,KS95,0.7760625,0.7822859630090943,0.7760625,0.7748248694297853,6,32,0.7760736268366567,1.0,parallel_incremental,synthetic,NB,16,16042
synthetic_dataset_with_parallel_drifts_incremental,2500,KS90,0.77625,0.7826222326610647,0.77625,0.7749851506135434,8,32,0.7762612524658782,1.0,parallel_incremental,synthetic,NB,16,16042
synthetic_dataset_with_parallel_drifts_incremental,2500,HD,0.776275,0.7829734304531314,0.776275,0.774946734036953,2,32,0.776286529966447,1.0,parallel_incremental,synthetic,NB,16,16042
synthetic_dataset_with_parallel_drifts_incremental,2500,JS,0.776275,0.7829734304531314,0.776275,0.774946734036953,2,32,0.776286529966447,1.0,parallel_incremental,synthetic,NB,16,16042
synthetic_dataset_with_switching_drifts_abrupt,1000,Base,0.73975,0.7440922790041886,0.73975,0.7385913897797033,0,80,0.7397599916445998,1.0,switching_abrupt,synthetic,NB,16,16042
synthetic_dataset_with_switching_drifts_abrupt,1000,KS95,0.7343125,0.7382530958795142,0.7343125,0.7332133416595623,25,80,0.734322133397248,1.0,switching_abrupt,synthetic,NB,16,16042
synthetic_dataset_with_switching_drifts_abrupt,1000,KS90,0.7340875,0.7379438341447546,0.7340875,0.7330096680793087,26,80,0.7340970358921833,1.0,switching_abrupt,synthetic,NB,16,16042
synthetic_dataset_with_switching_drifts_abrupt,1000,HD,0.734475,0.7396810664420376,0.734475,0.7330298330022114,15,80,0.7344860415259359,1.0,switching_abrupt,synthetic,NB,16,16042
synthetic_dataset_with_switching_drifts_abrupt,1000,JS,0.73465,0.7400902339267769,0.73465,0.7331429372060692,16,80,0.7346612777798787,1.0,switching_abrupt,synthetic,NB,16,16042
synthetic_dataset_with_switching_drifts_abrupt,1500,Base,0.7399625,0.7449221083879585,0.7399625,0.7386436259368431,0,53,0.7399731610243961,1.0,switching_abrupt,synthetic,NB,16,16042
synthetic_dataset_with_switching_drifts_abrupt,1500,KS95,0.734575,0.7363841138409338,0.734575,0.7340689005230917,24,53,0.7345815490280847,1.0,switching_abrupt,synthetic,NB,16,16042
synthetic_dataset_with_switching_drifts_abrupt,1500,KS90,0.7353,0.7372271993680647,0.7353,0.7347640952907057,26,53,0.7353067477944019,1.0,switching_abrupt,synthetic,NB,16,16042
synthetic_dataset_with_switching_drifts_abrupt,1500,HD,0.718075,0.7195784029330884,0.718075,0.7175944739033816,14,53,0.7180811924068268,1.0,switching_abrupt,synthetic,NB,16,16042
synthetic_dataset_with_switching_drifts_abrupt,1500,JS,0.718075,0.7195784029330884,0.718075,0.7175944739033816,14,53,0.7180811924068268,1.0,switching_abrupt,synthetic,NB,16,16042
synthetic_dataset_with_switching_drifts_abrupt,2000,Base,0.7392625,0.7441970382811407,0.7392625,0.7379428806527619,0,40,0.7392731497586459,1.0,switching_abrupt,synthetic,NB,16,16042
synthetic_dataset_with_switching_drifts_abrupt,2000,KS95,0.7181125,0.720777544905162,0.7181125,0.7172630508031902,18,40,0.7181207267827165,1.0,switching_abrupt,synthetic,NB,16,16042
synthetic_dataset_with_switching_drifts_abrupt,2000,KS90,0.7191125,0.7225407647717628,0.7191125,0.7180308062023708,21,40,0.7191217955552404,1.0,switching_abrupt,synthetic,NB,16,16042
synthetic_dataset_with_switching_drifts_abrupt,2000,HD,0.7117625,0.7138638574556516,0.7117625,0.7110563092864383,14,40,0.7117699203898231,1.0,switching_abrupt,synthetic,NB,16,16042
synthetic_dataset_with_switching_drifts_abrupt,2000,JS,0.7201125,0.7215043308931985,0.7201125,0.7196748499856059,14,40,0.7201184318276647,1.0,switching_abrupt,synthetic,NB,16,16042
synthetic_dataset_with_switching_drifts_abrupt,2500,Base,0.73935,0.7450777477079653,0.73935,0.7378227036284397,0,32,0.7393614541356328,1.0,switching_abrupt,synthetic,NB,16,16042
synthetic_dataset_with_switching_drifts_abrupt,2500,KS95,0.701475,0.7048206600508565,0.701475,0.7002558788707601,16,32,0.7014845707834029,1.0,switching_abrupt,synthetic,NB,16,16042
synthetic_dataset_with_switching_drifts_abrupt,2500,KS90,0.7005125,0.7034437106043714,0.7005125,0.6994345294981106,17,32,0.7005214876367335,1.0,switching_abrupt,synthetic,NB,16,16042
synthetic_dataset_with_switching_drifts_abrupt,2500,HD,0.69885,0.7054022917332314,0.69885,0.6964360385171907,7,32,0.698863380724426,1.0,switching_abrupt,synthetic,NB,16,16042
synthetic_dataset_with_switching_drifts_abrupt,2500,JS,0.6959875,0.7086310017504027,0.6959875,0.6913204215579435,4,32,0.6960059487851339,1.0,switching_abrupt,synthetic,NB,16,16042
synthetic_dataset_no_drifts,1000,Base,0.7826375,0.7883688156401705,0.7826375,0.7815552499392749,0,80,0.7826480644845815,1.0,no_drifts,synthetic,NB,16,16042
synthetic_dataset_no_drifts,1000,KS95,0.777525,0.782375018835369,0.777525,0.7765686281449625,11,80,0.7775348199945334,1.0,no_drifts,synthetic,NB,16,16042
synthetic_dataset_no_drifts,1000,KS90,0.777525,0.782375018835369,0.777525,0.7765686281449625,11,80,0.7775348199945334,1.0,no_drifts,synthetic,NB,16,16042
synthetic_dataset_no_drifts,1000,HD,0.7786125,0.7826612495437602,0.7786125,0.7778196424297396,6,80,0.778621466893983,1.0,no_drifts,synthetic,NB,16,16042
synthetic_dataset_no_drifts,1000,JS,0.778025,0.781148773203494,0.778025,0.7774091506458375,7,80,0.7780328962557402,1.0,no_drifts,synthetic,NB,16,16042
synthetic_dataset_no_drifts,1500,Base,0.7824125,0.788297892624132,0.7824125,0.7812995379669576,0,53,0.7824232069795223,1.0,no_drifts,synthetic,NB,16,16042
synthetic_dataset_no_drifts,1500,KS95,0.7797625,0.7847603420483877,0.7797625,0.7787949224602884,5,53,0.7797724269198796,1.0,no_drifts,synthetic,NB,16,16042
synthetic_dataset_no_drifts,1500,KS90,0.7787,0.7829042907493162,0.7787,0.7778775509572643,9,53,0.7787091337709555,1.0,no_drifts,synthetic,NB,16,16042
synthetic_dataset_no_drifts,1500,HD,0.7821125,0.7878622077876828,0.7821125,0.7810222077906414,1,53,0.7821230907227695,1.0,no_drifts,synthetic,NB,16,16042
synthetic_dataset_no_drifts,1500,JS,0.7821125,0.7878622077876828,0.7821125,0.7810222077906414,1,53,0.7821230907227695,1.0,no_drifts,synthetic,NB,16,16042
synthetic_dataset_no_drifts,2000,Base,0.78245,0.7880723438455708,0.78245,0.7813864437305957,0,40,0.7824604688553607,1.0,no_drifts,synthetic,NB,16,16042
synthetic_dataset_no_drifts,2000,KS95,0.7807625,0.7863656060562465,0.7807625,0.7796879899145281,3,40,0.780772981942392,1.0,no_drifts,synthetic,NB,16,16042
synthetic_dataset_no_drifts,2000,KS90,0.779,0.7828125210255573,0.779,0.7782553442545704,6,40,0.7790086987776959,1.0,no_drifts,synthetic,NB,16,16042
synthetic_dataset_no_drifts,2000,HD,0.78065,0.7847507943206213,0.78065,0.7798601443226854,4,40,0.7806589913148273,1.0,no_drifts,synthetic,NB,16,16042
synthetic_dataset_no_drifts,2000,JS,0.78065,0.7847507943206213,0.78065,0.7798601443226854,4,40,0.7806589913148273,1.0,no_drifts,synthetic,NB,16,16042
synthetic_dataset_no_drifts,2500,Base,0.7825625,0.7885949728161893,0.7825625,0.7814235037435506,0,32,0.7825733344829,1.0,no_drifts,synthetic,NB,16,16042
synthetic_dataset_no_drifts,2500,KS95,0.7815375,0.7871192373115676,0.7815375,0.7804737098470785,1,32,0.7815479482098288,1.0,no_drifts,synthetic,NB,16,16042
synthetic_dataset_no_drifts,2500,KS90,0.7816875,0.7873295446647351,0.7816875,0.7806136709484954,4,32,0.7816980007132049,1.0,no_drifts,synthetic,NB,16,16042
synthetic_dataset_no_drifts,2500,HD,0.780175,0.7844757320952662,0.780175,0.7793438211925822,1,32,0.7801842125541447,1.0,no_drifts,synthetic,NB,16,16042
synthetic_dataset_no_drifts,2500,JS,0.780175,0.7844757320952662,0.780175,0.7793438211925822,1,32,0.7801842125541447,1.0,no_drifts,synthetic,NB,16,16042
synthetic_dataset_with_parallel_drifts_abrupt,1000,Base,0.7094375,0.7112909433239688,0.7094375,0.7088000445404526,0,80,0.7094398398985996,1.0,parallel_abrupt,synthetic,NB,29,29042
synthetic_dataset_with_parallel_drifts_abrupt,1000,KS95,0.707425,0.7074266431314438,0.707425,0.707424385042584,10,80,0.7074249280185623,1.0,parallel_abrupt,synthetic,NB,29,29042
synthetic_dataset_with_parallel_drifts_abrupt,1000,KS90,0.7077,0.7077010843702484,0.7077,0.707699646499279,15,80,0.7077000555192501,1.0,parallel_abrupt,synthetic,NB,29,29042
synthetic_dataset_with_parallel_drifts_abrupt,1000,HD,0.7068375,0.7082865915024776,0.7068375,0.7063277555626075,4,80,0.706839583642099,1.0,parallel_abrupt,synthetic,NB,29,29042
synthetic_dataset_with_parallel_drifts_abrupt,1000,JS,0.7068375,0.7082865915024776,0.7068375,0.7063277555626075,4,80,0.706839583642099,1.0,parallel_abrupt,synthetic,NB,29,29042
synthetic_dataset_with_parallel_drifts_abrupt,1500,Base,0.7094375,0.7108503902817321,0.7094375,0.708950928931656,0,53,0.709439544898599,1.0,parallel_abrupt,synthetic,NB,29,29042
synthetic_dataset_with_parallel_drifts_abrupt,1500,KS95,0.7053625,0.7058930125820427,0.7053625,0.7051732249049415,7,53,0.7053637673884094,1.0,parallel_abrupt,synthetic,NB,29,29042
synthetic_dataset_with_parallel_drifts_abrupt,1500,KS90,0.7021125,0.7022400327151535,0.7021125,0.7020658548541813,12,53,0.7021131261302828,1.0,parallel_abrupt,synthetic,NB,29,29042
synthetic_dataset_with_parallel_drifts_abrupt,1500,HD,0.7058125,0.7081853223332213,0.7058125,0.7049731839055403,6,53,0.705815167389538,1.0,parallel_abrupt,synthetic,NB,29,29042
synthetic_dataset_with_parallel_drifts_abrupt,1500,JS,0.7039375,0.7087938531971618,0.7039375,0.7022078270497684,4,53,0.7039413111348533,1.0,parallel_abrupt,synthetic,NB,29,29042
synthetic_dataset_with_parallel_drifts_abrupt,2000,Base,0.710175,0.7113491112586949,0.710175,0.709772832962667,0,40,0.7101768617754421,1.0,parallel_abrupt,synthetic,NB,29,29042
synthetic_dataset_with_parallel_drifts_abrupt,2000,KS95,0.706275,0.7081850413956466,0.7062750000000001,0.7056009390819908,6,40,0.7062773930156935,1.0,parallel_abrupt,synthetic,NB,29,29042
synthetic_dataset_with_parallel_drifts_abrupt,2000,KS90,0.7038,0.7048556648116737,0.7038,0.7034188280729003,9,40,0.7038017930095045,1.0,parallel_abrupt,synthetic,NB,29,29042
synthetic_dataset_with_parallel_drifts_abrupt,2000,HD,0.7047375,0.7058076872730493,0.7047375,0.7043540776317853,5,40,0.7047393011368482,1.0,parallel_abrupt,synthetic,NB,29,29042
synthetic_dataset_with_parallel_drifts_abrupt,2000,JS,0.70475,0.7058359759043876,0.70475,0.7043609767053269,6,40,0.7047518142618795,1.0,parallel_abrupt,synthetic,NB,29,29042
synthetic_dataset_with_parallel_drifts_abrupt,2500,Base,0.7103125,0.711268230810319,0.7103125,0.7099853293347067,0,32,0.7103141799007854,1.0,parallel_abrupt,synthetic,NB,29,29042
synthetic_dataset_with_parallel_drifts_abrupt,2500,KS95,0.70125,0.7016981506409442,0.70125,0.7010845729241473,8,32,0.701251176753128,1.0,parallel_abrupt,synthetic,NB,29,29042
synthetic_dataset_with_parallel_drifts_abrupt,2500,KS90,0.7006125,0.7010289017084359,0.7006125,0.7004579793177605,7,32,0.7006136361265342,1.0,parallel_abrupt,synthetic,NB,29,29042
synthetic_dataset_with_parallel_drifts_abrupt,2500,HD,0.697875,0.7060841637931325,0.697875,0.6948386407334854,4,32,0.6978799879947,1.0,parallel_abrupt,synthetic,NB,29,29042
synthetic_dataset_with_parallel_drifts_abrupt,2500,JS,0.697875,0.7060841637931325,0.697875,0.6948386407334854,4,32,0.6978799879947,1.0,parallel_abrupt,synthetic,NB,29,29042
synthetic_dataset_with_switching_drifts_incremental,1000,Base,0.7084,0.7087935500751297,0.7084000000000001,0.7082619897195893,0,80,0.7083989130209974,1.0,switching_incremental,synthetic,NB,29,29042
synthetic_dataset_with_switching_drifts_incremental,1000,KS95,0.7133875,0.7135280780730267,0.7133875,0.7133406256233853,31,80,0.7133881399084705,1.0,switching_incremental,synthetic,NB,29,29042
synthetic_dataset_with_switching_drifts_incremental,1000,KS90,0.7125875,0.7126967023364877,0.7125875,0.7125508769812241,34,80,0.7125880649064702,1.0,switching_incremental,synthetic,NB,29,29042
synthetic_dataset_with_switching_drifts_incremental,1000,HD,0.7138125,0.7138834121854094,0.7138125,0.7137889939926235,16,80,0.7138129536595325,1.0,switching_incremental,synthetic,NB,29,29042
synthetic_dataset_with_switching_drifts_incremental,1000,JS,0.71355,0.7136018721010223,0.71355,0.7135327942491424,16,80,0.7135503880338759,1.0,switching_incremental,synthetic,NB,29,29042
synthetic_dataset_with_switching_drifts_incremental,1500,Base,0.7082625,0.7086400679490028,0.7082625,0.7081299260407052,0,53,0.7082614348956535,1.0,switching_incremental,synthetic,NB,29,29042
synthetic_dataset_with_switching_drifts_incremental,1500,KS95,0.710375,0.7103843471352539,0.710375,0.7103717011331151,23,53,0.710374831775937,1.0,switching_incremental,synthetic,NB,29,29042
synthetic_dataset_with_switching_drifts_incremental,1500,KS90,0.7098125,0.7098369317853388,0.7098125,0.7098039201238394,24,53,0.7098122286495305,1.0,switching_incremental,synthetic,NB,29,29042
synthetic_dataset_with_switching_drifts_incremental,1500,HD,0.7092625,0.7092753638747596,0.7092625,0.709257935121529,12,53,0.7092623023981558,1.0,switching_incremental,synthetic,NB,29,29042
synthetic_dataset_with_switching_drifts_incremental,1500,JS,0.7086875,0.7087286453655887,0.7086875,0.7086729691032678,13,53,0.7086871473967179,1.0,switching_incremental,synthetic,NB,29,29042
synthetic_dataset_with_switching_drifts_incremental,2000,Base,0.7082625,0.7086329882475886,0.7082625,0.7081324036665967,0,40,0.7082614448956537,1.0,switching_incremental,synthetic,NB,29,29042
synthetic_dataset_with_switching_drifts_incremental,2000,KS95,0.7093,0.7093187529528162,0.7093,0.7092933718872882,20,40,0.7092997617732495,1.0,switching_incremental,synthetic,NB,29,29042
synthetic_dataset_with_switching_drifts_incremental,2000,KS90,0.709,0.7090282003553466,0.709,0.7089900410906371,21,40,0.7089997080224992,1.0,switching_incremental,synthetic,NB,29,29042
synthetic_dataset_with_switching_drifts_incremental,2000,HD,0.7094875,0.7094882884473034,0.7094875,0.7094872023605449,12,40,0.7094874498987186,1.0,switching_incremental,synthetic,NB,29,29042
synthetic_dataset_with_switching_drifts_incremental,2000,JS,0.7094875,0.7094882884473034,0.7094875,0.7094872023605449,12,40,0.7094874498987186,1.0,switching_incremental,synthetic,NB,29,29042
synthetic_dataset_with_switching_drifts_incremental,2500,Base,0.7082,0.7085499757550197,0.7082,0.7080770200202471,0,32,0.7081989742704975,1.0,switching_incremental,synthetic,NB,29,29042
synthetic_dataset_with_switching_drifts_incremental,2500,KS95,0.7093125,0.7093271285340027,0.7093125,0.7093075238454593,19,32,0.7093127073982817,1.0,switching_incremental,synthetic,NB,29,29042
synthetic_dataset_with_switching_drifts_incremental,2500,KS90,0.7093125,0.7093271285340027,0.7093125,0.7093075238454593,19,32,0.7093127073982817,1.0,switching_incremental,synthetic,NB,29,29042
synthetic_dataset_with_switching_drifts_incremental,2500,HD,0.70865,0.708739141272139,0.70865,0.7086186356936367,10,32,0.7086494817716237,1.0,switching_incremental,synthetic,NB,29,29042
synthetic_dataset_with_switching_drifts_incremental,2500,JS,0.708325,0.7085606679874016,0.708325,0.7082421634981211,9,32,0.7083241580208104,1.0,switching_incremental,synthetic,NB,29,29042
synthetic_dataset_with_parallel_drifts_incremental,1000,Base,0.71495,0.7149932480974043,0.71495,0.7149358317813208,0,80,0.7149503530373759,1.0,parallel_incremental,synthetic,NB,29,29042
synthetic_dataset_with_parallel_drifts_incremental,1000,KS95,0.714975,0.7150023715334851,0.714975,0.7149660615163269,14,80,0.7149752805374383,1.0,parallel_incremental,synthetic,NB,29,29042
synthetic_dataset_with_parallel_drifts_incremental,1000,KS90,0.7146875,0.7147252441924808,0.7146875,0.7146751184645745,18,80,0.7146878299117195,1.0,parallel_incremental,synthetic,NB,29,29042
synthetic_dataset_with_parallel_drifts_incremental,1000,HD,0.7162625,0.7168255252964818,0.7162625,0.7160787845303321,4,80,0.7162637724156595,1.0,parallel_incremental,synthetic,NB,29,29042
synthetic_dataset_with_parallel_drifts_incremental,1000,JS,0.7162625,0.7168255252964818,0.7162625,0.7160787845303321,4,80,0.7162637724156595,1.0,parallel_incremental,synthetic,NB,29,29042
synthetic_dataset_with_parallel_drifts_incremental,1500,Base,0.7143375,0.7143522960880975,0.7143375,0.7143326687861548,0,53,0.7143377061608442,1.0,parallel_incremental,synthetic,NB,29,29042
synthetic_dataset_with_parallel_drifts_incremental,1500,KS95,0.71395,0.7140979018882723,0.71395,0.7139009027448293,8,53,0.7139506555348767,1.0,parallel_incremental,synthetic,NB,29,29042
synthetic_dataset_with_parallel_drifts_incremental,1500,KS90,0.712225,0.7122689173617862,0.712225,0.7122102876555405,13,53,0.7122253580305635,1.0,parallel_incremental,synthetic,NB,29,29042
synthetic_dataset_with_parallel_drifts_incremental,1500,HD,0.7147,0.7152595166698835,0.7147,0.7145150911243024,5,53,0.7147012730367532,1.0,parallel_incremental,synthetic,NB,29,29042
synthetic_dataset_with_parallel_drifts_incremental,1500,JS,0.7147,0.7152595166698835,0.7147,0.7145150911243024,5,53,0.7147012730367532,1.0,parallel_incremental,synthetic,NB,29,29042
synthetic_dataset_with_parallel_drifts_incremental,2000,Base,0.7142875,0.7142940018068913,0.7142875,0.7142853979890269,0,40,0.7142876361607191,1.0,parallel_incremental,synthetic,NB,29,29042
synthetic_dataset_with_parallel_drifts_incremental,2000,KS95,0.7153875,0.7157682579617627,0.7153875,0.7152623790794616,6,40,0.7153885486634713,1.0,parallel_incremental,synthetic,NB,29,29042
synthetic_dataset_with_parallel_drifts_incremental,2000,KS90,0.7141875,0.7143538564944544,0.7141875,0.71413236702585,9,40,0.7141881949104705,1.0,parallel_incremental,synthetic,NB,29,29042
synthetic_dataset_with_parallel_drifts_incremental,2000,HD,0.7155125,0.7158719874352091,0.7155125,0.715394493916662,5,40,0.7155135186637838,1.0,parallel_incremental,synthetic,NB,29,29042
synthetic_dataset_with_parallel_drifts_incremental,2000,JS,0.7162625,0.7165639271628,0.7162625,0.7161641723978541,4,40,0.7162634311656586,1.0,parallel_incremental,synthetic,NB,29,29042
synthetic_dataset_with_parallel_drifts_incremental,2500,Base,0.7138375,0.7138394351787519,0.7138375,0.7138368881028274,0,32,0.7138375736595939,1.0,parallel_incremental,synthetic,NB,29,29042
synthetic_dataset_with_parallel_drifts_incremental,2500,KS95,0.713175,0.7132530706216488,0.713175,0.7131489754531596,8,32,0.7131754767829387,1.0,parallel_incremental,synthetic,NB,29,29042
synthetic_dataset_with_parallel_drifts_incremental,2500,KS90,0.7128375,0.7129148376749548,0.7128375,0.7128116496054601,7,32,0.7128379749070949,1.0,parallel_incremental,synthetic,NB,29,29042
synthetic_dataset_with_parallel_drifts_incremental,2500,HD,0.714225,0.7143216274291232,0.714225,0.7141930382243245,4,32,0.7142255292855639,1.0,parallel_incremental,synthetic,NB,29,29042
synthetic_dataset_with_parallel_drifts_incremental,2500,JS,0.7165625,0.7167958459522143,0.7165625,0.7164865947965351,2,32,0.7165633186664082,1.0,parallel_incremental,synthetic,NB,29,29042
synthetic_dataset_with_switching_drifts_abrupt,1000,Base,0.6924,0.6932704532295119,0.6924,0.6920523390166184,0,80,0.6923983204809958,1.0,switching_abrupt,synthetic,NB,29,29042
synthetic_dataset_with_switching_drifts_abrupt,1000,KS95,0.705075,0.7055326173152031,0.705075,0.7049113434702984,22,80,0.7050761780126904,1.0,switching_abrupt,synthetic,NB,29,29042
synthetic_dataset_with_switching_drifts_abrupt,1000,KS90,0.7040125,0.7042908323526342,0.7040125,0.7039121205181756,26,80,0.7040134211350336,1.0,switching_abrupt,synthetic,NB,29,29042
synthetic_dataset_with_switching_drifts_abrupt,1000,HD,0.69925,0.6992528955327911,0.69925,0.6992488565816337,15,80,0.6992499029981248,1.0,switching_abrupt,synthetic,NB,29,29042
synthetic_dataset_with_switching_drifts_abrupt,1000,JS,0.6986625,0.6986798208579587,0.6986625,0.698655808038527,16,80,0.6986622648716556,1.0,switching_abrupt,synthetic,NB,29,29042
synthetic_dataset_with_switching_drifts_abrupt,1500,Base,0.691975,0.6927772565065128,0.691975,0.6916533046489838,0,53,0.6919733854799335,1.0,switching_abrupt,synthetic,NB,29,29042
synthetic_dataset_with_switching_drifts_abrupt,1500,KS95,0.69775,0.697761995192445,0.69775,0.6977455200227364,23,53,0.6977501929943754,1.0,switching_abrupt,synthetic,NB,29,29042
synthetic_dataset_with_switching_drifts_abrupt,1500,KS90,0.6966375,0.6966375011764454,0.6966375,0.6966374978669824,24,53,0.6966374961165938,1.0,switching_abrupt,synthetic,NB,29,29042
synthetic_dataset_with_switching_drifts_abrupt,1500,HD,0.69265,0.6926500320962581,0.69265,0.6926499809827174,13,53,0.692649987981625,1.0,switching_abrupt,synthetic,NB,29,29042
synthetic_dataset_with_switching_drifts_abrupt,1500,JS,0.69265,0.6926500320962581,0.69265,0.6926499809827174,13,53,0.692649987981625,1.0,switching_abrupt,synthetic,NB,29,29042
synthetic_dataset_with_switching_drifts_abrupt,2000,Base,0.692525,0.6932573842302225,0.692525,0.6922325650876141,0,40,0.6925234592313088,1.0,switching_abrupt,synthetic,NB,29,29042
synthetic_dataset_with_switching_drifts_abrupt,2000,KS95,0.6902375,0.6902541880830794,0.6902375,0.6902308381737041,20,40,0.6902377323505945,1.0,switching_abrupt,synthetic,NB,29,29042
synthetic_dataset_with_switching_drifts_abrupt,2000,KS90,0.6900125,0.6900173759394247,0.6900125,0.6900105820860203,21,40,0.6900126248500315,1.0,switching_abrupt,synthetic,NB,29,29042
synthetic_dataset_with_switching_drifts_abrupt,2000,HD,0.6908,0.6908002138622829,0.6908,0.6907998979639633,14,40,0.6907999717269999,1.0,switching_abrupt,synthetic,NB,29,29042
synthetic_dataset_with_switching_drifts_abrupt,2000,JS,0.6908,0.6908002138622829,0.6908,0.6907998979639633,14,40,0.6907999717269999,1.0,switching_abrupt,synthetic,NB,29,29042
synthetic_dataset_with_switching_drifts_abrupt,2500,Base,0.69215,0.6928168851343269,0.69215,0.6918827689539622,0,32,0.6921485279803713,1.0,switching_abrupt,synthetic,NB,29,29042
synthetic_dataset_with_switching_drifts_abrupt,2500,KS95,0.68575,0.6858374461788892,0.68575,0.6857133418203687,17,32,0.6857505404643764,1.0,switching_abrupt,synthetic,NB,29,29042
synthetic_dataset_with_switching_drifts_abrupt,2500,KS90,0.68575,0.6858374461788892,0.68575,0.6857133418203687,17,32,0.6857505404643764,1.0,switching_abrupt,synthetic,NB,29,29042
synthetic_dataset_with_switching_drifts_abrupt,2500,HD,0.6836875,0.6836927219913818,0.6836875,0.6836851728616133,8,32,0.6836873648342184,1.0,switching_abrupt,synthetic,NB,29,29042
synthetic_dataset_with_switching_drifts_abrupt,2500,JS,0.68335,0.6833579702129915,0.68335,0.6833466555474969,7,32,0.6833501629583754,1.0,switching_abrupt,synthetic,NB,29,29042
synthetic_dataset_no_drifts,1000,Base,0.714025,0.7140964372196442,0.714025,0.714000924586757,0,80,0.7140245417850614,1.0,no_drifts,synthetic,NB,29,29042
synthetic_dataset_no_drifts,1000,KS95,0.7166125,0.7166169994828472,0.7166125,0.7166110814172217,5,80,0.7166126124165316,1.0,no_drifts,synthetic,NB,29,29042
synthetic_dataset_no_drifts,1000,KS90,0.716925,0.7169451295198626,0.716925,0.7169185457443759,11,80,0.716925239292313,1.0,no_drifts,synthetic,NB,29,29042
synthetic_dataset_no_drifts,1000,HD,0.712775,0.7129688029430555,0.712775,0.7127092778881716,3,80,0.7127742442819357,1.0,no_drifts,synthetic,NB,29,29042
synthetic_dataset_no_drifts,1000,JS,0.715725,0.7157262600735005,0.715725,0.7157245559972626,6,80,0.7157249380393124,1.0,no_drifts,synthetic,NB,29,29042
synthetic_dataset_no_drifts,1500,Base,0.7139625,0.7140364810142245,0.7139625,0.7139375586957368,0,53,0.7139620336599051,1.0,no_drifts,synthetic,NB,29,29042
synthetic_dataset_no_drifts,1500,KS95,0.71365,0.7137550294136241,0.71365,0.7136145554856994,3,53,0.7136494442841236,1.0,no_drifts,synthetic,NB,29,29042
synthetic_dataset_no_drifts,1500,KS90,0.715575,0.7155750288035059,0.715575,0.7155749857787491,6,53,0.7155749892889375,1.0,no_drifts,synthetic,NB,29,29042
synthetic_dataset_no_drifts,1500,HD,0.7151875,0.7152035717558552,0.7151875,0.7151820796912735,2,53,0.7151872824129681,1.0,no_drifts,synthetic,NB,29,29042
synthetic_dataset_no_drifts,1500,JS,0.7151875,0.7152035717558552,0.7151875,0.7151820796912735,2,53,0.7151872824129681,1.0,no_drifts,synthetic,NB,29,29042
synthetic_dataset_no_drifts,2000,Base,0.7141625,0.7142333974168138,0.7141625,0.7141386324855094,0,40,0.7141620436604051,1.0,no_drifts,synthetic,NB,29,29042
synthetic_dataset_no_drifts,2000,KS95,0.715875,0.7158806525353446,0.715875,0.7158730794793446,1,40,0.7158748705396871,1.0,no_drifts,synthetic,NB,29,29042
synthetic_dataset_no_drifts,2000,KS90,0.715875,0.7158806525353446,0.715875,0.7158730794793446,1,40,0.7158748705396871,1.0,no_drifts,synthetic,NB,29,29042
synthetic_dataset_no_drifts,2000,HD,0.7159875,0.7159947461223309,0.7159875,0.7159850494387643,1,40,0.7159873536649684,1.0,no_drifts,synthetic,NB,29,29042
synthetic_dataset_no_drifts,2000,JS,0.7159875,0.7159947461223309,0.7159875,0.7159850494387643,1,40,0.7159873536649684,1.0,no_drifts,synthetic,NB,29,29042
synthetic_dataset_no_drifts,2500,Base,0.7141,0.7141664654834714,0.7141,0.714077606012061,0,32,0.7140995580352488,1.0,no_drifts,synthetic,NB,29,29042
synthetic_dataset_no_drifts,2500,KS95,0.713475,0.7136013004807542,0.713475,0.7134323474236239,2,32,0.713474390533686,1.0,no_drifts,synthetic,NB,29,29042
synthetic_dataset_no_drifts,2500,KS90,0.7132625,0.7134017156183415,0.7132625,0.7132154215478131,3,32,0.7132618599081547,1.0,no_drifts,synthetic,NB,29,29042
synthetic_dataset_no_drifts,2500,HD,0.7164125,0.7164127653348022,0.7164125,0.7164124256911952,2,32,0.7164125261660313,1.0,no_drifts,synthetic,NB,29,29042
synthetic_dataset_no_drifts,2500,JS,0.7164125,0.7164127653348022,0.7164125,0.7164124256911952,2,32,0.7164125261660313,1.0,no_drifts,synthetic,NB,29,29042
synthetic_dataset_with_parallel_drifts_abrupt,1000,Base,0.7966875,0.7967315584736924,0.7966875,0.7966790238665535,0,80,0.7966840353719208,1.0,parallel_abrupt,synthetic,NB,11,11042
synthetic_dataset_with_parallel_drifts_abrupt,1000,KS95,0.798575,0.7987850491802695,0.798575,0.7985376153467861,9,80,0.798567596566698,1.0,parallel_abrupt,synthetic,NB,11,11042
synthetic_dataset_with_parallel_drifts_abrupt,1000,KS90,0.79805,0.7983178377546554,0.79805,0.7980024196923078,11,80,0.7980416476575984,1.0,parallel_abrupt,synthetic,NB,11,11042
synthetic_dataset_with_parallel_drifts_abrupt,1000,HD,0.7969875,0.7970356790154552,0.7969875,0.7969782993699853,4,80,0.796983884212625,1.0,parallel_abrupt,synthetic,NB,11,11042
synthetic_dataset_with_parallel_drifts_abrupt,1000,JS,0.7969875,0.7970356790154552,0.7969875,0.7969782993699853,4,80,0.796983884212625,1.0,parallel_abrupt,synthetic,NB,11,11042
synthetic_dataset_with_parallel_drifts_abrupt,1500,Base,0.796725,0.7968025154575649,0.796725,0.7967104999256571,0,53,0.7967204422579338,1.0,parallel_abrupt,synthetic,NB,11,11042
synthetic_dataset_with_parallel_drifts_abrupt,1500,KS95,0.797225,0.7974262491475933,0.797225,0.7971887340312089,10,53,0.7972177336583645,1.0,parallel_abrupt,synthetic,NB,11,11042
synthetic_dataset_with_parallel_drifts_abrupt,1500,KS90,0.7973125,0.7974662833670073,0.7973125,0.7972845872652446,13,53,0.7973061343101057,1.0,parallel_abrupt,synthetic,NB,11,11042
synthetic_dataset_with_parallel_drifts_abrupt,1500,HD,0.7967,0.7967217395927574,0.7967,0.7966956194140586,10,53,0.7966975322510036,1.0,parallel_abrupt,synthetic,NB,11,11042
synthetic_dataset_with_parallel_drifts_abrupt,1500,JS,0.7967,0.7967217395927574,0.7967,0.7966956194140586,10,53,0.7966975322510036,1.0,parallel_abrupt,synthetic,NB,11,11042
synthetic_dataset_with_parallel_drifts_abrupt,2000,Base,0.7972375,0.7973120641628482,0.7972375,0.7972235880468518,0,40,0.7972330317879921,1.0,parallel_abrupt,synthetic,NB,11,11042
synthetic_dataset_with_parallel_drifts_abrupt,2000,KS95,0.7973,0.7973334773466355,0.7973,0.7972934870184241,9,40,0.797296968682333,1.0,parallel_abrupt,synthetic,NB,11,11042
synthetic_dataset_with_parallel_drifts_abrupt,2000,KS90,0.7974,0.7975975170013142,0.7974,0.7973644398542631,11,40,0.7973928024613226,1.0,parallel_abrupt,synthetic,NB,11,11042
synthetic_dataset_with_parallel_drifts_abrupt,2000,HD,0.7974625,0.797565302656535,0.7974625,0.7974436037586587,4,40,0.7974572756058258,1.0,parallel_abrupt,synthetic,NB,11,11042
synthetic_dataset_with_parallel_drifts_abrupt,2000,JS,0.7974625,0.797565302656535,0.7974625,0.7974436037586587,4,40,0.7974572756058258,1.0,parallel_abrupt,synthetic,NB,11,11042
synthetic_dataset_with_parallel_drifts_abrupt,2500,Base,0.796975,0.7970650553602618,0.796975,0.7969582936424885,0,32,0.7969700985834549,1.0,parallel_abrupt,synthetic,NB,11,11042
synthetic_dataset_with_parallel_drifts_abrupt,2500,KS95,0.7971375,0.7972568391952228,0.7971375,0.7971156239589662,6,32,0.7971318767573927,1.0,parallel_abrupt,synthetic,NB,11,11042
synthetic_dataset_with_parallel_drifts_abrupt,2500,KS90,0.7971375,0.7972568391952228,0.7971375,0.7971156239589662,6,32,0.7971318767573927,1.0,parallel_abrupt,synthetic,NB,11,11042
synthetic_dataset_with_parallel_drifts_abrupt,2500,HD,0.79455,0.7945827255994666,0.79455,0.7945450825774695,4,32,0.7945527841022172,1.0,parallel_abrupt,synthetic,NB,11,11042
synthetic_dataset_with_parallel_drifts_abrupt,2500,JS,0.79455,0.7945827255994666,0.79455,0.7945450825774695,4,32,0.7945527841022172,1.0,parallel_abrupt,synthetic,NB,11,11042
synthetic_dataset_with_switching_drifts_incremental,1000,Base,0.7962625,0.7963268371153194,0.7962625,0.7962503170842162,0,80,0.7962583339931459,1.0,switching_incremental,synthetic,NB,11,11042
synthetic_dataset_with_switching_drifts_incremental,1000,KS95,0.795875,0.7959176752936524,0.795875,0.7958667193031819,32,80,0.7958715832511538,1.0,switching_incremental,synthetic,NB,11,11042
synthetic_dataset_with_switching_drifts_incremental,1000,KS90,0.7959375,0.7959779052661106,0.7959375,0.7959296392773149,34,80,0.7959341726450871,1.0,switching_incremental,synthetic,NB,11,11042
synthetic_dataset_with_switching_drifts_incremental,1000,HD,0.7969375,0.7970037561461094,0.7969375,0.7969250411370317,14,80,0.7969332791973169,1.0,switching_incremental,synthetic,NB,11,11042
synthetic_dataset_with_switching_drifts_incremental,1000,JS,0.7977,0.797706886387118,0.7977,0.7976984574481504,17,80,0.7976985638038155,1.0,switching_incremental,synthetic,NB,11,11042
synthetic_dataset_with_switching_drifts_incremental,1500,Base,0.7964375,0.7965161389965701,0.7964375,0.7964227635770023,0,53,0.7964329077959547,1.0,switching_incremental,synthetic,NB,11,11042
synthetic_dataset_with_switching_drifts_incremental,1500,KS95,0.795625,0.7957536860647704,0.795625,0.7956011742334951,26,53,0.7956191494247926,1.0,switching_incremental,synthetic,NB,11,11042
synthetic_dataset_with_switching_drifts_incremental,1500,KS90,0.7957875,0.7959015742207887,0.7957875,0.7957663188987836,27,53,0.7957819863490508,1.0,switching_incremental,synthetic,NB,11,11042
synthetic_dataset_with_switching_drifts_incremental,1500,HD,0.7969875,0.7970106842397409,0.7969875,0.7969828621557368,14,53,0.7969849567129494,1.0,switching_incremental,synthetic,NB,11,11042
synthetic_dataset_with_switching_drifts_incremental,1500,JS,0.7969875,0.7970106842397409,0.7969875,0.7969828621557368,14,53,0.7969849567129494,1.0,switching_incremental,synthetic,NB,11,11042
synthetic_dataset_with_switching_drifts_incremental,2000,Base,0.7965625,0.7966304517723692,0.7965625,0.796549697164294,0,40,0.7965582240838628,1.0,switching_incremental,synthetic,NB,11,11042
synthetic_dataset_with_switching_drifts_incremental,2000,KS95,0.79555,0.7956648510812593,0.79555,0.7955286377310599,21,40,0.7955444656522008,1.0,switching_incremental,synthetic,NB,11,11042
synthetic_dataset_with_switching_drifts_incremental,2000,KS90,0.7954375,0.7956118301404922,0.7954375,0.7954054833863082,22,40,0.7954307074927891,1.0,switching_incremental,synthetic,NB,11,11042
synthetic_dataset_with_switching_drifts_incremental,2000,HD,0.795575,0.7956138121015432,0.795575,0.7955674084968672,13,40,0.7955717344104496,1.0,switching_incremental,synthetic,NB,11,11042
synthetic_dataset_with_switching_drifts_incremental,2000,JS,0.79555,0.795587465214991,0.79555,0.7955426549723161,12,40,0.7955467894029038,1.0,switching_incremental,synthetic,NB,11,11042
synthetic_dataset_with_switching_drifts_incremental,2500,Base,0.7960875,0.7961594315337599,0.7960875,0.796073928497644,0,32,0.7960831001901378,1.0,switching_incremental,synthetic,NB,11,11042
synthetic_dataset_with_switching_drifts_incremental,2500,KS95,0.79285,0.7928767310471468,0.79285,0.7928445213686042,18,32,0.792847256086295,1.0,switching_incremental,synthetic,NB,11,11042
synthetic_dataset_with_switching_drifts_incremental,2500,KS90,0.7929,0.7929275824815759,0.7929,0.7928943615319364,19,32,0.7928972148514075,1.0,switching_incremental,synthetic,NB,11,11042
synthetic_dataset_with_switching_drifts_incremental,2500,HD,0.7955,0.7957753216813295,0.7955,0.7954500760862354,9,32,0.7954914956361774,1.0,switching_incremental,synthetic,NB,11,11042
synthetic_dataset_with_switching_drifts_incremental,2500,JS,0.795525,0.7957092194865036,0.795525,0.7954912462256193,9,32,0.7955180218942016,1.0,switching_incremental,synthetic,NB,11,11042
synthetic_dataset_with_parallel_drifts_incremental,1000,Base,0.798775,0.7989605754208698,0.798775,0.7987419119256306,0,80,0.7987680366273311,1.0,parallel_incremental,synthetic,NB,11,11042
synthetic_dataset_with_parallel_drifts_incremental,1000,KS95,0.7994375,0.7995958547939365,0.7994375,0.7994092880757545,13,80,0.7994310662028975,1.0,parallel_incremental,synthetic,NB,11,11042
synthetic_dataset_with_parallel_drifts_incremental,1000,KS90,0.7989125,0.7991216060146076,0.7989125,0.7988753832688906,15,80,0.7989051172937979,1.0,parallel_incremental,synthetic,NB,11,11042
synthetic_dataset_with_parallel_drifts_incremental,1000,HD,0.799025,0.7990974551937454,0.799025,0.7990116649902695,6,80,0.7990206079537339,1.0,parallel_incremental,synthetic,NB,11,11042
synthetic_dataset_with_parallel_drifts_incremental,1000,JS,0.799025,0.7990974551937454,0.799025,0.7990116649902695,6,80,0.7990206079537339,1.0,parallel_incremental,synthetic,NB,11,11042
synthetic_dataset_with_parallel_drifts_incremental,1500,Base,0.7989625,0.7991653573601543,0.7989625,0.7989264775020112,0,53,0.7989552273089563,1.0,parallel_incremental,synthetic,NB,11,11042
synthetic_dataset_with_parallel_drifts_incremental,1500,KS95,0.79855,0.7987656169573735,0.79855,0.7985116434980175,11,53,0.7985425003091063,1.0,parallel_incremental,synthetic,NB,11,11042
synthetic_dataset_with_parallel_drifts_incremental,1500,KS90,0.7986375,0.7988037703502343,0.7986375,0.7986077237909369,14,53,0.7986309009608475,1.0,parallel_incremental,synthetic,NB,11,11042
synthetic_dataset_with_parallel_drifts_incremental,1500,HD,0.7988,0.7989002534722356,0.7988,0.7987817594681794,9,53,0.7987948516354426,1.0,parallel_incremental,synthetic,NB,11,11042
synthetic_dataset_with_parallel_drifts_incremental,1500,JS,0.7988,0.7989002534722356,0.7988,0.7987817594681794,9,53,0.7987948516354426,1.0,parallel_incremental,synthetic,NB,11,11042
synthetic_dataset_with_parallel_drifts_incremental,2000,Base,0.79905,0.7992283670656823,0.79905,0.799018233602403,0,40,0.7990431742105603,1.0,parallel_incremental,synthetic,NB,11,11042
synthetic_dataset_with_parallel_drifts_incremental,2000,KS95,0.79905,0.799138645848414,0.79905,0.7990338271649619,9,40,0.7990451542111592,1.0,parallel_incremental,synthetic,NB,11,11042
synthetic_dataset_with_parallel_drifts_incremental,2000,KS90,0.7989,0.7991588456124857,0.7989,0.7988543033348374,11,40,0.7988917991647693,1.0,parallel_incremental,synthetic,NB,11,11042
synthetic_dataset_with_parallel_drifts_incremental,2000,HD,0.799125,0.799277385162756,0.799125,0.7990977480586051,4,40,0.7991186829834016,1.0,parallel_incremental,synthetic,NB,11,11042
synthetic_dataset_with_parallel_drifts_incremental,2000,JS,0.799125,0.799277385162756,0.799125,0.7990977480586051,4,40,0.7991186829834016,1.0,parallel_incremental,synthetic,NB,11,11042
synthetic_dataset_with_parallel_drifts_incremental,2500,Base,0.7989375,0.7991349198108741,0.7989375,0.7989024093098699,0,32,0.7989303235514229,1.0,parallel_incremental,synthetic,NB,11,11042
synthetic_dataset_with_parallel_drifts_incremental,2500,KS95,0.7988625,0.7991018769719593,0.7988625,0.7988201438458501,6,32,0.7988546085285191,1.0,parallel_incremental,synthetic,NB,11,11042
synthetic_dataset_with_parallel_drifts_incremental,2500,KS90,0.7988625,0.7991018769719593,0.7988625,0.7988201438458501,6,32,0.7988546085285191,1.0,parallel_incremental,synthetic,NB,11,11042
synthetic_dataset_with_parallel_drifts_incremental,2500,HD,0.798975,0.7991033435385579,0.798975,0.7989518893798649,3,32,0.7989691916881805,1.0,parallel_incremental,synthetic,NB,11,11042
synthetic_dataset_with_parallel_drifts_incremental,2500,JS,0.7988875,0.7989913766648339,0.7988875,0.7988686394004242,2,32,0.7988822622868843,1.0,parallel_incremental,synthetic,NB,11,11042
synthetic_dataset_with_switching_drifts_abrupt,1000,Base,0.781875,0.7819561143188918,0.781875,0.781860704439127,0,80,0.7818795402685609,1.0,switching_abrupt,synthetic,NB,11,11042
synthetic_dataset_with_switching_drifts_abrupt,1000,KS95,0.7893375,0.7893948185634551,0.7893375,0.7893259403642257,23,80,0.7893335106483869,1.0,switching_abrupt,synthetic,NB,11,11042
synthetic_dataset_with_switching_drifts_abrupt,1000,KS90,0.7896375,0.7896763019544929,0.7896375,0.7896295267664823,25,80,0.7896341982393449,1.0,switching_abrupt,synthetic,NB,11,11042
synthetic_dataset_with_switching_drifts_abrupt,1000,HD,0.7889375,0.788957760041408,0.7889375,0.7889344480969943,13,80,0.7889396842792544,1.0,switching_abrupt,synthetic,NB,11,11042
synthetic_dataset_with_switching_drifts_abrupt,1000,JS,0.7889375,0.788957760041408,0.7889375,0.7889344480969943,13,80,0.7889396842792544,1.0,switching_abrupt,synthetic,NB,11,11042
synthetic_dataset_with_switching_drifts_abrupt,1500,Base,0.7812125,0.7812467588794885,0.7812125,0.7812067417528937,0,53,0.7812154106926618,1.0,switching_abrupt,synthetic,NB,11,11042
synthetic_dataset_with_switching_drifts_abrupt,1500,KS95,0.785775,0.7858968319914288,0.785775,0.7857504866278646,26,53,0.7857692014451835,1.0,switching_abrupt,synthetic,NB,11,11042
synthetic_dataset_with_switching_drifts_abrupt,1500,KS90,0.785775,0.7858968319914288,0.785775,0.7857504866278646,26,53,0.7857692014451835,1.0,switching_abrupt,synthetic,NB,11,11042
synthetic_dataset_with_switching_drifts_abrupt,1500,HD,0.7841125,0.7841141022893483,0.7841125,0.7841123738069733,14,53,0.7841130328191924,1.0,switching_abrupt,synthetic,NB,11,11042
synthetic_dataset_with_switching_drifts_abrupt,1500,JS,0.7841125,0.7841141022893483,0.7841125,0.7841123738069733,14,53,0.7841130328191924,1.0,switching_abrupt,synthetic,NB,11,11042
synthetic_dataset_with_switching_drifts_abrupt,2000,Base,0.7812125,0.7812539303325325,0.7812125,0.781205439076112,0,40,0.7812157131927532,1.0,switching_abrupt,synthetic,NB,11,11042
synthetic_dataset_with_switching_drifts_abrupt,2000,KS95,0.7797375,0.7797791878494021,0.7797375,0.7797282459017639,21,40,0.77973401649454,1.0,switching_abrupt,synthetic,NB,11,11042
synthetic_dataset_with_switching_drifts_abrupt,2000,KS90,0.7797375,0.7798277357031451,0.7797375,0.7797182074462504,22,40,0.7797324352440617,1.0,switching_abrupt,synthetic,NB,11,11042
synthetic_dataset_with_switching_drifts_abrupt,2000,HD,0.780725,0.7807254153541615,0.780725,0.7807247973073425,13,40,0.7807245349191718,1.0,switching_abrupt,synthetic,NB,11,11042
synthetic_dataset_with_switching_drifts_abrupt,2000,JS,0.780725,0.7807254153541615,0.780725,0.7807247973073425,13,40,0.7807245349191718,1.0,switching_abrupt,synthetic,NB,11,11042
synthetic_dataset_with_switching_drifts_abrupt,2500,Base,0.7799625,0.7799941912298823,0.7799625000000001,0.7799571522504977,0,32,0.7799653003145034,1.0,switching_abrupt,synthetic,NB,11,11042
synthetic_dataset_with_switching_drifts_abrupt,2500,KS95,0.7736375,0.7736903833906543,0.7736375,0.7736277681145519,16,32,0.7736411921514607,1.0,switching_abrupt,synthetic,NB,11,11042
synthetic_dataset_with_switching_drifts_abrupt,2500,KS90,0.773875,0.7739376689880797,0.773875,0.7738633754909321,17,32,0.7738790290984063,1.0,switching_abrupt,synthetic,NB,11,11042
synthetic_dataset_with_switching_drifts_abrupt,2500,HD,0.7766625,0.778216736354881,0.7766625,0.7763565620591905,4,32,0.7766829268215852,1.0,switching_abrupt,synthetic,NB,11,11042
synthetic_dataset_with_switching_drifts_abrupt,2500,JS,0.7766625,0.778216736354881,0.7766625,0.7763565620591905,4,32,0.7766829268215852,1.0,switching_abrupt,synthetic,NB,11,11042
synthetic_dataset_no_drifts,1000,Base,0.7998625,0.8001261971692445,0.7998625,0.7998163403521172,0,80,0.7998542375809068,1.0,no_drifts,synthetic,NB,11,11042
synthetic_dataset_no_drifts,1000,KS95,0.80085,0.801065719344004,0.80085,0.8008123558592177,3,80,0.8008425285048648,1.0,no_drifts,synthetic,NB,11,11042
synthetic_dataset_no_drifts,1000,KS90,0.79995,0.8003374462733018,0.79995,0.799882813969821,5,80,0.7999400119818536,1.0,no_drifts,synthetic,NB,11,11042
synthetic_dataset_no_drifts,1000,HD,0.7996875,0.7999573049131034,0.7996875,0.7996402285560281,4,80,0.7996791412779402,1.0,no_drifts,synthetic,NB,11,11042
synthetic_dataset_no_drifts,1000,JS,0.7993875,0.7996725365996626,0.7993875,0.7993375005773657,5,80,0.7993789074371196,1.0,no_drifts,synthetic,NB,11,11042
synthetic_dataset_no_drifts,1500,Base,0.799875,0.8001409394558037,0.799875,0.7998284623473738,0,53,0.7998667032096778,1.0,no_drifts,synthetic,NB,11,11042
synthetic_dataset_no_drifts,1500,KS95,0.8002625,0.8003364468329776,0.8002625,0.8002490428088275,3,53,0.8002580739530675,1.0,no_drifts,synthetic,NB,11,11042
synthetic_dataset_no_drifts,1500,KS90,0.8003625,0.8004332086761057,0.8003625,0.8003496173441844,4,53,0.8003581702333464,1.0,no_drifts,synthetic,NB,11,11042
synthetic_dataset_no_drifts,1500,HD,0.800025,0.8002174171816555,0.800025,0.7999910832398393,9,53,0.800017927005423,1.0,no_drifts,synthetic,NB,11,11042
synthetic_dataset_no_drifts,1500,JS,0.800025,0.8002174171816555,0.800025,0.7999910832398393,9,53,0.800017927005423,1.0,no_drifts,synthetic,NB,11,11042
synthetic_dataset_no_drifts,2000,Base,0.8001375,0.8003661715769378,0.8001375,0.8000974190580795,0,40,0.8001298014142649,1.0,no_drifts,synthetic,NB,11,11042
synthetic_dataset_no_drifts,2000,KS95,0.8003,0.8004704394843033,0.8003,0.8002699204423945,4,40,0.8002933395887353,1.0,no_drifts,synthetic,NB,11,11042
synthetic_dataset_no_drifts,2000,KS90,0.79975,0.8000527864744635,0.79975,0.7996971221886399,6,40,0.7997411531716989,1.0,no_drifts,synthetic,NB,11,11042
synthetic_dataset_no_drifts,2000,HD,0.801,0.8012510550944315,0.801,0.8009564161847078,3,40,0.800991951050065,1.0,no_drifts,synthetic,NB,11,11042
synthetic_dataset_no_drifts,2000,JS,0.801,0.8012510550944315,0.801,0.8009564161847078,3,40,0.800991951050065,1.0,no_drifts,synthetic,NB,11,11042
synthetic_dataset_no_drifts,2500,Base,0.800025,0.8002657638793648,0.800025,0.7999828160325239,0,32,0.8000171020051734,1.0,no_drifts,synthetic,NB,11,11042
synthetic_dataset_no_drifts,2500,KS95,0.800775,0.8009566478065695,0.800775,0.8007431292596416,2,32,0.8007681334823604,1.0,no_drifts,synthetic,NB,11,11042
synthetic_dataset_no_drifts,2500,KS90,0.8004,0.8005537407749296,0.8004,0.8003728046084301,2,32,0.8003936696190852,1.0,no_drifts,synthetic,NB,11,11042
synthetic_dataset_no_drifts,2500,HD,0.8000875,0.8002935024179633,0.8000875,0.8000512763594512,1,32,0.8000801863992563,1.0,no_drifts,synthetic,NB,11,11042
synthetic_dataset_no_drifts,2500,JS,0.8000875,0.8002935024179633,0.8000875,0.8000512763594512,1,32,0.8000801863992563,1.0,no_drifts,synthetic,NB,11,11042
synthetic_dataset_with_parallel_drifts_abrupt,1000,Base,0.5964125,0.5987446796881245,0.5964125,0.5940765196747309,0,80,0.5964618513801322,1.0,parallel_abrupt,synthetic,NB,10,10042
synthetic_dataset_with_parallel_drifts_abrupt,1000,KS95,0.6092875,0.6092925757939058,0.6092875,0.6092801052982121,10,80,0.6092847105477902,1.0,parallel_abrupt,synthetic,NB,10,10042
synthetic_dataset_with_parallel_drifts_abrupt,1000,KS90,0.6090375,0.6090903412815171,0.6090375,0.6089975566052862,12,80,0.6090441191961403,1.0,parallel_abrupt,synthetic,NB,10,10042
synthetic_dataset_with_parallel_drifts_abrupt,1000,HD,0.6044875,0.6055628289780053,0.6044875,0.6035146121685327,4,80,0.6045197435345917,1.0,parallel_abrupt,synthetic,NB,10,10042
synthetic_dataset_with_parallel_drifts_abrupt,1000,JS,0.6044875,0.6055628289780053,0.6044875,0.6035146121685327,4,80,0.6045197435345917,1.0,parallel_abrupt,synthetic,NB,10,10042
synthetic_dataset_with_parallel_drifts_abrupt,1500,Base,0.5964875,0.5985593085165574,0.5964875,0.5944134539406631,0,53,0.5965340239106252,1.0,parallel_abrupt,synthetic,NB,10,10042
synthetic_dataset_with_parallel_drifts_abrupt,1500,KS95,0.6061,0.6065185928105178,0.6061,0.6057350853912152,11,53,0.6061198210856245,1.0,parallel_abrupt,synthetic,NB,10,10042
synthetic_dataset_with_parallel_drifts_abrupt,1500,KS90,0.606025,0.6062707496519901,0.606025,0.6058142477690602,13,53,0.6060400760519322,1.0,parallel_abrupt,synthetic,NB,10,10042
synthetic_dataset_with_parallel_drifts_abrupt,1500,HD,0.600175,0.6021084242430137,0.600175,0.5983259679716352,7,53,0.6002191448425886,1.0,parallel_abrupt,synthetic,NB,10,10042
synthetic_dataset_with_parallel_drifts_abrupt,1500,JS,0.5928625,0.5966382710007536,0.5928625,0.5889279385160839,4,53,0.5929261336362915,1.0,parallel_abrupt,synthetic,NB,10,10042
synthetic_dataset_with_parallel_drifts_abrupt,2000,Base,0.596675,0.5988282344708132,0.596675,0.594524713836478,0,40,0.5967223771152044,1.0,parallel_abrupt,synthetic,NB,10,10042
synthetic_dataset_with_parallel_drifts_abrupt,2000,KS95,0.601575,0.6034289728071924,0.601575,0.5998319848006785,7,40,0.6016179429335808,1.0,parallel_abrupt,synthetic,NB,10,10042
synthetic_dataset_with_parallel_drifts_abrupt,2000,KS90,0.60365,0.6046710525065763,0.60365,0.6027174891739502,9,40,0.6036815363054492,1.0,parallel_abrupt,synthetic,NB,10,10042
synthetic_dataset_with_parallel_drifts_abrupt,2000,HD,0.6048875,0.6051116522694512,0.6048875,0.6046933792243255,5,40,0.6049019499460738,1.0,parallel_abrupt,synthetic,NB,10,10042
synthetic_dataset_with_parallel_drifts_abrupt,2000,JS,0.601125,0.6021107855590101,0.601125,0.6001971964958464,4,40,0.6011563564885607,1.0,parallel_abrupt,synthetic,NB,10,10042
synthetic_dataset_with_parallel_drifts_abrupt,2500,Base,0.5968,0.5987566447602295,0.5968,0.594848776253602,0,32,0.5968451509170764,1.0,parallel_abrupt,synthetic,NB,10,10042
synthetic_dataset_with_parallel_drifts_abrupt,2500,KS95,0.605525,0.6058001400387322,0.605525,0.6052866659778241,7,32,0.6055410183410802,1.0,parallel_abrupt,synthetic,NB,10,10042
synthetic_dataset_with_parallel_drifts_abrupt,2500,KS90,0.6053,0.6055692159448556,0.6053,0.6050663609038806,9,32,0.6053158557459491,1.0,parallel_abrupt,synthetic,NB,10,10042
synthetic_dataset_with_parallel_drifts_abrupt,2500,HD,0.585625,0.591173131649935,0.585625,0.5793335126002931,4,32,0.5857045312101644,1.0,parallel_abrupt,synthetic,NB,10,10042
synthetic_dataset_with_parallel_drifts_abrupt,2500,JS,0.594375,0.5970240267562568,0.594375,0.5916545277624814,5,32,0.5944280961458707,1.0,parallel_abrupt,synthetic,NB,10,10042
synthetic_dataset_with_switching_drifts_incremental,1000,Base,0.6163875,0.6165375112561855,0.6163875,0.6162755008526717,0,80,0.6163986560534322,1.0,switching_incremental,synthetic,NB,10,10042
synthetic_dataset_with_switching_drifts_incremental,1000,KS95,0.61405,0.6140973406934084,0.61405,0.6140164775271797,29,80,0.6140561094387061,1.0,switching_incremental,synthetic,NB,10,10042
synthetic_dataset_with_switching_drifts_incremental,1000,KS90,0.6136875,0.6138081455410321,0.6136875,0.6135957532565292,33,80,0.6136975661622217,1.0,switching_incremental,synthetic,NB,10,10042
synthetic_dataset_with_switching_drifts_incremental,1000,HD,0.6138,0.6141773240868447,0.6138,0.6134997294519033,16,80,0.6138181668381755,1.0,switching_incremental,synthetic,NB,10,10042
synthetic_dataset_with_switching_drifts_incremental,1000,JS,0.6135875,0.6140388867100736,0.6135875,0.6132256837933833,15,80,0.6136074298741392,1.0,switching_incremental,synthetic,NB,10,10042
synthetic_dataset_with_switching_drifts_incremental,1500,Base,0.616525,0.6166292604062955,0.616525,0.6164487873784043,0,53,0.6165342142357055,1.0,switching_incremental,synthetic,NB,10,10042
synthetic_dataset_with_switching_drifts_incremental,1500,KS95,0.6146,0.61470861932512,0.6146,0.6145187143115538,24,53,0.6146094896725094,1.0,switching_incremental,synthetic,NB,10,10042
synthetic_dataset_with_switching_drifts_incremental,1500,KS90,0.6146,0.61470861932512,0.6146,0.6145187143115538,24,53,0.6146094896725094,1.0,switching_incremental,synthetic,NB,10,10042
synthetic_dataset_with_switching_drifts_incremental,1500,HD,0.6128,0.6132247552297019,0.6128,0.6124570477594472,13,53,0.6128193851661903,1.0,switching_incremental,synthetic,NB,10,10042
synthetic_dataset_with_switching_drifts_incremental,1500,JS,0.614025,0.6141998764168869,0.614025,0.6138900235973425,14,53,0.6140372031807183,1.0,switching_incremental,synthetic,NB,10,10042
synthetic_dataset_with_switching_drifts_incremental,2000,Base,0.61565,0.615822682938566,0.61565,0.6155191639143953,0,40,0.6156620413672125,1.0,switching_incremental,synthetic,NB,10,10042
synthetic_dataset_with_switching_drifts_incremental,2000,KS95,0.61455,0.6148351088118481,0.61455,0.614326969931342,18,40,0.6145656809040002,1.0,switching_incremental,synthetic,NB,10,10042
synthetic_dataset_with_switching_drifts_incremental,2000,KS90,0.61455,0.6148351088118481,0.61455,0.614326969931342,18,40,0.6145656809040002,1.0,switching_incremental,synthetic,NB,10,10042
synthetic_dataset_with_switching_drifts_incremental,2000,HD,0.6141875,0.6143049331128152,0.6141875,0.6140988223926465,12,40,0.614197403873403,1.0,switching_incremental,synthetic,NB,10,10042
synthetic_dataset_with_switching_drifts_incremental,2000,JS,0.614675,0.6147556991562091,0.614675,0.6146157844939993,11,40,0.6146831084536133,1.0,switching_incremental,synthetic,NB,10,10042
synthetic_dataset_with_switching_drifts_incremental,2500,Base,0.6161375,0.6162851310634917,0.6161375,0.616027062598077,0,32,0.6161485746977728,1.0,switching_incremental,synthetic,NB,10,10042
synthetic_dataset_with_switching_drifts_incremental,2500,KS95,0.61545,0.6154734191355724,0.61545,0.6154348981868581,18,32,0.6154541275293689,1.0,switching_incremental,synthetic,NB,10,10042
synthetic_dataset_with_switching_drifts_incremental,2500,KS90,0.61545,0.6154734191355724,0.61545,0.6154348981868581,18,32,0.6154541275293689,1.0,switching_incremental,synthetic,NB,10,10042
synthetic_dataset_with_switching_drifts_incremental,2500,HD,0.6192625,0.6193429769490526,0.6192625,0.6191896233498373,9,32,0.6192535560096274,1.0,switching_incremental,synthetic,NB,10,10042
synthetic_dataset_with_switching_drifts_incremental,2500,JS,0.6195375,0.6195640627589241,0.6195375,0.6195112491608297,9,32,0.6195321473773323,1.0,switching_incremental,synthetic,NB,10,10042
synthetic_dataset_with_parallel_drifts_incremental,1000,Base,0.617125,0.617282922423719,0.617125,0.6170077503860575,0,80,0.6171364244901394,1.0,parallel_incremental,synthetic,NB,10,10042
synthetic_dataset_with_parallel_drifts_incremental,1000,KS95,0.6148875,0.6148915889714633,0.6148875,0.6148857397290625,14,80,0.6148889541655831,1.0,parallel_incremental,synthetic,NB,10,10042
synthetic_dataset_with_parallel_drifts_incremental,1000,KS90,0.6145625,0.6147050232500251,0.6145625,0.6144542106822213,16,80,0.6145734440322801,1.0,parallel_incremental,synthetic,NB,10,10042
synthetic_dataset_with_parallel_drifts_incremental,1000,HD,0.6136875,0.6141053333592333,0.6136875,0.6133536296145055,8,80,0.6137066499160596,1.0,parallel_incremental,synthetic,NB,10,10042
synthetic_dataset_with_parallel_drifts_incremental,1000,JS,0.614675,0.6149959061401974,0.614675,0.614423339444872,6,80,0.6146916559572246,1.0,parallel_incremental,synthetic,NB,10,10042
synthetic_dataset_with_parallel_drifts_incremental,1500,Base,0.6177375,0.6178443406665088,0.6177375,0.6176603103160531,0,53,0.6177467878730178,1.0,parallel_incremental,synthetic,NB,10,10042
synthetic_dataset_with_parallel_drifts_incremental,1500,KS95,0.6146875,0.614792512193714,0.6146875,0.614609145630676,12,53,0.6146968190844061,1.0,parallel_incremental,synthetic,NB,10,10042
synthetic_dataset_with_parallel_drifts_incremental,1500,KS90,0.613875,0.6139446654092515,0.613875,0.6138239693804675,14,53,0.613882523115366,1.0,parallel_incremental,synthetic,NB,10,10042
synthetic_dataset_with_parallel_drifts_incremental,1500,HD,0.6124375,0.613074000704683,0.6124375,0.6119166264871235,6,53,0.6124613618899253,1.0,parallel_incremental,synthetic,NB,10,10042
synthetic_dataset_with_parallel_drifts_incremental,1500,JS,0.6124375,0.613074000704683,0.6124375,0.6119166264871235,6,53,0.6124613618899253,1.0,parallel_incremental,synthetic,NB,10,10042
synthetic_dataset_with_parallel_drifts_incremental,2000,Base,0.617425,0.617600145723043,0.617425,0.6172947681398461,0,40,0.6174370421171503,1.0,parallel_incremental,synthetic,NB,10,10042
synthetic_dataset_with_parallel_drifts_incremental,2000,KS95,0.613575,0.6140266994245929,0.613575,0.6132128759890991,7,40,0.6135949379938613,1.0,parallel_incremental,synthetic,NB,10,10042
synthetic_dataset_with_parallel_drifts_incremental,2000,KS90,0.61445,0.6146568814120147,0.61445,0.6142899189027488,9,40,0.6144632921107409,1.0,parallel_incremental,synthetic,NB,10,10042
synthetic_dataset_with_parallel_drifts_incremental,2000,HD,0.613975,0.6141453589025103,0.613975,0.6138435937298151,4,40,0.6139870406595247,1.0,parallel_incremental,synthetic,NB,10,10042
synthetic_dataset_with_parallel_drifts_incremental,2000,JS,0.613975,0.6141453589025103,0.613975,0.6138435937298151,4,40,0.6139870406595247,1.0,parallel_incremental,synthetic,NB,10,10042
synthetic_dataset_with_parallel_drifts_incremental,2500,Base,0.61815,0.6182910608431798,0.61815,0.6180469979020762,0,32,0.6181607261729067,1.0,parallel_incremental,synthetic,NB,10,10042
synthetic_dataset_with_parallel_drifts_incremental,2500,KS95,0.617625,0.6176329849540745,0.617625,0.6176208762881119,7,32,0.6176271946974898,1.0,parallel_incremental,synthetic,NB,10,10042
synthetic_dataset_with_parallel_drifts_incremental,2500,KS90,0.61735,0.6173646155428026,0.61735,0.6173414067085192,9,32,0.6173531370817005,1.0,parallel_incremental,synthetic,NB,10,10042
synthetic_dataset_with_parallel_drifts_incremental,2500,HD,0.6169125,0.6170503809788698,0.6169125,0.6168105757258682,2,32,0.616923152525032,1.0,parallel_incremental,synthetic,NB,10,10042
synthetic_dataset_with_parallel_drifts_incremental,2500,JS,0.6169125,0.6170503809788698,0.6169125,0.6168105757258682,2,32,0.616923152525032,1.0,parallel_incremental,synthetic,NB,10,10042
synthetic_dataset_with_switching_drifts_abrupt,1000,Base,0.5923125,0.5940084733017211,0.5923125,0.5905214917083973,0,80,0.5923555283952108,1.0,switching_abrupt,synthetic,NB,10,10042
synthetic_dataset_with_switching_drifts_abrupt,1000,KS95,0.6063,0.6063001340941427,0.6063,0.6062988358733002,21,80,0.6062989074112884,1.0,switching_abrupt,synthetic,NB,10,10042
synthetic_dataset_with_switching_drifts_abrupt,1000,KS90,0.605625,0.6056424603600786,0.605625,0.6056130027880954,24,80,0.6056286358780987,1.0,switching_abrupt,synthetic,NB,10,10042
synthetic_dataset_with_switching_drifts_abrupt,1000,HD,0.601325,0.6016286171599737,0.601325,0.6010475192847679,17,80,0.6013421865670738,1.0,switching_abrupt,synthetic,NB,10,10042
synthetic_dataset_with_switching_drifts_abrupt,1000,JS,0.600625,0.6011322060605577,0.600625,0.6001505103849762,15,80,0.6006474350235412,1.0,switching_abrupt,synthetic,NB,10,10042
synthetic_dataset_with_switching_drifts_abrupt,1500,Base,0.5923125,0.5937077311405259,0.5923125,0.5908402388482716,0,53,0.5923515308935217,1.0,switching_abrupt,synthetic,NB,10,10042
synthetic_dataset_with_switching_drifts_abrupt,1500,KS95,0.604675,0.6047550808217482,0.604675,0.6046092453251253,24,53,0.6046834292287488,1.0,switching_abrupt,synthetic,NB,10,10042
synthetic_dataset_with_switching_drifts_abrupt,1500,KS90,0.604675,0.6047550808217482,0.604675,0.6046092453251253,24,53,0.6046834292287488,1.0,switching_abrupt,synthetic,NB,10,10042
synthetic_dataset_with_switching_drifts_abrupt,1500,HD,0.5959,0.5965838386871505,0.5959,0.5952171291452664,14,53,0.5959267392790474,1.0,switching_abrupt,synthetic,NB,10,10042
synthetic_dataset_with_switching_drifts_abrupt,1500,JS,0.5959,0.5965838386871505,0.5959,0.5952171291452664,14,53,0.5959267392790474,1.0,switching_abrupt,synthetic,NB,10,10042
synthetic_dataset_with_switching_drifts_abrupt,2000,Base,0.59155,0.5929892605710009,0.59155,0.590015787011297,0,40,0.5915898024466916,1.0,switching_abrupt,synthetic,NB,10,10042
synthetic_dataset_with_switching_drifts_abrupt,2000,KS95,0.5972,0.5976044821102617,0.5972,0.59680756682069,18,40,0.5972203210755856,1.0,switching_abrupt,synthetic,NB,10,10042
synthetic_dataset_with_switching_drifts_abrupt,2000,KS90,0.5972,0.5976044821102617,0.5972,0.59680756682069,18,40,0.5972203210755856,1.0,switching_abrupt,synthetic,NB,10,10042
synthetic_dataset_with_switching_drifts_abrupt,2000,HD,0.5949875,0.5952997141979701,0.5949875,0.5946785108598577,13,40,0.5950054882648188,1.0,switching_abrupt,synthetic,NB,10,10042
synthetic_dataset_with_switching_drifts_abrupt,2000,JS,0.595925,0.59612263875219,0.595925,0.5957351194206596,12,40,0.5959391292842822,1.0,switching_abrupt,synthetic,NB,10,10042
synthetic_dataset_with_switching_drifts_abrupt,2500,Base,0.5911875,0.5924694686382898,0.5911875,0.5898154549547804,0,32,0.5912251329176187,1.0,switching_abrupt,synthetic,NB,10,10042
synthetic_dataset_with_switching_drifts_abrupt,2500,KS95,0.596325,0.5964251715488529,0.596325,0.596232675451731,16,32,0.5963348719514834,1.0,switching_abrupt,synthetic,NB,10,10042
synthetic_dataset_with_switching_drifts_abrupt,2500,KS90,0.596325,0.5964251715488529,0.596325,0.596232675451731,16,32,0.5963348719514834,1.0,switching_abrupt,synthetic,NB,10,10042
synthetic_dataset_with_switching_drifts_abrupt,2500,HD,0.595375,0.5955579316863625,0.595375,0.5951986465980175,9,32,0.5953886090516873,1.0,switching_abrupt,synthetic,NB,10,10042
synthetic_dataset_with_switching_drifts_abrupt,2500,JS,0.59475,0.5948682831042014,0.59475,0.5946376684494162,10,32,0.5947608625364644,1.0,switching_abrupt,synthetic,NB,10,10042
synthetic_dataset_no_drifts,1000,Base,0.624625,0.6246364179763375,0.624625,0.6246131621302847,0,80,0.6246213964025401,1.0,no_drifts,synthetic,NB,10,10042
synthetic_dataset_no_drifts,1000,KS95,0.6193125,0.6193189731216058,0.6193125,0.6193046154761201,6,80,0.6193095847832996,1.0,no_drifts,synthetic,NB,10,10042
synthetic_dataset_no_drifts,1000,KS90,0.619125,0.6191294345616749,0.619125,0.6191231120432383,9,80,0.6191265128309517,1.0,no_drifts,synthetic,NB,10,10042
synthetic_dataset_no_drifts,1000,HD,0.62125,0.62125,0.62125,0.62125,5,80,0.6212498399780574,1.0,no_drifts,synthetic,NB,10,10042
synthetic_dataset_no_drifts,1000,JS,0.6265625,0.6265635349195985,0.6265625,0.6265605424153373,1,80,0.6265610503470439,1.0,no_drifts,synthetic,NB,10,10042
synthetic_dataset_no_drifts,1500,Base,0.6248125,0.6248299047414877,0.6248125,0.624795507555414,0,53,0.6248081733564532,1.0,no_drifts,synthetic,NB,10,10042
synthetic_dataset_no_drifts,1500,KS95,0.6245875,0.6246048658506291,0.6245875,0.6245704973650423,4,53,0.6245831732613907,1.0,no_drifts,synthetic,NB,10,10042
synthetic_dataset_no_drifts,1500,KS90,0.621125,0.6211402984612152,0.621125,0.621109154714814,7,53,0.6211208424235559,1.0,no_drifts,synthetic,NB,10,10042
synthetic_dataset_no_drifts,1500,HD,0.6230375,0.6230717849941219,0.6230375,0.6230161219924419,5,53,0.6230424513604357,1.0,no_drifts,synthetic,NB,10,10042
synthetic_dataset_no_drifts,1500,JS,0.6230375,0.6230717849941219,0.6230375,0.6230161219924419,5,53,0.6230424513604357,1.0,no_drifts,synthetic,NB,10,10042
synthetic_dataset_no_drifts,2000,Base,0.6244125,0.6244125465332214,0.6244125,0.6244125184859531,0,40,0.6244123981892382,1.0,no_drifts,synthetic,NB,10,10042
synthetic_dataset_no_drifts,2000,KS95,0.6257375,0.6257892613139313,0.6257375,0.6256925562830588,2,40,0.6257304274961055,1.0,no_drifts,synthetic,NB,10,10042
synthetic_dataset_no_drifts,2000,KS90,0.6229375,0.6229385808842152,0.6229375,0.6229353904965396,5,40,0.6229360000654601,1.0,no_drifts,synthetic,NB,10,10042
synthetic_dataset_no_drifts,2000,HD,0.6219125,0.6220775253441203,0.6219125,0.6217958874460545,1,40,0.6219239671378761,1.0,no_drifts,synthetic,NB,10,10042
synthetic_dataset_no_drifts,2000,JS,0.6205875,0.6207264882401072,0.6205875,0.6204887091860012,2,40,0.6205980403276721,1.0,no_drifts,synthetic,NB,10,10042
synthetic_dataset_no_drifts,2500,Base,0.6243125,0.6243125061826197,0.6243125,0.624312502993761,0,32,0.6243123493969676,1.0,no_drifts,synthetic,NB,10,10042
synthetic_dataset_no_drifts,2500,KS95,0.62355,0.6235707945679821,0.62355,0.623529839922682,2,32,0.6235452909478855,1.0,no_drifts,synthetic,NB,10,10042
synthetic_dataset_no_drifts,2500,KS90,0.6246125,0.6246224662280234,0.6246125,0.6246019448824751,3,32,0.6246090995223446,1.0,no_drifts,synthetic,NB,10,10042
synthetic_dataset_no_drifts,2500,HD,0.6233375,0.6233401818982608,0.6233375,0.6233366201974476,1,32,0.6233385677355449,1.0,no_drifts,synthetic,NB,10,10042
synthetic_dataset_no_drifts,2500,JS,0.6233375,0.6233401818982608,0.6233375,0.6233366201974476,1,32,0.6233385677355449,1.0,no_drifts,synthetic,NB,10,10042
synthetic_dataset_with_parallel_drifts_abrupt,1000,Base,0.6326875,0.6364067000288185,0.6326875,0.6301772873893621,0,80,0.6326998611107469,1.0,parallel_abrupt,synthetic,NB,17,17042
synthetic_dataset_with_parallel_drifts_abrupt,1000,KS95,0.613625,0.613807500196653,0.613625,0.6134668900826091,12,80,0.6136219688064943,1.0,parallel_abrupt,synthetic,NB,17,17042
synthetic_dataset_with_parallel_drifts_abrupt,1000,KS90,0.6124625,0.612634400146707,0.6124625,0.6123114703354396,13,80,0.6124595419053397,1.0,parallel_abrupt,synthetic,NB,17,17042
synthetic_dataset_with_parallel_drifts_abrupt,1000,HD,0.6257,0.6273395035170842,0.6257,0.6244991973288777,4,80,0.6257084853284409,1.0,parallel_abrupt,synthetic,NB,17,17042
synthetic_dataset_with_parallel_drifts_abrupt,1000,JS,0.6257,0.6273395035170842,0.6257,0.6244991973288777,4,80,0.6257084853284409,1.0,parallel_abrupt,synthetic,NB,17,17042
synthetic_dataset_with_parallel_drifts_abrupt,1500,Base,0.631975,0.6350294232288844,0.631975,0.6298917786200652,0,53,0.6319862567196909,1.0,parallel_abrupt,synthetic,NB,17,17042
synthetic_dataset_with_parallel_drifts_abrupt,1500,KS95,0.61435,0.614358854491773,0.61435,0.6143431991875612,10,53,0.6143506325728892,1.0,parallel_abrupt,synthetic,NB,17,17042
synthetic_dataset_with_parallel_drifts_abrupt,1500,KS90,0.6113875,0.6114171436617558,0.6113875,0.6113603240326387,13,53,0.6113862481311906,1.0,parallel_abrupt,synthetic,NB,17,17042
synthetic_dataset_with_parallel_drifts_abrupt,1500,HD,0.62295,0.624896004824892,0.62295,0.6214844221638245,7,53,0.6229593365165852,1.0,parallel_abrupt,synthetic,NB,17,17042
synthetic_dataset_with_parallel_drifts_abrupt,1500,JS,0.626575,0.6348913263061573,0.626575,0.6207460529112874,4,53,0.626593599098356,1.0,parallel_abrupt,synthetic,NB,17,17042
synthetic_dataset_with_parallel_drifts_abrupt,2000,Base,0.6316125,0.6341573288517098,0.6316125,0.6298662390911786,0,40,0.631622806086513,1.0,parallel_abrupt,synthetic,NB,17,17042
synthetic_dataset_with_parallel_drifts_abrupt,2000,KS95,0.6178125,0.6191747273527081,0.6178125,0.6167252008885103,8,40,0.617820492025961,1.0,parallel_abrupt,synthetic,NB,17,17042
synthetic_dataset_with_parallel_drifts_abrupt,2000,KS90,0.6178125,0.6191747273527081,0.6178125,0.6167252008885103,8,40,0.617820492025961,1.0,parallel_abrupt,synthetic,NB,17,17042
synthetic_dataset_with_parallel_drifts_abrupt,2000,HD,0.6103,0.6105006584415791,0.6103,0.6101264271270654,5,40,0.6103031674818213,1.0,parallel_abrupt,synthetic,NB,17,17042
synthetic_dataset_with_parallel_drifts_abrupt,2000,JS,0.6060875,0.6061707109217891,0.6060875,0.6060079175533952,9,40,0.6060853705119209,1.0,parallel_abrupt,synthetic,NB,17,17042
synthetic_dataset_with_parallel_drifts_abrupt,2500,Base,0.631225,0.6332310002629461,0.631225,0.6298397341711299,0,32,0.631234179202769,1.0,parallel_abrupt,synthetic,NB,17,17042
synthetic_dataset_with_parallel_drifts_abrupt,2500,KS95,0.6141375,0.6142701964575995,0.6141375,0.6140280788638027,8,32,0.6141400281931507,1.0,parallel_abrupt,synthetic,NB,17,17042
synthetic_dataset_with_parallel_drifts_abrupt,2500,KS90,0.6141375,0.6142701964575995,0.6141375,0.6140280788638027,8,32,0.6141400281931507,1.0,parallel_abrupt,synthetic,NB,17,17042
synthetic_dataset_with_parallel_drifts_abrupt,2500,HD,0.613475,0.6174891781856832,0.613475,0.610159277003373,5,32,0.6134888363034989,1.0,parallel_abrupt,synthetic,NB,17,17042
synthetic_dataset_with_parallel_drifts_abrupt,2500,JS,0.6176375,0.632686357794182,0.6176375,0.6065036280036207,4,32,0.6176627345224115,1.0,parallel_abrupt,synthetic,NB,17,17042
synthetic_dataset_with_switching_drifts_incremental,1000,Base,0.6136375,0.6147940377536983,0.6136375,0.6126540620724834,0,80,0.6136299444316737,1.0,switching_incremental,synthetic,NB,17,17042
synthetic_dataset_with_switching_drifts_incremental,1000,KS95,0.62465,0.6246681685939275,0.62465,0.624635456487018,31,80,0.6246490690546042,1.0,switching_incremental,synthetic,NB,17,17042
synthetic_dataset_with_switching_drifts_incremental,1000,KS90,0.6201875,0.6205214426231491,0.6201875,0.619920338267859,35,80,0.6201835258291293,1.0,switching_incremental,synthetic,NB,17,17042
synthetic_dataset_with_switching_drifts_incremental,1000,HD,0.6229,0.6231816883085459,0.6229,0.6226808505925624,13,80,0.6228963877651686,1.0,switching_incremental,synthetic,NB,17,17042
synthetic_dataset_with_switching_drifts_incremental,1000,JS,0.6229,0.6231816883085459,0.6229,0.6226808505925624,13,80,0.6228963877651686,1.0,switching_incremental,synthetic,NB,17,17042
synthetic_dataset_with_switching_drifts_incremental,1500,Base,0.6132375,0.6145371741161295,0.6132375,0.6121288649098163,0,53,0.6132294831726633,1.0,switching_incremental,synthetic,NB,17,17042
synthetic_dataset_with_switching_drifts_incremental,1500,KS95,0.6180625,0.6185349609056502,0.6180625,0.61767679109,24,53,0.6180577382812992,1.0,switching_incremental,synthetic,NB,17,17042
synthetic_dataset_with_switching_drifts_incremental,1500,KS90,0.6178,0.6182495457732601,0.6178,0.6174317591347528,28,53,0.6177953489003953,1.0,switching_incremental,synthetic,NB,17,17042
synthetic_dataset_with_switching_drifts_incremental,1500,HD,0.6238375,0.6238955520565967,0.6238375,0.6237918773414365,13,53,0.6238358509113067,1.0,switching_incremental,synthetic,NB,17,17042
synthetic_dataset_with_switching_drifts_incremental,1500,JS,0.62455,0.6245893534489115,0.62455,0.6245190791037252,12,53,0.6245486415523444,1.0,switching_incremental,synthetic,NB,17,17042
synthetic_dataset_with_switching_drifts_incremental,2000,Base,0.6117,0.6130679720320016,0.6117,0.6105132105238896,0,40,0.6116917225130637,1.0,switching_incremental,synthetic,NB,17,17042
synthetic_dataset_with_switching_drifts_incremental,2000,KS95,0.6155125,0.6157272305567334,0.6155125,0.6153307380701472,20,40,0.615509241973958,1.0,switching_incremental,synthetic,NB,17,17042
synthetic_dataset_with_switching_drifts_incremental,2000,KS90,0.6155125,0.6157272305567334,0.6155125,0.6153307380701472,20,40,0.615509241973958,1.0,switching_incremental,synthetic,NB,17,17042
synthetic_dataset_with_switching_drifts_incremental,2000,HD,0.611775,0.6122469217871288,0.611775,0.6113613368074599,13,40,0.6117701087648275,1.0,switching_incremental,synthetic,NB,17,17042
synthetic_dataset_with_switching_drifts_incremental,2000,JS,0.611775,0.6122469217871288,0.611775,0.6113613368074599,13,40,0.6117701087648275,1.0,switching_incremental,synthetic,NB,17,17042
synthetic_dataset_with_switching_drifts_incremental,2500,Base,0.6100875,0.6116012627460812,0.6100875,0.6087513994277541,0,32,0.6100787368517715,1.0,switching_incremental,synthetic,NB,17,17042
synthetic_dataset_with_switching_drifts_incremental,2500,KS95,0.614825,0.6151632960448873,0.614825,0.6145377198057751,19,32,0.6148209075834704,1.0,switching_incremental,synthetic,NB,17,17042
synthetic_dataset_with_switching_drifts_incremental,2500,KS90,0.614825,0.6151632960448873,0.614825,0.6145377198057751,19,32,0.6148209075834704,1.0,switching_incremental,synthetic,NB,17,17042
synthetic_dataset_with_switching_drifts_incremental,2500,HD,0.607575,0.609154223315454,0.607575,0.606140504683823,9,32,0.6075659499202339,1.0,switching_incremental,synthetic,NB,17,17042
synthetic_dataset_with_switching_drifts_incremental,2500,JS,0.609125,0.6101644231545875,0.609125,0.6081928860047756,9,32,0.609117686205148,1.0,switching_incremental,synthetic,NB,17,17042
synthetic_dataset_with_parallel_drifts_incremental,1000,Base,0.6231375,0.6231760640814539,0.6231375,0.6231067187892015,0,80,0.6231361471455633,1.0,parallel_incremental,synthetic,NB,17,17042
synthetic_dataset_with_parallel_drifts_incremental,1000,KS95,0.618475,0.6186331200334437,0.618475,0.6183450854987754,16,80,0.6184722351656253,1.0,parallel_incremental,synthetic,NB,17,17042
synthetic_dataset_with_parallel_drifts_incremental,1000,KS90,0.6173125,0.6174607802509745,0.6173125,0.6171889873075598,17,80,0.6173098082644707,1.0,parallel_incremental,synthetic,NB,17,17042
synthetic_dataset_with_parallel_drifts_incremental,1000,HD,0.6218125,0.6218233545383813,0.6218125,0.6218033752313892,6,80,0.6218117658657648,1.0,parallel_incremental,synthetic,NB,17,17042
synthetic_dataset_with_parallel_drifts_incremental,1000,JS,0.6218125,0.6218233545383813,0.6218125,0.6218033752313892,6,80,0.6218117658657648,1.0,parallel_incremental,synthetic,NB,17,17042
synthetic_dataset_with_parallel_drifts_incremental,1500,Base,0.6214625,0.621563263869652,0.6214625,0.6213819338619886,0,53,0.621460314607857,1.0,parallel_incremental,synthetic,NB,17,17042
synthetic_dataset_with_parallel_drifts_incremental,1500,KS95,0.6147375,0.6148665836017386,0.6147374999999999,0.6146266197866038,11,53,0.6147349582065366,1.0,parallel_incremental,synthetic,NB,17,17042
synthetic_dataset_with_parallel_drifts_incremental,1500,KS90,0.614275,0.6144022127532768,0.614275,0.614165129382897,14,53,0.6142724713211307,1.0,parallel_incremental,synthetic,NB,17,17042
synthetic_dataset_with_parallel_drifts_incremental,1500,HD,0.6267625,0.6269565392361718,0.6267625,0.6266225208963598,6,53,0.6267654072272216,1.0,parallel_incremental,synthetic,NB,17,17042
synthetic_dataset_with_parallel_drifts_incremental,1500,JS,0.6267625,0.6269565392361718,0.6267625,0.6266225208963598,6,53,0.6267654072272216,1.0,parallel_incremental,synthetic,NB,17,17042
synthetic_dataset_with_parallel_drifts_incremental,2000,Base,0.619125,0.6192888362063139,0.619125,0.6189914103915888,0,40,0.6191221939302494,1.0,parallel_incremental,synthetic,NB,17,17042
synthetic_dataset_with_parallel_drifts_incremental,2000,KS95,0.619925,0.6199257058647165,0.619925,0.6199246028212665,8,40,0.619925156448316,1.0,parallel_incremental,synthetic,NB,17,17042
synthetic_dataset_with_parallel_drifts_incremental,2000,KS90,0.619925,0.6199257058647165,0.619925,0.6199246028212665,8,40,0.619925156448316,1.0,parallel_incremental,synthetic,NB,17,17042
synthetic_dataset_with_parallel_drifts_incremental,2000,HD,0.6216,0.6216321779804602,0.6216,0.621573775029566,8,40,0.621598753985972,1.0,parallel_incremental,synthetic,NB,17,17042
synthetic_dataset_with_parallel_drifts_incremental,2000,JS,0.6134625,0.6140665563045834,0.6134625,0.612944369182399,9,40,0.6134570144277829,1.0,parallel_incremental,synthetic,NB,17,17042
synthetic_dataset_with_parallel_drifts_incremental,2500,Base,0.6177875,0.6180530940490068,0.6177875,0.6175688242900932,0,32,0.6177839157751381,1.0,parallel_incremental,synthetic,NB,17,17042
synthetic_dataset_with_parallel_drifts_incremental,2500,KS95,0.6163125,0.6164224198793741,0.6163125,0.6162195536147463,8,32,0.6163101682419788,1.0,parallel_incremental,synthetic,NB,17,17042
synthetic_dataset_with_parallel_drifts_incremental,2500,KS90,0.6163125,0.6164224198793741,0.6163125,0.6162195536147463,8,32,0.6163101682419788,1.0,parallel_incremental,synthetic,NB,17,17042
synthetic_dataset_with_parallel_drifts_incremental,2500,HD,0.6230875,0.62309778913759,0.6230875,0.6230789530145882,2,32,0.6230867883944526,1.0,parallel_incremental,synthetic,NB,17,17042
synthetic_dataset_with_parallel_drifts_incremental,2500,JS,0.6230875,0.62309778913759,0.6230875,0.6230789530145882,2,32,0.6230867883944526,1.0,parallel_incremental,synthetic,NB,17,17042
synthetic_dataset_with_switching_drifts_abrupt,1000,Base,0.6158,0.6165686532296488,0.6158,0.6151593771424761,0,80,0.6157938826053624,1.0,switching_abrupt,synthetic,NB,17,17042
synthetic_dataset_with_switching_drifts_abrupt,1000,KS95,0.6203125,0.6203204623901951,0.6203125,0.6203056034994002,22,80,0.6203118633320168,1.0,switching_abrupt,synthetic,NB,17,17042
synthetic_dataset_with_switching_drifts_abrupt,1000,KS90,0.614775,0.615256721688906,0.614775,0.614367048474687,27,80,0.6147701238323278,1.0,switching_abrupt,synthetic,NB,17,17042
synthetic_dataset_with_switching_drifts_abrupt,1000,HD,0.6218125,0.6220878731719175,0.6218125,0.6215956741907143,15,80,0.6218089121157006,1.0,switching_abrupt,synthetic,NB,17,17042
synthetic_dataset_with_switching_drifts_abrupt,1000,JS,0.6218125,0.6220878731719175,0.6218125,0.6215956741907143,15,80,0.6218089121157006,1.0,switching_abrupt,synthetic,NB,17,17042
synthetic_dataset_with_switching_drifts_abrupt,1500,Base,0.6144125,0.6154583666376795,0.6144125,0.6135299353464497,0,53,0.61440533444912,1.0,switching_abrupt,synthetic,NB,17,17042
synthetic_dataset_with_switching_drifts_abrupt,1500,KS95,0.6141875,0.6146881855951015,0.6141875,0.6137608094763802,23,53,0.6141825169441065,1.0,switching_abrupt,synthetic,NB,17,17042
synthetic_dataset_with_switching_drifts_abrupt,1500,KS90,0.613225,0.6138075522401432,0.613225,0.612723786350363,27,53,0.6132196062974411,1.0,switching_abrupt,synthetic,NB,17,17042
synthetic_dataset_with_switching_drifts_abrupt,1500,HD,0.6132,0.6140562890174281,0.6132,0.6124658427404158,15,53,0.6131934737968532,1.0,switching_abrupt,synthetic,NB,17,17042
synthetic_dataset_with_switching_drifts_abrupt,1500,JS,0.613725,0.6142007883453242,0.613725,0.6133171945886472,14,53,0.613720131308703,1.0,switching_abrupt,synthetic,NB,17,17042
synthetic_dataset_with_switching_drifts_abrupt,2000,Base,0.6141,0.6152305150644684,0.6141,0.6131434629869462,0,40,0.6140925438170823,1.0,switching_abrupt,synthetic,NB,17,17042
synthetic_dataset_with_switching_drifts_abrupt,2000,KS95,0.6070125,0.6072257851793491,0.6070125,0.6068132295049652,20,40,0.6070091255327053,1.0,switching_abrupt,synthetic,NB,17,17042
synthetic_dataset_with_switching_drifts_abrupt,2000,KS90,0.6070125,0.6072257851793491,0.6070125,0.6068132295049652,20,40,0.6070091255327053,1.0,switching_abrupt,synthetic,NB,17,17042
synthetic_dataset_with_switching_drifts_abrupt,2000,HD,0.60415,0.6047120960165622,0.60415,0.6036117347041859,13,40,0.6041444748432507,1.0,switching_abrupt,synthetic,NB,17,17042
synthetic_dataset_with_switching_drifts_abrupt,2000,JS,0.60415,0.6047120960165622,0.60415,0.6036117347041859,13,40,0.6041444748432507,1.0,switching_abrupt,synthetic,NB,17,17042
synthetic_dataset_with_switching_drifts_abrupt,2500,Base,0.6142125,0.6155953855186305,0.6142125,0.6130467426112531,0,32,0.6142042694445962,1.0,switching_abrupt,synthetic,NB,17,17042
synthetic_dataset_with_switching_drifts_abrupt,2500,KS95,0.60835,0.6086290013819485,0.60835,0.6080941641116686,17,32,0.6083461699377888,1.0,switching_abrupt,synthetic,NB,17,17042
synthetic_dataset_with_switching_drifts_abrupt,2500,KS90,0.60835,0.6086290013819485,0.60835,0.6080941641116686,17,32,0.6083461699377888,1.0,switching_abrupt,synthetic,NB,17,17042
synthetic_dataset_with_switching_drifts_abrupt,2500,HD,0.606925,0.6076003900692094,0.606925,0.6063005791388698,10,32,0.6069190286556781,1.0,switching_abrupt,synthetic,NB,17,17042
synthetic_dataset_with_switching_drifts_abrupt,2500,JS,0.6097875,0.6100044409832284,0.6097875,0.609591391421287,10,32,0.6097841405951432,1.0,switching_abrupt,synthetic,NB,17,17042
synthetic_dataset_no_drifts,1000,Base,0.6120375,0.6131536778171855,0.6120375,0.6110705116507749,0,80,0.6120300231456756,1.0,no_drifts,synthetic,NB,17,17042
synthetic_dataset_no_drifts,1000,KS95,0.6117125,0.612720564382115,0.6117125,0.6108349042534225,6,80,0.6117053793883711,1.0,no_drifts,synthetic,NB,17,17042
synthetic_dataset_no_drifts,1000,KS90,0.61055,0.6115268537749554,0.61055,0.6096877964496286,7,80,0.6105429524872164,1.0,no_drifts,synthetic,NB,17,17042
synthetic_dataset_no_drifts,1000,HD,0.6092125,0.6107735874003798,0.6092125,0.6078211602601442,5,80,0.6092035680820802,1.0,no_drifts,synthetic,NB,17,17042
synthetic_dataset_no_drifts,1000,JS,0.6092125,0.6107735874003798,0.6092125,0.6078211602601442,5,80,0.6092035680820802,1.0,no_drifts,synthetic,NB,17,17042
synthetic_dataset_no_drifts,1500,Base,0.6107125,0.6119375899090079,0.6107125,0.6096360406278406,0,53,0.610704625615854,1.0,no_drifts,synthetic,NB,17,17042
synthetic_dataset_no_drifts,1500,KS95,0.6089375,0.6102683654597971,0.6089375,0.6077449806232841,4,53,0.6089292318259077,1.0,no_drifts,synthetic,NB,17,17042
synthetic_dataset_no_drifts,1500,KS90,0.6118875,0.6129188202724459,0.6118875,0.6109916873267157,6,53,0.6118803043923069,1.0,no_drifts,synthetic,NB,17,17042
synthetic_dataset_no_drifts,1500,HD,0.6181125,0.6189758467213903,0.6181125,0.617412067078978,3,53,0.6181060845323869,1.0,no_drifts,synthetic,NB,17,17042
synthetic_dataset_no_drifts,1500,JS,0.6181125,0.6189758467213903,0.6181125,0.617412067078978,3,53,0.6181060845323869,1.0,no_drifts,synthetic,NB,17,17042
synthetic_dataset_no_drifts,2000,Base,0.610175,0.6114160035283598,0.610175,0.6090779290709166,0,40,0.6101670562287589,1.0,no_drifts,synthetic,NB,17,17042
synthetic_dataset_no_drifts,2000,KS95,0.6094375,0.610636714762161,0.6094375,0.6083678017962717,2,40,0.6094296630871674,1.0,no_drifts,synthetic,NB,17,17042
synthetic_dataset_no_drifts,2000,KS90,0.615375,0.6159245424306978,0.615375,0.6149133229561632,3,40,0.6153698088458207,1.0,no_drifts,synthetic,NB,17,17042
synthetic_dataset_no_drifts,2000,HD,0.6135875,0.6148936935198495,0.6135875,0.6124777894411413,5,40,0.6135794756805382,1.0,no_drifts,synthetic,NB,17,17042
synthetic_dataset_no_drifts,2000,JS,0.6135875,0.6148936935198495,0.6135875,0.6124777894411413,5,40,0.6135794756805382,1.0,no_drifts,synthetic,NB,17,17042
synthetic_dataset_no_drifts,2500,Base,0.608675,0.6100352628133243,0.608675,0.6074527411168722,0,32,0.6086666324449992,1.0,no_drifts,synthetic,NB,17,17042
synthetic_dataset_no_drifts,2500,KS95,0.6094,0.6106145707975998,0.6094,0.6083162988436156,2,32,0.6093921124613225,1.0,no_drifts,synthetic,NB,17,17042
synthetic_dataset_no_drifts,2500,KS90,0.6144375,0.6150234567249926,0.6144375,0.6139402883006737,3,32,0.6144321194497226,1.0,no_drifts,synthetic,NB,17,17042
synthetic_dataset_no_drifts,2500,HD,0.615875,0.6163905238613927,0.615875,0.6154440759996179,2,32,0.6158699813570746,1.0,no_drifts,synthetic,NB,17,17042
synthetic_dataset_no_drifts,2500,JS,0.6150375,0.6159912162633827,0.6150375,0.6142375550382865,3,32,0.6150306719631901,1.0,no_drifts,synthetic,NB,17,17042
synthetic_dataset_with_parallel_drifts_abrupt,1000,Base,0.8176,0.8184238558614432,0.8176,0.8174738270401669,0,80,0.817565073762347,1.0,parallel_abrupt,synthetic,NB,28,28042
synthetic_dataset_with_parallel_drifts_abrupt,1000,KS95,0.82055,0.8206390843563997,0.82055,0.8205348916406052,10,80,0.8205381641808043,1.0,parallel_abrupt,synthetic,NB,28,28042
synthetic_dataset_with_parallel_drifts_abrupt,1000,KS90,0.820075,0.8201077424296489,0.820075,0.8200687653271675,14,80,0.8200675845731729,1.0,parallel_abrupt,synthetic,NB,28,28042
synthetic_dataset_with_parallel_drifts_abrupt,1000,HD,0.819275,0.8198464690791372,0.819275,0.8191875664883963,4,80,0.8192458818256196,1.0,parallel_abrupt,synthetic,NB,28,28042
synthetic_dataset_with_parallel_drifts_abrupt,1000,JS,0.819275,0.8198464690791372,0.819275,0.8191875664883963,4,80,0.8192458818256196,1.0,parallel_abrupt,synthetic,NB,28,28042
synthetic_dataset_with_parallel_drifts_abrupt,1500,Base,0.8163375,0.8170195971635087,0.8163375,0.8162311773127744,0,53,0.8163055920919416,1.0,parallel_abrupt,synthetic,NB,28,28042
synthetic_dataset_with_parallel_drifts_abrupt,1500,KS95,0.8158125,0.8159209488436058,0.8158125,0.8157936529691003,9,53,0.815799389919388,1.0,parallel_abrupt,synthetic,NB,28,28042
synthetic_dataset_with_parallel_drifts_abrupt,1500,KS90,0.8158,0.8158881208175466,0.8158,0.8157844068627166,12,53,0.815788121773852,1.0,parallel_abrupt,synthetic,NB,28,28042
synthetic_dataset_with_parallel_drifts_abrupt,1500,HD,0.8142125,0.8152522796663667,0.8142125,0.8140497935174775,4,53,0.8141731294555284,1.0,parallel_abrupt,synthetic,NB,28,28042
synthetic_dataset_with_parallel_drifts_abrupt,1500,JS,0.8142125,0.8152522796663667,0.8142125,0.8140497935174775,4,53,0.8141731294555284,1.0,parallel_abrupt,synthetic,NB,28,28042
synthetic_dataset_with_parallel_drifts_abrupt,2000,Base,0.8159125,0.8164032347224154,0.8159125,0.8158347135755611,0,40,0.8158853163259889,1.0,parallel_abrupt,synthetic,NB,28,28042
synthetic_dataset_with_parallel_drifts_abrupt,2000,KS95,0.8165625,0.8166959930271972,0.8165625,0.8165398261108536,7,40,0.8165480412838052,1.0,parallel_abrupt,synthetic,NB,28,28042
synthetic_dataset_with_parallel_drifts_abrupt,2000,KS90,0.816225,0.8162740377137147,0.816225,0.8162158190797419,10,40,0.8162159913036442,1.0,parallel_abrupt,synthetic,NB,28,28042
synthetic_dataset_with_parallel_drifts_abrupt,2000,HD,0.8164875,0.8168955490010945,0.8164875,0.8164226120333073,5,40,0.816462679878234,1.0,parallel_abrupt,synthetic,NB,28,28042
synthetic_dataset_with_parallel_drifts_abrupt,2000,JS,0.8164875,0.8168955490010945,0.8164875,0.8164226120333073,5,40,0.816462679878234,1.0,parallel_abrupt,synthetic,NB,28,28042
synthetic_dataset_with_parallel_drifts_abrupt,2500,Base,0.815225,0.8155877640989304,0.815225,0.8151663554407745,0,32,0.8152015107047533,1.0,parallel_abrupt,synthetic,NB,28,28042
synthetic_dataset_with_parallel_drifts_abrupt,2500,KS95,0.812125,0.8121748561181646,0.812125,0.8121153455618209,7,32,0.8121158488311344,1.0,parallel_abrupt,synthetic,NB,28,28042
synthetic_dataset_with_parallel_drifts_abrupt,2500,KS90,0.812175,0.8122172807391794,0.812175,0.812166653659553,9,32,0.8121665239234899,1.0,parallel_abrupt,synthetic,NB,28,28042
synthetic_dataset_with_parallel_drifts_abrupt,2500,HD,0.81095,0.811034525405993,0.81095,0.8109343432658271,9,32,0.8109382479349568,1.0,parallel_abrupt,synthetic,NB,28,28042
synthetic_dataset_with_parallel_drifts_abrupt,2500,JS,0.810975,0.8118065832427618,0.810975,0.8108402310977137,4,32,0.8109395216872783,1.0,parallel_abrupt,synthetic,NB,28,28042
synthetic_dataset_with_switching_drifts_incremental,1000,Base,0.803575,0.8036926357973109,0.803575,0.8035593542912284,0,80,0.8035876357884661,1.0,switching_incremental,synthetic,NB,28,28042
synthetic_dataset_with_switching_drifts_incremental,1000,KS95,0.807175,0.8075469359381496,0.807175,0.8071106659034651,30,80,0.8071508885324944,1.0,switching_incremental,synthetic,NB,28,28042
synthetic_dataset_with_switching_drifts_incremental,1000,KS90,0.8074375,0.8079860603495108,0.8074375,0.8073444455738552,33,80,0.8074083771267672,1.0,switching_incremental,synthetic,NB,28,28042
synthetic_dataset_with_switching_drifts_incremental,1000,HD,0.8013125,0.8014352025607604,0.8013125,0.8012886006968721,16,80,0.8012982159909987,1.0,switching_incremental,synthetic,NB,28,28042
synthetic_dataset_with_switching_drifts_incremental,1000,JS,0.8012125,0.8012418440973202,0.8012125,0.8012058163254749,14,80,0.8012051683214192,1.0,switching_incremental,synthetic,NB,28,28042
synthetic_dataset_with_switching_drifts_incremental,1500,Base,0.803175,0.803242607083911,0.803175,0.8031665805175429,0,53,0.8031844288036215,1.0,switching_incremental,synthetic,NB,28,28042
synthetic_dataset_with_switching_drifts_incremental,1500,KS95,0.7991,0.7991412608934316,0.7991,0.7990951190442511,25,53,0.7991072613729838,1.0,switching_incremental,synthetic,NB,28,28042
synthetic_dataset_with_switching_drifts_incremental,1500,KS90,0.7991,0.7991105396390189,0.7991,0.7990992265334841,26,53,0.7991033463658487,1.0,switching_incremental,synthetic,NB,28,28042
synthetic_dataset_with_switching_drifts_incremental,1500,HD,0.7935125,0.7936909056029259,0.7935125,0.7934764039992118,15,53,0.793495164269937,1.0,switching_incremental,synthetic,NB,28,28042
synthetic_dataset_with_switching_drifts_incremental,1500,JS,0.7935125,0.7936909056029259,0.7935125,0.7934764039992118,15,53,0.793495164269937,1.0,switching_incremental,synthetic,NB,28,28042
synthetic_dataset_with_switching_drifts_incremental,2000,Base,0.8039125,0.8039729625519689,0.8039125,0.8039051424222503,0,40,0.803921373271703,1.0,switching_incremental,synthetic,NB,28,28042
synthetic_dataset_with_switching_drifts_incremental,2000,KS95,0.7938875,0.7940356626131243,0.7938875,0.7938572246719408,20,40,0.7938716499560821,1.0,switching_incremental,synthetic,NB,28,28042
synthetic_dataset_with_switching_drifts_incremental,2000,KS90,0.7938875,0.7940356626131243,0.7938875,0.7938572246719408,20,40,0.7938716499560821,1.0,switching_incremental,synthetic,NB,28,28042
synthetic_dataset_with_switching_drifts_incremental,2000,HD,0.794525,0.7945289214017474,0.794525,0.794523539697729,12,40,0.7945218242660247,1.0,switching_incremental,synthetic,NB,28,28042
synthetic_dataset_with_switching_drifts_incremental,2000,JS,0.794525,0.7945289214017474,0.794525,0.794523539697729,12,40,0.7945218242660247,1.0,switching_incremental,synthetic,NB,28,28042
synthetic_dataset_with_switching_drifts_incremental,2500,Base,0.8034625,0.8035182662880854,0.8034625,0.8034557768529267,0,32,0.8034710012008996,1.0,switching_incremental,synthetic,NB,28,28042
synthetic_dataset_with_switching_drifts_incremental,2500,KS95,0.78795,0.7882252135662507,0.78795,0.7878932208899208,17,32,0.7879284184995425,1.0,switching_incremental,synthetic,NB,28,28042
synthetic_dataset_with_switching_drifts_incremental,2500,KS90,0.788475,0.7888278820830321,0.788475,0.7884034564405517,18,32,0.7884506857013747,1.0,switching_incremental,synthetic,NB,28,28042
synthetic_dataset_with_switching_drifts_incremental,2500,HD,0.801025,0.8010287255720346,0.801025,0.8010249383177475,10,32,0.8010267298712151,1.0,switching_incremental,synthetic,NB,28,28042
synthetic_dataset_with_switching_drifts_incremental,2500,JS,0.801025,0.8010287255720346,0.801025,0.8010249383177475,10,32,0.8010267298712151,1.0,switching_incremental,synthetic,NB,28,28042
synthetic_dataset_with_parallel_drifts_incremental,1000,Base,0.8249875,0.8253474398931445,0.8249875,0.8249340410677279,0,80,0.8249644841227722,1.0,parallel_incremental,synthetic,NB,28,28042
synthetic_dataset_with_parallel_drifts_incremental,1000,KS95,0.8241125,0.8244376679078512,0.8241125,0.8240635855338369,14,80,0.8240905625300502,1.0,parallel_incremental,synthetic,NB,28,28042
synthetic_dataset_with_parallel_drifts_incremental,1000,KS90,0.8238625,0.8241006406134765,0.8238625,0.8238259846315367,17,80,0.8238436333300216,1.0,parallel_incremental,synthetic,NB,28,28042
synthetic_dataset_with_parallel_drifts_incremental,1000,HD,0.825775,0.826111841682654,0.825775,0.8257251562103877,6,80,0.8257527449343776,1.0,parallel_incremental,synthetic,NB,28,28042
synthetic_dataset_with_parallel_drifts_incremental,1000,JS,0.8261,0.8263639590967581,0.8261,0.8260605496938584,5,80,0.8260802430312431,1.0,parallel_incremental,synthetic,NB,28,28042
synthetic_dataset_with_parallel_drifts_incremental,1500,Base,0.824775,0.8251191608115168,0.824775,0.8247236761062875,0,53,0.8247524731113822,1.0,parallel_incremental,synthetic,NB,28,28042
synthetic_dataset_with_parallel_drifts_incremental,1500,KS95,0.823675,0.8240179198482896,0.823675,0.823623353913204,9,53,0.8236524711066286,1.0,parallel_incremental,synthetic,NB,28,28042
synthetic_dataset_with_parallel_drifts_incremental,1500,KS90,0.8235625,0.8239294432618186,0.8235625,0.8235073637400646,13,53,0.8235392115252129,1.0,parallel_incremental,synthetic,NB,28,28042
synthetic_dataset_with_parallel_drifts_incremental,1500,HD,0.8225375,0.8227711009306078,0.8225375,0.8225012199297378,8,53,0.8225187659154509,1.0,parallel_incremental,synthetic,NB,28,28042
synthetic_dataset_with_parallel_drifts_incremental,1500,JS,0.8225375,0.8227711009306078,0.8225375,0.8225012199297378,8,53,0.8225187659154509,1.0,parallel_incremental,synthetic,NB,28,28042
synthetic_dataset_with_parallel_drifts_incremental,2000,Base,0.824675,0.824978998636112,0.824675,0.8246293382516844,0,40,0.8246537891815306,1.0,parallel_incremental,synthetic,NB,28,28042
synthetic_dataset_with_parallel_drifts_incremental,2000,KS95,0.8255,0.8259829127913874,0.8255,0.8254295493550202,7,40,0.8254734581753775,1.0,parallel_incremental,synthetic,NB,28,28042
synthetic_dataset_with_parallel_drifts_incremental,2000,KS90,0.825025,0.8253383805790072,0.825025,0.8249781481971887,10,40,0.8250034860688533,1.0,parallel_incremental,synthetic,NB,28,28042
synthetic_dataset_with_parallel_drifts_incremental,2000,HD,0.82455,0.825225884228275,0.82455,0.824451888753805,5,40,0.824518663935265,1.0,parallel_incremental,synthetic,NB,28,28042
synthetic_dataset_with_parallel_drifts_incremental,2000,JS,0.82455,0.825225884228275,0.82455,0.824451888753805,5,40,0.824518663935265,1.0,parallel_incremental,synthetic,NB,28,28042
synthetic_dataset_with_parallel_drifts_incremental,2500,Base,0.824225,0.8244560036978426,0.824225,0.8241896289900956,0,32,0.8242064208662019,1.0,parallel_incremental,synthetic,NB,28,28042
synthetic_dataset_with_parallel_drifts_incremental,2500,KS95,0.8233625,0.8237999741716874,0.8233625,0.8232971843279003,7,32,0.8233371186568987,1.0,parallel_incremental,synthetic,NB,28,28042
synthetic_dataset_with_parallel_drifts_incremental,2500,KS90,0.8231,0.8235533258196838,0.8231,0.8230322681732177,9,32,0.8230741625526612,1.0,parallel_incremental,synthetic,NB,28,28042
synthetic_dataset_with_parallel_drifts_incremental,2500,HD,0.8242375,0.824770476345391,0.8242375,0.8241591989478522,2,32,0.8242095889969758,1.0,parallel_incremental,synthetic,NB,28,28042
synthetic_dataset_with_parallel_drifts_incremental,2500,JS,0.8242375,0.824770476345391,0.8242375,0.8241591989478522,2,32,0.8242095889969758,1.0,parallel_incremental,synthetic,NB,28,28042
synthetic_dataset_with_switching_drifts_abrupt,1000,Base,0.76245,0.7634958264262879,0.76245,0.7622285676327786,0,80,0.7624916871410997,1.0,switching_abrupt,synthetic,NB,28,28042
synthetic_dataset_with_switching_drifts_abrupt,1000,KS95,0.7740625,0.7746736404488109,0.7740625,0.7739264820179457,22,80,0.774029873794445,1.0,switching_abrupt,synthetic,NB,28,28042
synthetic_dataset_with_switching_drifts_abrupt,1000,KS90,0.776475,0.7770361201556305,0.776475,0.7763521133653241,26,80,0.7764438463189098,1.0,switching_abrupt,synthetic,NB,28,28042
synthetic_dataset_with_switching_drifts_abrupt,1000,HD,0.7653375,0.7653542955749039,0.7653375,0.7653318278437758,15,80,0.7653312841912655,1.0,switching_abrupt,synthetic,NB,28,28042
synthetic_dataset_with_switching_drifts_abrupt,1000,JS,0.7653375,0.7653542955749039,0.7653375,0.7653318278437758,15,80,0.7653312841912655,1.0,switching_abrupt,synthetic,NB,28,28042
synthetic_dataset_with_switching_drifts_abrupt,1500,Base,0.7623,0.7630003343549759,0.7623,0.7621535329746354,0,53,0.7623339918537002,1.0,switching_abrupt,synthetic,NB,28,28042
synthetic_dataset_with_switching_drifts_abrupt,1500,KS95,0.7630875,0.7633002388355778,0.7630875,0.7630460868970574,25,53,0.7631058501354119,1.0,switching_abrupt,synthetic,NB,28,28042
synthetic_dataset_with_switching_drifts_abrupt,1500,KS90,0.763325,0.763427718388044,0.763325,0.7633063595472586,26,53,0.7633374949325846,1.0,switching_abrupt,synthetic,NB,28,28042
synthetic_dataset_with_switching_drifts_abrupt,1500,HD,0.73445,0.7349396785833755,0.7344499999999999,0.7343241542649703,15,53,0.7344798235894784,1.0,switching_abrupt,synthetic,NB,28,28042
synthetic_dataset_with_switching_drifts_abrupt,1500,JS,0.73445,0.7349396785833755,0.7344499999999999,0.7343241542649703,15,53,0.7344798235894784,1.0,switching_abrupt,synthetic,NB,28,28042
synthetic_dataset_with_switching_drifts_abrupt,2000,Base,0.7635375,0.7641466626729352,0.7635375,0.7634120481092307,0,40,0.76356908097965,1.0,switching_abrupt,synthetic,NB,28,28042
synthetic_dataset_with_switching_drifts_abrupt,2000,KS95,0.7412875,0.7413621543750113,0.7412875,0.7412625778556685,20,40,0.7412746590980662,1.0,switching_abrupt,synthetic,NB,28,28042
synthetic_dataset_with_switching_drifts_abrupt,2000,KS90,0.7412875,0.7413621543750113,0.7412875,0.7412625778556685,20,40,0.7412746590980662,1.0,switching_abrupt,synthetic,NB,28,28042
synthetic_dataset_with_switching_drifts_abrupt,2000,HD,0.734525,0.7345469949109261,0.734525,0.7345212874617916,14,40,0.7345305574319408,1.0,switching_abrupt,synthetic,NB,28,28042
synthetic_dataset_with_switching_drifts_abrupt,2000,JS,0.734525,0.7345469949109261,0.734525,0.7345212874617916,14,40,0.7345305574319408,1.0,switching_abrupt,synthetic,NB,28,28042
synthetic_dataset_with_switching_drifts_abrupt,2500,Base,0.7636,0.7640547168111728,0.7636,0.7635076296443706,0,32,0.7636271767105296,1.0,switching_abrupt,synthetic,NB,28,28042
synthetic_dataset_with_switching_drifts_abrupt,2500,KS95,0.721875,0.7220261505393304,0.721875,0.7218194276241591,16,32,0.7218563018331101,1.0,switching_abrupt,synthetic,NB,28,28042
synthetic_dataset_with_switching_drifts_abrupt,2500,KS90,0.721875,0.7220261505393304,0.721875,0.7218194276241591,16,32,0.7218563018331101,1.0,switching_abrupt,synthetic,NB,28,28042
synthetic_dataset_with_switching_drifts_abrupt,2500,HD,0.7131375,0.7165647398693165,0.7131375,0.7119572441284826,4,32,0.7130514714113066,1.0,switching_abrupt,synthetic,NB,28,28042
synthetic_dataset_with_switching_drifts_abrupt,2500,JS,0.7188875,0.71888734498644,0.7188875,0.7188872148015679,9,32,0.7188862620452127,1.0,switching_abrupt,synthetic,NB,28,28042
synthetic_dataset_no_drifts,1000,Base,0.827,0.8271699419826751,0.827,0.8269741136861707,0,80,0.8269840584284465,1.0,no_drifts,synthetic,NB,28,28042
synthetic_dataset_no_drifts,1000,KS95,0.8267375,0.8270929927339148,0.8267375,0.8266854812798756,6,80,0.8267146898125222,1.0,no_drifts,synthetic,NB,28,28042
synthetic_dataset_no_drifts,1000,KS90,0.8262875,0.8264734225814911,0.8262875,0.8262591685178484,8,80,0.8262708315035904,1.0,no_drifts,synthetic,NB,28,28042
synthetic_dataset_no_drifts,1000,HD,0.82725,0.8275048009463971,0.82725,0.8272122305043452,4,80,0.8272306163777984,1.0,no_drifts,synthetic,NB,28,28042
synthetic_dataset_no_drifts,1000,JS,0.8267625,0.8269027751206326,0.8267625,0.8267407964187768,3,80,0.8267479586231545,1.0,no_drifts,synthetic,NB,28,28042
synthetic_dataset_no_drifts,1500,Base,0.8266125,0.826792432503039,0.8266125,0.8265851017709689,0,53,0.8265961020963961,1.0,no_drifts,synthetic,NB,28,28042
synthetic_dataset_no_drifts,1500,KS95,0.82655,0.8267880586262599,0.82655,0.826514353723362,4,53,0.8265312226031533,1.0,no_drifts,synthetic,NB,28,28042
synthetic_dataset_no_drifts,1500,KS90,0.82655,0.8267880586262599,0.82655,0.826514353723362,4,53,0.8265312226031533,1.0,no_drifts,synthetic,NB,28,28042
synthetic_dataset_no_drifts,1500,HD,0.82705,0.8272814302294064,0.82705,0.8270154427239489,4,53,0.8270314935148969,1.0,no_drifts,synthetic,NB,28,28042
synthetic_dataset_no_drifts,1500,JS,0.8268375,0.8270032726380341,0.8268375,0.8268121696247992,4,53,0.826821743757628,1.0,no_drifts,synthetic,NB,28,28042
synthetic_dataset_no_drifts,2000,Base,0.8270375,0.8271975379655833,0.8270375,0.8270130302259276,0,40,0.8270220141226208,1.0,no_drifts,synthetic,NB,28,28042
synthetic_dataset_no_drifts,2000,KS95,0.8270375,0.8271975379655833,0.8270375,0.8270130302259276,0,40,0.8270220141226208,1.0,no_drifts,synthetic,NB,28,28042
synthetic_dataset_no_drifts,2000,KS90,0.8263875,0.8264557768748917,0.8263875,0.8263762226495838,4,40,0.8263771766974045,1.0,no_drifts,synthetic,NB,28,28042
synthetic_dataset_no_drifts,2000,HD,0.8268875,0.8270525642773766,0.8268875,0.8268622817051487,1,40,0.8268717775988146,1.0,no_drifts,synthetic,NB,28,28042
synthetic_dataset_no_drifts,2000,JS,0.8268875,0.8270525642773766,0.8268875,0.8268622817051487,1,40,0.8268717775988146,1.0,no_drifts,synthetic,NB,28,28042
synthetic_dataset_no_drifts,2500,Base,0.8267125,0.8268473838573919,0.8267125,0.8266915606252089,0,32,0.8266982285325215,1.0,no_drifts,synthetic,NB,28,28042
synthetic_dataset_no_drifts,2500,KS95,0.8267125,0.8268473838573919,0.8267125,0.8266915606252089,0,32,0.8266982285325215,1.0,no_drifts,synthetic,NB,28,28042
synthetic_dataset_no_drifts,2500,KS90,0.82745,0.827617962961519,0.82745,0.827424497212666,2,32,0.8274341604987575,1.0,no_drifts,synthetic,NB,28,28042
synthetic_dataset_no_drifts,2500,HD,0.8267875,0.8269591907210577,0.8267875,0.826761315894304,1,32,0.8267714736660107,1.0,no_drifts,synthetic,NB,28,28042
synthetic_dataset_no_drifts,2500,JS,0.8267875,0.8269591907210577,0.8267875,0.826761315894304,1,32,0.8267714736660107,1.0,no_drifts,synthetic,NB,28,28042
synthetic_dataset_with_parallel_drifts_abrupt,1000,Base,0.753875,0.7555480041546276,0.753875,0.7534718797823445,0,80,0.7538760110961726,1.0,parallel_abrupt,synthetic,NB,21,21042
synthetic_dataset_with_parallel_drifts_abrupt,1000,KS95,0.7504875,0.7521515700501564,0.7504875,0.7500755349658828,13,80,0.7504885151565552,1.0,parallel_abrupt,synthetic,NB,21,21042
synthetic_dataset_with_parallel_drifts_abrupt,1000,KS90,0.7501875,0.7520752123505788,0.7501875,0.7497193349185872,16,80,0.7501885814063679,1.0,parallel_abrupt,synthetic,NB,21,21042
synthetic_dataset_with_parallel_drifts_abrupt,1000,HD,0.7518625,0.7538253109511296,0.7518625,0.751382269937416,4,80,0.7518635989074147,1.0,parallel_abrupt,synthetic,NB,21,21042
synthetic_dataset_with_parallel_drifts_abrupt,1000,JS,0.7518625,0.7538253109511296,0.7518625,0.751382269937416,4,80,0.7518635989074147,1.0,parallel_abrupt,synthetic,NB,21,21042
synthetic_dataset_with_parallel_drifts_abrupt,1500,Base,0.753275,0.7549837416852543,0.753275,0.7528613316879484,0,53,0.7532760229707974,1.0,parallel_abrupt,synthetic,NB,21,21042
synthetic_dataset_with_parallel_drifts_abrupt,1500,KS95,0.75025,0.7522804219393638,0.75025,0.7497468914014531,11,53,0.750251121093907,1.0,parallel_abrupt,synthetic,NB,21,21042
synthetic_dataset_with_parallel_drifts_abrupt,1500,KS90,0.75025,0.7522804219393638,0.75025,0.7497468914014531,11,53,0.750251121093907,1.0,parallel_abrupt,synthetic,NB,21,21042
synthetic_dataset_with_parallel_drifts_abrupt,1500,HD,0.754475,0.7558861669489811,0.754475,0.7541363631071069,5,53,0.7544759279715474,1.0,parallel_abrupt,synthetic,NB,21,21042
synthetic_dataset_with_parallel_drifts_abrupt,1500,JS,0.754475,0.7558861669489811,0.754475,0.7541363631071069,5,53,0.7544759279715474,1.0,parallel_abrupt,synthetic,NB,21,21042
synthetic_dataset_with_parallel_drifts_abrupt,2000,Base,0.753325,0.7549716168867963,0.753325,0.7529264643012679,0,40,0.7533260042208287,1.0,parallel_abrupt,synthetic,NB,21,21042
synthetic_dataset_with_parallel_drifts_abrupt,2000,KS95,0.7519875,0.7538099480562823,0.7519875,0.7515418852914396,8,40,0.7519885589074929,1.0,parallel_abrupt,synthetic,NB,21,21042
synthetic_dataset_with_parallel_drifts_abrupt,2000,KS90,0.75225,0.7541256690160916,0.75225,0.7517923978197163,10,40,0.7522510735951569,1.0,parallel_abrupt,synthetic,NB,21,21042
synthetic_dataset_with_parallel_drifts_abrupt,2000,HD,0.752225,0.7537714027025103,0.752225,0.7518473181903425,7,40,0.7522259754701413,1.0,parallel_abrupt,synthetic,NB,21,21042
synthetic_dataset_with_parallel_drifts_abrupt,2000,JS,0.752225,0.7537714027025103,0.752225,0.7518473181903425,7,40,0.7522259754701413,1.0,parallel_abrupt,synthetic,NB,21,21042
synthetic_dataset_with_parallel_drifts_abrupt,2500,Base,0.753425,0.7550476038406896,0.753425,0.7530325645053234,0,32,0.7534259967208912,1.0,parallel_abrupt,synthetic,NB,21,21042
synthetic_dataset_with_parallel_drifts_abrupt,2500,KS95,0.7504625,0.7525486714523646,0.7504625,0.7499465326424221,8,32,0.7504636357815397,1.0,parallel_abrupt,synthetic,NB,21,21042
synthetic_dataset_with_parallel_drifts_abrupt,2500,KS90,0.7504625,0.7525486714523646,0.7504625,0.7499465326424221,8,32,0.7504636357815397,1.0,parallel_abrupt,synthetic,NB,21,21042
synthetic_dataset_with_parallel_drifts_abrupt,2500,HD,0.7551,0.7565551463161091,0.7551,0.7547525874405422,4,32,0.755100941096938,1.0,parallel_abrupt,synthetic,NB,21,21042
synthetic_dataset_with_parallel_drifts_abrupt,2500,JS,0.7551,0.7565551463161091,0.7551,0.7547525874405422,4,32,0.755100941096938,1.0,parallel_abrupt,synthetic,NB,21,21042
synthetic_dataset_with_switching_drifts_incremental,1000,Base,0.7435,0.7457182054566569,0.7435,0.7429202698290487,0,80,0.7435011873396884,1.0,switching_incremental,synthetic,NB,21,21042
synthetic_dataset_with_switching_drifts_incremental,1000,KS95,0.7439375,0.7458255356984465,0.7439375,0.7434453158105381,28,80,0.7439385951524616,1.0,switching_incremental,synthetic,NB,21,21042
synthetic_dataset_with_switching_drifts_incremental,1000,KS90,0.743725,0.7454908704861133,0.743725,0.7432637224187357,29,80,0.7437260598398288,1.0,switching_incremental,synthetic,NB,21,21042
synthetic_dataset_with_switching_drifts_incremental,1000,HD,0.7444,0.7464030904913139,0.7444,0.7438799157792738,16,80,0.7444011267152507,1.0,switching_incremental,synthetic,NB,21,21042
synthetic_dataset_with_switching_drifts_incremental,1000,JS,0.7444,0.7464030904913139,0.7444,0.7438799157792738,16,80,0.7444011267152507,1.0,switching_incremental,synthetic,NB,21,21042
synthetic_dataset_with_switching_drifts_incremental,1500,Base,0.743425,0.7455585685390406,0.743425,0.742866920299297,0,53,0.7434261648396413,1.0,switching_incremental,synthetic,NB,21,21042
synthetic_dataset_with_switching_drifts_incremental,1500,KS95,0.745325,0.7469638957065067,0.745325,0.7449021738701818,24,53,0.7453260179658286,1.0,switching_incremental,synthetic,NB,21,21042
synthetic_dataset_with_switching_drifts_incremental,1500,KS90,0.745175,0.7467886977761657,0.745175,0.7447581470840948,26,53,0.745176010465735,1.0,switching_incremental,synthetic,NB,21,21042
synthetic_dataset_with_switching_drifts_incremental,1500,HD,0.7451625,0.746705612257088,0.7451625,0.7447637638452076,15,53,0.7451634882782272,1.0,switching_incremental,synthetic,NB,21,21042
synthetic_dataset_with_switching_drifts_incremental,1500,JS,0.7451625,0.746705612257088,0.7451625,0.7447637638452076,15,53,0.7451634882782272,1.0,switching_incremental,synthetic,NB,21,21042
synthetic_dataset_with_switching_drifts_incremental,2000,Base,0.7438625,0.7458779854719176,0.7438625,0.743336967033009,0,40,0.7438636314024147,1.0,switching_incremental,synthetic,NB,21,21042
synthetic_dataset_with_switching_drifts_incremental,2000,KS95,0.7432875,0.7449992955492751,0.7432875,0.7428387153320767,18,40,0.7432885445270554,1.0,switching_incremental,synthetic,NB,21,21042
synthetic_dataset_with_switching_drifts_incremental,2000,KS90,0.743325,0.7450796094241098,0.743325,0.7428651836504907,22,40,0.7433260573395788,1.0,switching_incremental,synthetic,NB,21,21042
synthetic_dataset_with_switching_drifts_incremental,2000,HD,0.743025,0.7444598695647346,0.743025,0.7426477393181092,9,40,0.7430259573393914,1.0,switching_incremental,synthetic,NB,21,21042
synthetic_dataset_with_switching_drifts_incremental,2000,JS,0.743025,0.7444598695647346,0.743025,0.7426477393181092,9,40,0.7430259573393914,1.0,switching_incremental,synthetic,NB,21,21042
synthetic_dataset_with_switching_drifts_incremental,2500,Base,0.7438375,0.7457443450575196,0.7438375,0.7433400420966415,0,32,0.7438386007773992,1.0,switching_incremental,synthetic,NB,21,21042
synthetic_dataset_with_switching_drifts_incremental,2500,KS95,0.74085,0.7426388508410059,0.74085,0.7403718999099383,18,32,0.7408510729630319,1.0,switching_incremental,synthetic,NB,21,21042
synthetic_dataset_with_switching_drifts_incremental,2500,KS90,0.74075,0.7425718370330198,0.74075,0.7402627405715452,19,32,0.7407510829629694,1.0,switching_incremental,synthetic,NB,21,21042
synthetic_dataset_with_switching_drifts_incremental,2500,HD,0.74345,0.7452306781689797,0.74345,0.7429838515928715,9,32,0.7434510648396568,1.0,switching_incremental,synthetic,NB,21,21042
synthetic_dataset_with_switching_drifts_incremental,2500,JS,0.743175,0.7449620883962323,0.743175,0.7427061538646609,9,32,0.743176067339485,1.0,switching_incremental,synthetic,NB,21,21042
synthetic_dataset_with_parallel_drifts_incremental,1000,Base,0.7517,0.7535803709133874,0.7517,0.7512392392846389,0,80,0.7517010760948132,1.0,parallel_incremental,synthetic,NB,21,21042
synthetic_dataset_with_parallel_drifts_incremental,1000,KS95,0.7504375,0.751973940081797,0.7504375,0.7500568493327839,15,80,0.7504384757815241,1.0,parallel_incremental,synthetic,NB,21,21042
synthetic_dataset_with_parallel_drifts_incremental,1000,KS90,0.7501375,0.7518868778114206,0.7501375,0.7497033051829036,18,80,0.7501385414063365,1.0,parallel_incremental,synthetic,NB,21,21042
synthetic_dataset_with_parallel_drifts_incremental,1000,HD,0.749325,0.7516667488757317,0.749325,0.7487409628912525,7,80,0.7493262054683288,1.0,parallel_incremental,synthetic,NB,21,21042
synthetic_dataset_with_parallel_drifts_incremental,1000,JS,0.7512625,0.753142900015157,0.7512625,0.7508001212198853,5,80,0.7512635770320397,1.0,parallel_incremental,synthetic,NB,21,21042
synthetic_dataset_with_parallel_drifts_incremental,1500,Base,0.7518625,0.7537451850397195,0.7518625,0.7514017728186263,0,53,0.7518635764074146,1.0,parallel_incremental,synthetic,NB,21,21042
synthetic_dataset_with_parallel_drifts_incremental,1500,KS95,0.750325,0.7523083914154706,0.750325,0.749833774769585,11,53,0.7503261079689538,1.0,parallel_incremental,synthetic,NB,21,21042
synthetic_dataset_with_parallel_drifts_incremental,1500,KS90,0.750325,0.7523083914154706,0.750325,0.749833774769585,11,53,0.7503261079689538,1.0,parallel_incremental,synthetic,NB,21,21042
synthetic_dataset_with_parallel_drifts_incremental,1500,HD,0.7512125,0.7531859859578419,0.7512125,0.7507271624646157,7,53,0.7512136032820086,1.0,parallel_incremental,synthetic,NB,21,21042
synthetic_dataset_with_parallel_drifts_incremental,1500,JS,0.7512125,0.7531859859578419,0.7512125,0.7507271624646157,7,53,0.7512136032820086,1.0,parallel_incremental,synthetic,NB,21,21042
synthetic_dataset_with_parallel_drifts_incremental,2000,Base,0.7521375,0.7539588653833498,0.7521375,0.7516926813820318,0,40,0.7521385582825867,1.0,parallel_incremental,synthetic,NB,21,21042
synthetic_dataset_with_parallel_drifts_incremental,2000,KS95,0.75065,0.752582159389666,0.75065,0.7501726347640075,8,40,0.7506510929691569,1.0,parallel_incremental,synthetic,NB,21,21042
synthetic_dataset_with_parallel_drifts_incremental,2000,KS90,0.7513375,0.7532338843107276,0.7513375,0.7508714900943435,10,40,0.7513385814070865,1.0,parallel_incremental,synthetic,NB,21,21042
synthetic_dataset_with_parallel_drifts_incremental,2000,HD,0.751725,0.7533407957829943,0.751725,0.7513288654127133,7,40,0.7517259979698288,1.0,parallel_incremental,synthetic,NB,21,21042
synthetic_dataset_with_parallel_drifts_incremental,2000,JS,0.751725,0.7533407957829943,0.751725,0.7513288654127133,7,40,0.7517259979698288,1.0,parallel_incremental,synthetic,NB,21,21042
synthetic_dataset_with_parallel_drifts_incremental,2500,Base,0.751925,0.753677304627692,0.751925,0.7514962410677049,0,32,0.7519260385949538,1.0,parallel_incremental,synthetic,NB,21,21042
synthetic_dataset_with_parallel_drifts_incremental,2500,KS95,0.749825,0.7519604780404493,0.749825,0.7492942188658701,8,32,0.7498261504686414,1.0,parallel_incremental,synthetic,NB,21,21042
synthetic_dataset_with_parallel_drifts_incremental,2500,KS90,0.749825,0.7519604780404493,0.749825,0.7492942188658701,8,32,0.7498261504686414,1.0,parallel_incremental,synthetic,NB,21,21042
synthetic_dataset_with_parallel_drifts_incremental,2500,HD,0.7517125,0.7535590216008863,0.7517125,0.7512600369316926,2,32,0.751713566407321,1.0,parallel_incremental,synthetic,NB,21,21042
synthetic_dataset_with_parallel_drifts_incremental,2500,JS,0.7517125,0.7535590216008863,0.7517125,0.7512600369316926,2,32,0.751713566407321,1.0,parallel_incremental,synthetic,NB,21,21042
synthetic_dataset_with_switching_drifts_abrupt,1000,Base,0.7198625,0.7215898440640769,0.7198625,0.7193160045216551,0,80,0.7198636032624148,1.0,switching_abrupt,synthetic,NB,21,21042
synthetic_dataset_with_switching_drifts_abrupt,1000,KS95,0.731725,0.7331039965825379,0.731725,0.73132805336464,24,80,0.7317259610823288,1.0,switching_abrupt,synthetic,NB,21,21042
synthetic_dataset_with_switching_drifts_abrupt,1000,KS90,0.7315125,0.7327972841599824,0.7315125,0.7311419425672531,25,80,0.731513428269696,1.0,switching_abrupt,synthetic,NB,21,21042
synthetic_dataset_with_switching_drifts_abrupt,1000,HD,0.7281375,0.7300230943722763,0.7281375,0.7275797030892057,18,80,0.7281386313925866,1.0,switching_abrupt,synthetic,NB,21,21042
synthetic_dataset_with_switching_drifts_abrupt,1000,JS,0.7267125,0.7286367475611054,0.7267125,0.7261367792780068,17,80,0.726713646391696,1.0,switching_abrupt,synthetic,NB,21,21042
synthetic_dataset_with_switching_drifts_abrupt,1500,Base,0.719675,0.721304760281954,0.719675,0.7191584381373972,0,53,0.7196760723247976,1.0,switching_abrupt,synthetic,NB,21,21042
synthetic_dataset_with_switching_drifts_abrupt,1500,KS95,0.7282625,0.7289273293564232,0.7282625,0.7280653596279583,24,53,0.7282631732676644,1.0,switching_abrupt,synthetic,NB,21,21042
synthetic_dataset_with_switching_drifts_abrupt,1500,KS90,0.7280125,0.7286877721989196,0.7280125,0.7278118641795019,26,53,0.7280131788925082,1.0,switching_abrupt,synthetic,NB,21,21042
synthetic_dataset_with_switching_drifts_abrupt,1500,HD,0.7205875,0.7211501650560187,0.7205875,0.7204099492896843,14,53,0.7205881301378675,1.0,switching_abrupt,synthetic,NB,21,21042
synthetic_dataset_with_switching_drifts_abrupt,1500,JS,0.7205875,0.7211501650560187,0.7205875,0.7204099492896843,14,53,0.7205881301378675,1.0,switching_abrupt,synthetic,NB,21,21042
synthetic_dataset_with_switching_drifts_abrupt,2000,Base,0.7193625,0.7208471398805496,0.7193625,0.718890531609601,0,40,0.7193635245121022,1.0,switching_abrupt,synthetic,NB,21,21042
synthetic_dataset_with_switching_drifts_abrupt,2000,KS95,0.71645,0.7170892901800932,0.71645,0.7162414127508134,18,40,0.7164506779477817,1.0,switching_abrupt,synthetic,NB,21,21042
synthetic_dataset_with_switching_drifts_abrupt,2000,KS90,0.7164,0.7171901480706958,0.7164,0.7161421810077362,22,40,0.7164007535727505,1.0,switching_abrupt,synthetic,NB,21,21042
synthetic_dataset_with_switching_drifts_abrupt,2000,HD,0.7146125,0.7151523516501551,0.7146125,0.7144336640600868,13,40,0.7146131257591332,1.0,switching_abrupt,synthetic,NB,21,21042
synthetic_dataset_with_switching_drifts_abrupt,2000,JS,0.7146125,0.7151523516501551,0.7146125,0.7144336640600868,13,40,0.7146131257591332,1.0,switching_abrupt,synthetic,NB,21,21042
synthetic_dataset_with_switching_drifts_abrupt,2500,Base,0.719375,0.7208118133440855,0.719375,0.7189182151543626,0,32,0.7193760079496101,1.0,switching_abrupt,synthetic,NB,21,21042
synthetic_dataset_with_switching_drifts_abrupt,2500,KS95,0.713075,0.7142711838557602,0.713075,0.7126744430472343,16,32,0.7130759335706724,1.0,switching_abrupt,synthetic,NB,21,21042
synthetic_dataset_with_switching_drifts_abrupt,2500,KS90,0.712625,0.7139899731068453,0.712625,0.7121664795004671,17,32,0.7126259979453912,1.0,switching_abrupt,synthetic,NB,21,21042
synthetic_dataset_with_switching_drifts_abrupt,2500,HD,0.7154875,0.7200143434883712,0.7154875,0.7140172970618566,4,32,0.7154892926346808,1.0,switching_abrupt,synthetic,NB,21,21042
synthetic_dataset_with_switching_drifts_abrupt,2500,JS,0.71405,0.7151488638559261,0.71405,0.7136848389800567,9,32,0.7140508929462818,1.0,switching_abrupt,synthetic,NB,21,21042
synthetic_dataset_no_drifts,1000,Base,0.7506,0.7526241314245202,0.7506,0.7500998394447748,0,80,0.7506011185941257,1.0,no_drifts,synthetic,NB,21,21042
synthetic_dataset_no_drifts,1000,KS95,0.7480125,0.7503675940605694,0.7480125,0.747418979403968,9,80,0.7480137120300085,1.0,no_drifts,synthetic,NB,21,21042
synthetic_dataset_no_drifts,1000,KS90,0.749375,0.7513801792944218,0.749375,0.7488746316923368,12,80,0.7493761160933601,1.0,no_drifts,synthetic,NB,21,21042
synthetic_dataset_no_drifts,1000,HD,0.7487625,0.7508506426602884,0.7487625,0.7482389988806779,5,80,0.7487636401554771,1.0,no_drifts,synthetic,NB,21,21042
synthetic_dataset_no_drifts,1000,JS,0.7504625,0.7523172496956233,0.7504625,0.7500034762885393,3,80,0.7504635714065397,1.0,no_drifts,synthetic,NB,21,21042
synthetic_dataset_no_drifts,1500,Base,0.7507125,0.7527000892260397,0.7507125,0.7502217598692885,0,53,0.750713608281696,1.0,no_drifts,synthetic,NB,21,21042
synthetic_dataset_no_drifts,1500,KS95,0.7493625,0.751112788646654,0.7493625,0.7489253857115262,5,53,0.7493635432808523,1.0,no_drifts,synthetic,NB,21,21042
synthetic_dataset_no_drifts,1500,KS90,0.7500375,0.7517967600459972,0.7500375,0.749600515678801,6,53,0.750038544531274,1.0,no_drifts,synthetic,NB,21,21042
synthetic_dataset_no_drifts,1500,HD,0.75005,0.751823152888904,0.75005,0.7496096254513662,3,53,0.7500510485937819,1.0,no_drifts,synthetic,NB,21,21042
synthetic_dataset_no_drifts,1500,JS,0.75035,0.7521509405309027,0.75035,0.7499038273358571,4,53,0.7503510560939693,1.0,no_drifts,synthetic,NB,21,21042
synthetic_dataset_no_drifts,2000,Base,0.751175,0.7530956206004142,0.751175,0.7507024535871226,0,40,0.7511760885944851,1.0,no_drifts,synthetic,NB,21,21042
synthetic_dataset_no_drifts,2000,KS95,0.75055,0.75248138896962,0.75055,0.7500724433201591,2,40,0.7505510929690944,1.0,no_drifts,synthetic,NB,21,21042
synthetic_dataset_no_drifts,2000,KS90,0.7505875,0.7526863064972765,0.7505875,0.7500689430476039,6,40,0.7505886389066179,1.0,no_drifts,synthetic,NB,21,21042
synthetic_dataset_no_drifts,2000,HD,0.7495625,0.751827460233845,0.7495625,0.7489985607135796,3,40,0.7495636851559774,1.0,no_drifts,synthetic,NB,21,21042
synthetic_dataset_no_drifts,2000,JS,0.749725,0.7519113882387849,0.749725,0.7491812088769373,3,40,0.7497261642185787,1.0,no_drifts,synthetic,NB,21,21042
synthetic_dataset_no_drifts,2500,Base,0.7510625,0.7529020827069057,0.7510625,0.7506093850514132,0,32,0.7510635657819147,1.0,no_drifts,synthetic,NB,21,21042
synthetic_dataset_no_drifts,2500,KS95,0.74925,0.7513572908854763,0.74925,0.748723776363853,4,32,0.749251144218282,1.0,no_drifts,synthetic,NB,21,21042
synthetic_dataset_no_drifts,2500,KS90,0.7490625,0.7512679550548245,0.7490625,0.748511090975286,5,32,0.7490636707806648,1.0,no_drifts,synthetic,NB,21,21042
synthetic_dataset_no_drifts,2500,HD,0.7510625,0.7529020827069057,0.7510625,0.7506093850514132,0,32,0.7510635657819147,1.0,no_drifts,synthetic,NB,21,21042
synthetic_dataset_no_drifts,2500,JS,0.7510625,0.7529020827069057,0.7510625,0.7506093850514132,0,32,0.7510635657819147,1.0,no_drifts,synthetic,NB,21,21042
synthetic_dataset_with_parallel_drifts_abrupt,1000,Base,0.8209625,0.8212212014280598,0.8209625,0.8209276585499996,0,80,0.8209677763860935,1.0,parallel_abrupt,synthetic,NB,26,26042
synthetic_dataset_with_parallel_drifts_abrupt,1000,KS95,0.824625,0.8253699776184389,0.824625,0.8245265492946604,6,80,0.8246339284641461,1.0,parallel_abrupt,synthetic,NB,26,26042
synthetic_dataset_with_parallel_drifts_abrupt,1000,KS90,0.824375,0.8250977429677893,0.824375,0.8242793026800593,10,80,0.8243837971789715,1.0,parallel_abrupt,synthetic,NB,26,26042
synthetic_dataset_with_parallel_drifts_abrupt,1000,HD,0.8198125,0.8198333803541744,0.8198125,0.8198099043933438,4,80,0.8198139699738395,1.0,parallel_abrupt,synthetic,NB,26,26042
synthetic_dataset_with_parallel_drifts_abrupt,1000,JS,0.8198125,0.8198333803541744,0.8198125,0.8198099043933438,4,80,0.8198139699738395,1.0,parallel_abrupt,synthetic,NB,26,26042
synthetic_dataset_with_parallel_drifts_abrupt,1500,Base,0.8199,0.8202846480926622,0.8199,0.8198474052336587,0,53,0.8199064527993449,1.0,parallel_abrupt,synthetic,NB,26,26042
synthetic_dataset_with_parallel_drifts_abrupt,1500,KS95,0.820425,0.8206409961259397,0.820425,0.8203958667751631,7,53,0.8204298216229438,1.0,parallel_abrupt,synthetic,NB,26,26042
synthetic_dataset_with_parallel_drifts_abrupt,1500,KS90,0.820525,0.8208014282631022,0.820525,0.8204875886914474,8,53,0.8205304591370957,1.0,parallel_abrupt,synthetic,NB,26,26042
synthetic_dataset_with_parallel_drifts_abrupt,1500,HD,0.8193375,0.8195266522113931,0.8193375,0.8193118115886251,8,53,0.8193420167824711,1.0,parallel_abrupt,synthetic,NB,26,26042
synthetic_dataset_with_parallel_drifts_abrupt,1500,JS,0.8194125,0.8196469133221778,0.8194125,0.8193805567336538,9,53,0.8194175324180906,1.0,parallel_abrupt,synthetic,NB,26,26042
synthetic_dataset_with_parallel_drifts_abrupt,2000,Base,0.8202,0.8207158269208037,0.8202,0.8201294013095761,0,40,0.8202074747166762,1.0,parallel_abrupt,synthetic,NB,26,26042
synthetic_dataset_with_parallel_drifts_abrupt,2000,KS95,0.8176875,0.8177234152960993,0.8176875,0.8176828107250252,6,40,0.8176894478000787,1.0,parallel_abrupt,synthetic,NB,26,26042
synthetic_dataset_with_parallel_drifts_abrupt,2000,KS90,0.81875,0.8190046944764005,0.81875,0.8187150434546311,8,40,0.8187552526374573,1.0,parallel_abrupt,synthetic,NB,26,26042
synthetic_dataset_with_parallel_drifts_abrupt,2000,HD,0.8207875,0.8214421476712489,0.8207875,0.8206981419907872,8,40,0.8207959169869258,1.0,parallel_abrupt,synthetic,NB,26,26042
synthetic_dataset_with_parallel_drifts_abrupt,2000,JS,0.817775,0.8178953477113624,0.817775,0.8177586024318367,4,40,0.8177786025001159,1.0,parallel_abrupt,synthetic,NB,26,26042
synthetic_dataset_with_parallel_drifts_abrupt,2500,Base,0.8201375,0.8206616337665673,0.8201375,0.8200657129655112,0,32,0.8201450356453956,1.0,parallel_abrupt,synthetic,NB,26,26042
synthetic_dataset_with_parallel_drifts_abrupt,2500,KS95,0.8194875,0.8198535673623726,0.8194875,0.8194373001839346,7,32,0.8194937980538154,1.0,parallel_abrupt,synthetic,NB,26,26042
synthetic_dataset_with_parallel_drifts_abrupt,2500,KS90,0.8195875,0.8200180606802503,0.8195875,0.8195283824351787,7,32,0.8195943324429529,1.0,parallel_abrupt,synthetic,NB,26,26042
synthetic_dataset_with_parallel_drifts_abrupt,2500,HD,0.8092375,0.8095697288157356,0.8092375,0.8091847668343277,4,32,0.8092313091106529,1.0,parallel_abrupt,synthetic,NB,26,26042
synthetic_dataset_with_parallel_drifts_abrupt,2500,JS,0.8092375,0.8095697288157356,0.8092375,0.8091847668343277,4,32,0.8092313091106529,1.0,parallel_abrupt,synthetic,NB,26,26042
synthetic_dataset_with_switching_drifts_incremental,1000,Base,0.822125,0.82250892890223,0.822125,0.822073510177979,0,80,0.8221314249872316,1.0,switching_incremental,synthetic,NB,26,26042
synthetic_dataset_with_switching_drifts_incremental,1000,KS95,0.825625,0.8264492757262469,0.825625,0.8255169344781184,28,80,0.8256343786048346,1.0,switching_incremental,synthetic,NB,26,26042
synthetic_dataset_with_switching_drifts_incremental,1000,KS90,0.8254625,0.8261089886179587,0.8254625,0.825377797493121,29,80,0.825470805144332,1.0,switching_incremental,synthetic,NB,26,26042
synthetic_dataset_with_switching_drifts_incremental,1000,HD,0.8216625,0.8218916024181264,0.8216625,0.821631896668728,16,80,0.8216674577344862,1.0,switching_incremental,synthetic,NB,26,26042
synthetic_dataset_with_switching_drifts_incremental,1000,JS,0.821425,0.8215723181801564,0.821425,0.8214054566976724,15,80,0.8214289686384486,1.0,switching_incremental,synthetic,NB,26,26042
synthetic_dataset_with_switching_drifts_incremental,1500,Base,0.8216375,0.8221218884580539,0.8216375,0.8215720732027177,0,53,0.8216447264812897,1.0,switching_incremental,synthetic,NB,26,26042
synthetic_dataset_with_switching_drifts_incremental,1500,KS95,0.820925,0.8215265357660232,0.820925,0.8208430560568643,24,53,0.8209330654437124,1.0,switching_incremental,synthetic,NB,26,26042
synthetic_dataset_with_switching_drifts_incremental,1500,KS90,0.820925,0.8215265357660232,0.820925,0.8208430560568643,24,53,0.8209330654437124,1.0,switching_incremental,synthetic,NB,26,26042
synthetic_dataset_with_switching_drifts_incremental,1500,HD,0.819225,0.8196290711440164,0.819225,0.8191693897502824,14,53,0.8192316214544467,1.0,switching_incremental,synthetic,NB,26,26042
synthetic_dataset_with_switching_drifts_incremental,1500,JS,0.819125,0.8197857321571651,0.819125,0.8190334945993418,14,53,0.8191334776906454,1.0,switching_incremental,synthetic,NB,26,26042
synthetic_dataset_with_switching_drifts_incremental,2000,Base,0.821675,0.822234066881753,0.821675,0.8215993926169814,0,40,0.821682765549139,1.0,switching_incremental,synthetic,NB,26,26042
synthetic_dataset_with_switching_drifts_incremental,2000,KS95,0.8197375,0.8202481002231381,0.8197375,0.8196673438129097,18,40,0.8197449418391324,1.0,switching_incremental,synthetic,NB,26,26042
synthetic_dataset_with_switching_drifts_incremental,2000,KS90,0.8195625,0.8199977415482668,0.8195625,0.8195027188299958,19,40,0.8195693699394426,1.0,switching_incremental,synthetic,NB,26,26042
synthetic_dataset_with_switching_drifts_incremental,2000,HD,0.8185375,0.8189690149355091,0.8185375,0.8184777092575676,11,40,0.8185443510452994,1.0,switching_incremental,synthetic,NB,26,26042
synthetic_dataset_with_switching_drifts_incremental,2000,JS,0.8185375,0.8189690149355091,0.8185375,0.8184777092575676,11,40,0.8185443510452994,1.0,switching_incremental,synthetic,NB,26,26042
synthetic_dataset_with_switching_drifts_incremental,2500,Base,0.822275,0.8228445638303201,0.822275,0.8221983598611008,0,32,0.8222828312585231,1.0,switching_incremental,synthetic,NB,26,26042
synthetic_dataset_with_switching_drifts_incremental,2500,KS95,0.821825,0.8227316341356301,0.821825,0.821702031991203,18,32,0.821834893695532,1.0,switching_incremental,synthetic,NB,26,26042
synthetic_dataset_with_switching_drifts_incremental,2500,KS90,0.8218,0.8226017542454085,0.8218,0.8216913330101393,19,32,0.8218093030669332,1.0,switching_incremental,synthetic,NB,26,26042
synthetic_dataset_with_switching_drifts_incremental,2500,HD,0.821625,0.8220624116516574,0.821625,0.8215659833473546,10,32,0.8216318655419812,1.0,switching_incremental,synthetic,NB,26,26042
synthetic_dataset_with_switching_drifts_incremental,2500,JS,0.821625,0.8220624116516574,0.821625,0.8215659833473546,10,32,0.8216318655419812,1.0,switching_incremental,synthetic,NB,26,26042
synthetic_dataset_with_parallel_drifts_incremental,1000,Base,0.82995,0.8309877952820732,0.82995,0.829818839119245,0,80,0.8299604573381894,1.0,parallel_incremental,synthetic,NB,26,26042
synthetic_dataset_with_parallel_drifts_incremental,1000,KS95,0.8296125,0.8302730319335122,0.8296125,0.8295290584900784,10,80,0.8296208432279313,1.0,parallel_incremental,synthetic,NB,26,26042
synthetic_dataset_with_parallel_drifts_incremental,1000,KS90,0.829375,0.8299935914096601,0.829375,0.829296740006324,14,80,0.8293830760069949,1.0,parallel_incremental,synthetic,NB,26,26042
synthetic_dataset_with_parallel_drifts_incremental,1000,HD,0.829125,0.8296314345081033,0.829125,0.8290609203142972,5,80,0.8291323072217307,1.0,parallel_incremental,synthetic,NB,26,26042
synthetic_dataset_with_parallel_drifts_incremental,1000,JS,0.829125,0.8296314345081033,0.829125,0.8290609203142972,5,80,0.8291323072217307,1.0,parallel_incremental,synthetic,NB,26,26042
synthetic_dataset_with_parallel_drifts_incremental,1500,Base,0.8296125,0.8307902885869934,0.8296125,0.8294630900243394,0,53,0.8296236463533253,1.0,parallel_incremental,synthetic,NB,26,26042
synthetic_dataset_with_parallel_drifts_incremental,1500,KS95,0.827375,0.8277997842263912,0.827375,0.827320524949181,8,53,0.8273817069755526,1.0,parallel_incremental,synthetic,NB,26,26042
synthetic_dataset_with_parallel_drifts_incremental,1500,KS90,0.8273125,0.8277851522649038,0.8273125,0.8272517746979271,9,53,0.8273195772793155,1.0,parallel_incremental,synthetic,NB,26,26042
synthetic_dataset_with_parallel_drifts_incremental,1500,HD,0.8273375,0.827889300209417,0.8273375,0.8272665000760516,7,53,0.8273451491579117,1.0,parallel_incremental,synthetic,NB,26,26042
synthetic_dataset_with_parallel_drifts_incremental,1500,JS,0.8274125,0.8280410463002666,0.8274125,0.8273315731450026,8,53,0.8274206647935309,1.0,parallel_incremental,synthetic,NB,26,26042
synthetic_dataset_with_parallel_drifts_incremental,2000,Base,0.8296125,0.8308565711028297,0.8296125,0.8294546372477677,0,40,0.8296239557283689,1.0,parallel_incremental,synthetic,NB,26,26042
synthetic_dataset_with_parallel_drifts_incremental,2000,KS95,0.827525,0.8278451227888997,0.827525,0.8274841588325565,6,40,0.827530816371521,1.0,parallel_incremental,synthetic,NB,26,26042
synthetic_dataset_with_parallel_drifts_incremental,2000,KS90,0.8278625,0.828491898906184,0.8278625,0.827781784151505,8,40,0.8278706648568124,1.0,parallel_incremental,synthetic,NB,26,26042
synthetic_dataset_with_parallel_drifts_incremental,2000,HD,0.82775,0.8280943756652401,0.82775,0.8277061055902861,4,40,0.827756032028192,1.0,parallel_incremental,synthetic,NB,26,26042
synthetic_dataset_with_parallel_drifts_incremental,2000,JS,0.82775,0.8280943756652401,0.82775,0.8277061055902861,4,40,0.827756032028192,1.0,parallel_incremental,synthetic,NB,26,26042
synthetic_dataset_with_parallel_drifts_incremental,2500,Base,0.8299375,0.8311263735013225,0.8299375,0.8297871116906613,0,32,0.829948693274035,1.0,parallel_incremental,synthetic,NB,26,26042
synthetic_dataset_with_parallel_drifts_incremental,2500,KS95,0.83,0.8306458334281891,0.83,0.8299187130734447,7,32,0.8300082448449094,1.0,parallel_incremental,synthetic,NB,26,26042
synthetic_dataset_with_parallel_drifts_incremental,2500,KS90,0.8298,0.8305037820798837,0.8298,0.8297111923739396,7,32,0.8298086104418357,1.0,parallel_incremental,synthetic,NB,26,26042
synthetic_dataset_with_parallel_drifts_incremental,2500,HD,0.8288625,0.8292236785465978,0.8288625,0.828816885031154,2,32,0.8288686681221564,1.0,parallel_incremental,synthetic,NB,26,26042
synthetic_dataset_with_parallel_drifts_incremental,2500,JS,0.8288625,0.8292236785465978,0.8288625,0.828816885031154,2,32,0.8288686681221564,1.0,parallel_incremental,synthetic,NB,26,26042
synthetic_dataset_with_switching_drifts_abrupt,1000,Base,0.7913875,0.7917932783024572,0.7913875,0.7913129617061736,0,80,0.7913804534753763,1.0,switching_abrupt,synthetic,NB,26,26042
synthetic_dataset_with_switching_drifts_abrupt,1000,KS95,0.8117875,0.8128631950006691,0.8117875,0.8116282672435056,20,80,0.8117984469716566,1.0,switching_abrupt,synthetic,NB,26,26042
synthetic_dataset_with_switching_drifts_abrupt,1000,KS90,0.811575,0.8123672677604646,0.811575,0.8114577572729083,23,80,0.8115843953790556,1.0,switching_abrupt,synthetic,NB,26,26042
synthetic_dataset_with_switching_drifts_abrupt,1000,HD,0.7999625,0.7999727610534545,0.7999625,0.7999604905068247,18,80,0.799961351557065,1.0,switching_abrupt,synthetic,NB,26,26042
synthetic_dataset_with_switching_drifts_abrupt,1000,JS,0.8001125,0.8001151961379446,0.8001125,0.8001121947027315,16,80,0.8001130109533923,1.0,switching_abrupt,synthetic,NB,26,26042
synthetic_dataset_with_switching_drifts_abrupt,1500,Base,0.7903875,0.7906342853309903,0.7903875,0.7903414282194969,0,53,0.7903819814599662,1.0,switching_abrupt,synthetic,NB,26,26042
synthetic_dataset_with_switching_drifts_abrupt,1500,KS95,0.8021875,0.8026716962288849,0.8021875,0.8021103181792448,23,53,0.8021949487461647,1.0,switching_abrupt,synthetic,NB,26,26042
synthetic_dataset_with_switching_drifts_abrupt,1500,KS90,0.8021875,0.8026716962288849,0.8021875,0.8021103181792448,23,53,0.8021949487461647,1.0,switching_abrupt,synthetic,NB,26,26042
synthetic_dataset_with_switching_drifts_abrupt,1500,HD,0.7909625,0.7909633759399815,0.7909625,0.7909622427854456,14,53,0.790962119041548,1.0,switching_abrupt,synthetic,NB,26,26042
synthetic_dataset_with_switching_drifts_abrupt,1500,JS,0.7902875,0.7902875075310319,0.7902875,0.7902875026541742,13,53,0.7902874845716775,1.0,switching_abrupt,synthetic,NB,26,26042
synthetic_dataset_with_switching_drifts_abrupt,2000,Base,0.7907625,0.790877572589984,0.7907625,0.7907407359381602,0,40,0.7907587158879444,1.0,switching_abrupt,synthetic,NB,26,26042
synthetic_dataset_with_switching_drifts_abrupt,2000,KS95,0.7906875,0.79079480304327,0.7906875,0.7906692072009052,18,40,0.7906910471284285,1.0,switching_abrupt,synthetic,NB,26,26042
synthetic_dataset_with_switching_drifts_abrupt,2000,KS90,0.7904625,0.7905310408319988,0.7904625,0.7904509548284645,19,40,0.7904653252216863,1.0,switching_abrupt,synthetic,NB,26,26042
synthetic_dataset_with_switching_drifts_abrupt,2000,HD,0.789775,0.789928844271771,0.789775,0.7897483383603312,12,40,0.789779264187709,1.0,switching_abrupt,synthetic,NB,26,26042
synthetic_dataset_with_switching_drifts_abrupt,2000,JS,0.789775,0.789928844271771,0.789775,0.7897483383603312,12,40,0.789779264187709,1.0,switching_abrupt,synthetic,NB,26,26042
synthetic_dataset_with_switching_drifts_abrupt,2500,Base,0.79115,0.7912117773571269,0.79115,0.7911381410503723,0,32,0.7911472143800771,1.0,switching_abrupt,synthetic,NB,26,26042
synthetic_dataset_with_switching_drifts_abrupt,2500,KS95,0.7893375,0.7896795112671896,0.7893375,0.7892771450399277,16,32,0.7893438875639842,1.0,switching_abrupt,synthetic,NB,26,26042
synthetic_dataset_with_switching_drifts_abrupt,2500,KS90,0.789225,0.7894887783535456,0.789225,0.7891785950378573,17,32,0.7892306047355538,1.0,switching_abrupt,synthetic,NB,26,26042
synthetic_dataset_with_switching_drifts_abrupt,2500,HD,0.7855125,0.7855573573425519,0.7855125,0.7855033751900664,4,32,0.7855100932748569,1.0,switching_abrupt,synthetic,NB,26,26042
synthetic_dataset_with_switching_drifts_abrupt,2500,JS,0.7855125,0.7855573573425519,0.7855125,0.7855033751900664,4,32,0.7855100932748569,1.0,switching_abrupt,synthetic,NB,26,26042
synthetic_dataset_no_drifts,1000,Base,0.8318875,0.8334506592923177,0.8318875,0.8316929454288519,0,80,0.8319002966734792,1.0,no_drifts,synthetic,NB,26,26042
synthetic_dataset_no_drifts,1000,KS95,0.8318875,0.8334506592923177,0.8318875,0.8316929454288519,0,80,0.8319002966734792,1.0,no_drifts,synthetic,NB,26,26042
synthetic_dataset_no_drifts,1000,KS90,0.83165,0.8327672501919887,0.83165,0.8315108616849491,4,80,0.8316608232023033,1.0,no_drifts,synthetic,NB,26,26042
synthetic_dataset_no_drifts,1000,HD,0.8307,0.8314026174504681,0.8307,0.830612048592439,5,80,0.8307085918183956,1.0,no_drifts,synthetic,NB,26,26042
synthetic_dataset_no_drifts,1000,JS,0.83145,0.8332598073793183,0.83145,0.8312237686786662,4,80,0.8314637762995936,1.0,no_drifts,synthetic,NB,26,26042
synthetic_dataset_no_drifts,1500,Base,0.8317125,0.8333443835280677,0.8317125,0.8315090452018717,0,53,0.8317255778989094,1.0,no_drifts,synthetic,NB,26,26042
synthetic_dataset_no_drifts,1500,KS95,0.8314625,0.8328458620635122,0.8314625,0.8312897486947524,1,53,0.8314745466136081,1.0,no_drifts,synthetic,NB,26,26042
synthetic_dataset_no_drifts,1500,KS90,0.8315125,0.8329858507426489,0.8315125,0.8313285465689656,3,53,0.8315249309956935,1.0,no_drifts,synthetic,NB,26,26042
synthetic_dataset_no_drifts,1500,HD,0.831675,0.8333741809549119,0.831675,0.8314630585408426,2,53,0.8316883450811735,1.0,no_drifts,synthetic,NB,26,26042
synthetic_dataset_no_drifts,1500,JS,0.831675,0.8333741809549119,0.831675,0.8314630585408426,2,53,0.8316883450811735,1.0,no_drifts,synthetic,NB,26,26042
synthetic_dataset_no_drifts,2000,Base,0.8316375,0.8332690175368008,0.8316375,0.8314339545290063,0,40,0.8316505778883625,1.0,no_drifts,synthetic,NB,26,26042
synthetic_dataset_no_drifts,2000,KS95,0.8311,0.8322096289060211,0.8311,0.8309611354216664,1,40,0.8311107949999555,1.0,no_drifts,synthetic,NB,26,26042
synthetic_dataset_no_drifts,2000,KS90,0.83125,0.832701153051684,0.83125,0.8310684032875278,4,40,0.8312623418962669,1.0,no_drifts,synthetic,NB,26,26042
synthetic_dataset_no_drifts,2000,HD,0.8316375,0.8332690175368008,0.8316375,0.8314339545290063,0,40,0.8316505778883625,1.0,no_drifts,synthetic,NB,26,26042
synthetic_dataset_no_drifts,2000,JS,0.8316375,0.8332690175368008,0.8316375,0.8314339545290063,0,40,0.8316505778883625,1.0,no_drifts,synthetic,NB,26,26042
synthetic_dataset_no_drifts,2500,Base,0.8315125,0.8330945964539461,0.8315125,0.831314919077303,0,32,0.8315253809957568,1.0,no_drifts,synthetic,NB,26,26042
synthetic_dataset_no_drifts,2500,KS95,0.8317,0.833268019735342,0.8317,0.8315045108575294,1,32,0.8317128200846153,1.0,no_drifts,synthetic,NB,26,26042
synthetic_dataset_no_drifts,2500,KS90,0.8315125,0.8330149152451916,0.8315125,0.8313249040259838,2,32,0.8315250528707107,1.0,no_drifts,synthetic,NB,26,26042
synthetic_dataset_no_drifts,2500,HD,0.8315125,0.8330945964539461,0.8315125,0.831314919077303,0,32,0.8315253809957568,1.0,no_drifts,synthetic,NB,26,26042
synthetic_dataset_no_drifts,2500,JS,0.8315125,0.8330945964539461,0.8315125,0.831314919077303,0,32,0.8315253809957568,1.0,no_drifts,synthetic,NB,26,26042
synthetic_dataset_with_parallel_drifts_abrupt,1000,Base,0.835275,0.8367108495649376,0.835275,0.8350978625051816,0,80,0.8352684584107384,1.0,parallel_abrupt,synthetic,NB,19,19042
synthetic_dataset_with_parallel_drifts_abrupt,1000,KS95,0.8367,0.8407412515543209,0.8367,0.8362121656014341,9,80,0.836689098467564,1.0,parallel_abrupt,synthetic,NB,19,19042
synthetic_dataset_with_parallel_drifts_abrupt,1000,KS90,0.835975,0.8404821426644743,0.835975,0.8354280367054149,15,80,0.8359634834385394,1.0,parallel_abrupt,synthetic,NB,19,19042
synthetic_dataset_with_parallel_drifts_abrupt,1000,HD,0.8364875,0.8377104529110915,0.8364875,0.8363381109513616,4,80,0.8364814709592588,1.0,parallel_abrupt,synthetic,NB,19,19042
synthetic_dataset_with_parallel_drifts_abrupt,1000,JS,0.8364875,0.8377104529110915,0.8364875,0.8363381109513616,4,80,0.8364814709592588,1.0,parallel_abrupt,synthetic,NB,19,19042
synthetic_dataset_with_parallel_drifts_abrupt,1500,Base,0.835,0.8366901858946363,0.835,0.834791208880168,0,53,0.8349929033997162,1.0,parallel_abrupt,synthetic,NB,19,19042
synthetic_dataset_with_parallel_drifts_abrupt,1500,KS95,0.83535,0.839197531952713,0.83535,0.8348795866224656,9,53,0.8353393384135734,1.0,parallel_abrupt,synthetic,NB,19,19042
synthetic_dataset_with_parallel_drifts_abrupt,1500,KS90,0.8351875,0.8390496165194261,0.8351875,0.8347146295767282,12,53,0.8351768159070725,1.0,parallel_abrupt,synthetic,NB,19,19042
synthetic_dataset_with_parallel_drifts_abrupt,1500,HD,0.8329125,0.8344556564809591,0.8329125,0.8327181258894111,7,53,0.8329056958162278,1.0,parallel_abrupt,synthetic,NB,19,19042
synthetic_dataset_with_parallel_drifts_abrupt,1500,JS,0.8317,0.8320421284593805,0.8317,0.8316559575830499,4,53,0.8316967782678711,1.0,parallel_abrupt,synthetic,NB,19,19042
synthetic_dataset_with_parallel_drifts_abrupt,2000,Base,0.83425,0.8362306842770788,0.83425,0.8340039521184986,0,40,0.8342423133696925,1.0,parallel_abrupt,synthetic,NB,19,19042
synthetic_dataset_with_parallel_drifts_abrupt,2000,KS95,0.8314875,0.8334427501900056,0.8314875,0.8312384887581695,8,40,0.8314798307591932,1.0,parallel_abrupt,synthetic,NB,19,19042
synthetic_dataset_with_parallel_drifts_abrupt,2000,KS90,0.830625,0.8336746400797703,0.830625,0.8302350809314321,12,40,0.8306154282246171,1.0,parallel_abrupt,synthetic,NB,19,19042
synthetic_dataset_with_parallel_drifts_abrupt,2000,HD,0.8310375,0.8335637444732871,0.8310375,0.8307151413285312,5,40,0.8310287857411516,1.0,parallel_abrupt,synthetic,NB,19,19042
synthetic_dataset_with_parallel_drifts_abrupt,2000,JS,0.8311875,0.8336278782570494,0.8311875,0.8308764236542243,5,40,0.8311789357471574,1.0,parallel_abrupt,synthetic,NB,19,19042
synthetic_dataset_with_parallel_drifts_abrupt,2500,Base,0.8337375,0.8359843792483235,0.8337375,0.8334573704696031,0,32,0.8337293108491723,1.0,parallel_abrupt,synthetic,NB,19,19042
synthetic_dataset_with_parallel_drifts_abrupt,2500,KS95,0.8306,0.8325487141115211,0.8306,0.8303498404309787,6,32,0.8305923332236933,1.0,parallel_abrupt,synthetic,NB,19,19042
synthetic_dataset_with_parallel_drifts_abrupt,2500,KS90,0.8306,0.8325487141115211,0.8306,0.8303498404309787,6,32,0.8305923332236933,1.0,parallel_abrupt,synthetic,NB,19,19042
synthetic_dataset_with_parallel_drifts_abrupt,2500,HD,0.8246125,0.8246328671759715,0.8246125,0.8246095713884608,4,32,0.8246116954844678,1.0,parallel_abrupt,synthetic,NB,19,19042
synthetic_dataset_with_parallel_drifts_abrupt,2500,JS,0.8246125,0.8246328671759715,0.8246125,0.8246095713884608,4,32,0.8246116954844678,1.0,parallel_abrupt,synthetic,NB,19,19042
synthetic_dataset_with_switching_drifts_incremental,1000,Base,0.83835,0.8415273913797792,0.83835,0.8379712196243743,0,80,0.8383403435336139,1.0,switching_incremental,synthetic,NB,19,19042
synthetic_dataset_with_switching_drifts_incremental,1000,KS95,0.8394,0.843043254833571,0.8394,0.8389704149167981,33,80,0.8393896835755873,1.0,switching_incremental,synthetic,NB,19,19042
synthetic_dataset_with_switching_drifts_incremental,1000,KS90,0.838775,0.8432044766001465,0.838775,0.8382508547119268,36,80,0.8387636285505452,1.0,switching_incremental,synthetic,NB,19,19042
synthetic_dataset_with_switching_drifts_incremental,1000,HD,0.8383125,0.8415446427181253,0.8383125,0.8379271239835921,16,80,0.8383027610321105,1.0,switching_incremental,synthetic,NB,19,19042
synthetic_dataset_with_switching_drifts_incremental,1000,JS,0.8391125,0.8415066640122861,0.8391125,0.8388283616549784,16,80,0.8391041160641647,1.0,switching_incremental,synthetic,NB,19,19042
synthetic_dataset_with_switching_drifts_incremental,1500,Base,0.8387125,0.8420193977452977,0.8387125,0.8383197347149555,0,53,0.8387026560481063,1.0,switching_incremental,synthetic,NB,19,19042
synthetic_dataset_with_switching_drifts_incremental,1500,KS95,0.8395125,0.8437154879115775,0.8395125,0.8390181942177991,25,53,0.8395014310800574,1.0,switching_incremental,synthetic,NB,19,19042
synthetic_dataset_with_switching_drifts_incremental,1500,KS90,0.839325,0.8435661438670672,0.839325,0.8388254022314224,28,53,0.839313878572555,1.0,switching_incremental,synthetic,NB,19,19042
synthetic_dataset_with_switching_drifts_incremental,1500,HD,0.8381,0.8420087033360676,0.8381,0.8376339605234593,13,53,0.838089298523572,1.0,switching_incremental,synthetic,NB,19,19042
synthetic_dataset_with_switching_drifts_incremental,1500,JS,0.8381,0.8420087033360676,0.8381,0.8376339605234593,13,53,0.838089298523572,1.0,switching_incremental,synthetic,NB,19,19042
synthetic_dataset_with_switching_drifts_incremental,2000,Base,0.837975,0.8413926510160602,0.837975,0.8375664735448554,0,40,0.8379649835185994,1.0,switching_incremental,synthetic,NB,19,19042
synthetic_dataset_with_switching_drifts_incremental,2000,KS95,0.83735,0.8410713406233336,0.83735,0.8369030260153258,20,40,0.8373395434935819,1.0,switching_incremental,synthetic,NB,19,19042
synthetic_dataset_with_switching_drifts_incremental,2000,KS90,0.8377125,0.8416928276854145,0.8377125,0.8372363382668573,22,40,0.8377016960080678,1.0,switching_incremental,synthetic,NB,19,19042
synthetic_dataset_with_switching_drifts_incremental,2000,HD,0.8361875,0.8400721934706615,0.8361875,0.8357161759190698,12,40,0.836176800947072,1.0,switching_incremental,synthetic,NB,19,19042
synthetic_dataset_with_switching_drifts_incremental,2000,JS,0.8361875,0.8400721934706615,0.8361875,0.8357161759190698,12,40,0.836176800947072,1.0,switching_incremental,synthetic,NB,19,19042
synthetic_dataset_with_switching_drifts_incremental,2500,Base,0.8381375,0.8416559151749298,0.8381375,0.8377176739551762,0,32,0.8381273410250937,1.0,switching_incremental,synthetic,NB,19,19042
synthetic_dataset_with_switching_drifts_incremental,2500,KS95,0.8339625,0.8378323772051565,0.8339625,0.8334834314448104,18,32,0.8339517858580714,1.0,switching_incremental,synthetic,NB,19,19042
synthetic_dataset_with_switching_drifts_incremental,2500,KS90,0.8339625,0.8378323772051565,0.8339625,0.8334834314448104,18,32,0.8339517858580714,1.0,switching_incremental,synthetic,NB,19,19042
synthetic_dataset_with_switching_drifts_incremental,2500,HD,0.8379625,0.8423400486980068,0.8379625,0.8374405760894682,10,32,0.8379511810180472,1.0,switching_incremental,synthetic,NB,19,19042
synthetic_dataset_with_switching_drifts_incremental,2500,JS,0.8379625,0.8423400486980068,0.8379625,0.8374405760894682,10,32,0.8379511810180472,1.0,switching_incremental,synthetic,NB,19,19042
synthetic_dataset_with_parallel_drifts_incremental,1000,Base,0.843125,0.8464049611071581,0.843125,0.842750902213771,0,80,0.8431152587246104,1.0,parallel_incremental,synthetic,NB,19,19042
synthetic_dataset_with_parallel_drifts_incremental,1000,KS95,0.8435625,0.8472886467569839,0.8435625,0.8431397733454156,13,80,0.8435521312420854,1.0,parallel_incremental,synthetic,NB,19,19042
synthetic_dataset_with_parallel_drifts_incremental,1000,KS90,0.84285,0.8469423560792365,0.84285,0.84238312258611,19,80,0.8428391287135651,1.0,parallel_incremental,synthetic,NB,19,19042
synthetic_dataset_with_parallel_drifts_incremental,1000,HD,0.8432625,0.8464979841599385,0.8432625,0.842893897004129,8,80,0.8432528262301131,1.0,parallel_incremental,synthetic,NB,19,19042
synthetic_dataset_with_parallel_drifts_incremental,1000,JS,0.843675,0.8466543263315929,0.843675,0.8433366171595013,5,80,0.8436657187466287,1.0,parallel_incremental,synthetic,NB,19,19042
synthetic_dataset_with_parallel_drifts_incremental,1500,Base,0.8432625,0.8466450029697115,0.8432625,0.8428773134225516,0,53,0.8432526112301044,1.0,parallel_incremental,synthetic,NB,19,19042
synthetic_dataset_with_parallel_drifts_incremental,1500,KS95,0.843525,0.8472452868264807,0.843525,0.8431027843211294,10,53,0.8435146387405855,1.0,parallel_incremental,synthetic,NB,19,19042
synthetic_dataset_with_parallel_drifts_incremental,1500,KS90,0.8433625,0.8470973828805938,0.8433625,0.8429380056718386,13,53,0.8433521162340847,1.0,parallel_incremental,synthetic,NB,19,19042
synthetic_dataset_with_parallel_drifts_incremental,1500,HD,0.8421375,0.8451115294759637,0.8421375,0.8417948673752517,6,53,0.8421282061851282,1.0,parallel_incremental,synthetic,NB,19,19042
synthetic_dataset_with_parallel_drifts_incremental,1500,JS,0.8421375,0.8451115294759637,0.8421375,0.8417948673752517,6,53,0.8421282061851282,1.0,parallel_incremental,synthetic,NB,19,19042
synthetic_dataset_with_parallel_drifts_incremental,2000,Base,0.8429625,0.8464535327320104,0.8429625,0.8425639722363152,0,40,0.8429524512180981,1.0,parallel_incremental,synthetic,NB,19,19042
synthetic_dataset_with_parallel_drifts_incremental,2000,KS95,0.8426125,0.845548753282975,0.8426125,0.8422756631274442,8,40,0.8426032712041308,1.0,parallel_incremental,synthetic,NB,19,19042
synthetic_dataset_with_parallel_drifts_incremental,2000,KS90,0.8418,0.8456845866540239,0.8418,0.8413522507309408,12,40,0.8417893886715756,1.0,parallel_incremental,synthetic,NB,19,19042
synthetic_dataset_with_parallel_drifts_incremental,2000,HD,0.8420625,0.8451139381589797,0.8420625,0.8417107885112051,5,40,0.8420530861821234,1.0,parallel_incremental,synthetic,NB,19,19042
synthetic_dataset_with_parallel_drifts_incremental,2000,JS,0.8420625,0.8451139381589797,0.8420625,0.8417107885112051,5,40,0.8420530861821234,1.0,parallel_incremental,synthetic,NB,19,19042
synthetic_dataset_with_parallel_drifts_incremental,2500,Base,0.8424,0.8460755501432683,0.8424,0.8419784395447532,0,32,0.8423896836955874,1.0,parallel_incremental,synthetic,NB,19,19042
synthetic_dataset_with_parallel_drifts_incremental,2500,KS95,0.843175,0.8459309203220094,0.843175,0.8428603167116726,6,32,0.8431660637266425,1.0,parallel_incremental,synthetic,NB,19,19042
synthetic_dataset_with_parallel_drifts_incremental,2500,KS90,0.843175,0.8459309203220094,0.843175,0.8428603167116726,6,32,0.8431660637266425,1.0,parallel_incremental,synthetic,NB,19,19042
synthetic_dataset_with_parallel_drifts_incremental,2500,HD,0.8435375,0.8459746987723442,0.8435375,0.8432598563713251,2,32,0.8435290962411639,1.0,parallel_incremental,synthetic,NB,19,19042
synthetic_dataset_with_parallel_drifts_incremental,2500,JS,0.8435125,0.8457548050728375,0.8435125,0.8432568278473785,3,32,0.8435044362401775,1.0,parallel_incremental,synthetic,NB,19,19042
synthetic_dataset_with_switching_drifts_abrupt,1000,Base,0.8074875,0.8080952186744144,0.8074875,0.8073913967537696,0,80,0.8074830447993219,1.0,switching_abrupt,synthetic,NB,19,19042
synthetic_dataset_with_switching_drifts_abrupt,1000,KS95,0.82525,0.8286727914627674,0.82525,0.8247915953621934,24,80,0.8252397830095913,1.0,switching_abrupt,synthetic,NB,19,19042
synthetic_dataset_with_switching_drifts_abrupt,1000,KS90,0.825375,0.8302461700703331,0.825375,0.8247260028686216,26,80,0.8253628430145137,1.0,switching_abrupt,synthetic,NB,19,19042
synthetic_dataset_with_switching_drifts_abrupt,1000,HD,0.823925,0.825684284283737,0.823925,0.8236852532584206,15,80,0.8239176379567056,1.0,switching_abrupt,synthetic,NB,19,19042
synthetic_dataset_with_switching_drifts_abrupt,1000,JS,0.8238625,0.8256492265731499,0.8238625,0.823618908594124,14,80,0.8238550804542032,1.0,switching_abrupt,synthetic,NB,19,19042
synthetic_dataset_with_switching_drifts_abrupt,1500,Base,0.807225,0.807968598866931,0.807225,0.8071073194497543,0,53,0.8072200722888028,1.0,switching_abrupt,synthetic,NB,19,19042
synthetic_dataset_with_switching_drifts_abrupt,1500,KS95,0.82095,0.8246109037024216,0.82095,0.820441324486476,25,53,0.8209393678375748,1.0,switching_abrupt,synthetic,NB,19,19042
synthetic_dataset_with_switching_drifts_abrupt,1500,KS90,0.820775,0.824468836324452,0.820775,0.8202610190813869,28,53,0.8207643178305727,1.0,switching_abrupt,synthetic,NB,19,19042
synthetic_dataset_with_switching_drifts_abrupt,1500,HD,0.8122625,0.8143205103995796,0.8122625,0.8119527205847522,15,53,0.8122543949901759,1.0,switching_abrupt,synthetic,NB,19,19042
synthetic_dataset_with_switching_drifts_abrupt,1500,JS,0.8141125,0.8162633753961224,0.8141125,0.8137939273680522,14,53,0.8141042400641696,1.0,switching_abrupt,synthetic,NB,19,19042
synthetic_dataset_with_switching_drifts_abrupt,2000,Base,0.805225,0.8061105877540913,0.805225,0.8050826431634989,0,40,0.8052196072087844,1.0,switching_abrupt,synthetic,NB,19,19042
synthetic_dataset_with_switching_drifts_abrupt,2000,KS95,0.8073875,0.8095621162957223,0.8073875,0.8070465210442572,20,40,0.8073791047951642,1.0,switching_abrupt,synthetic,NB,19,19042
synthetic_dataset_with_switching_drifts_abrupt,2000,KS90,0.8083875,0.8108982245016115,0.8083875,0.807997612800852,22,40,0.8083784998351401,1.0,switching_abrupt,synthetic,NB,19,19042
synthetic_dataset_with_switching_drifts_abrupt,2000,HD,0.8076375,0.810979437318638,0.8076375,0.8071166920147869,14,40,0.8076271198050848,1.0,switching_abrupt,synthetic,NB,19,19042
synthetic_dataset_with_switching_drifts_abrupt,2000,JS,0.8076375,0.810979437318638,0.8076375,0.8071166920147869,14,40,0.8076271198050848,1.0,switching_abrupt,synthetic,NB,19,19042
synthetic_dataset_with_switching_drifts_abrupt,2500,Base,0.805825,0.8068532487347196,0.805825,0.8056607151772075,0,32,0.8058191972327678,1.0,switching_abrupt,synthetic,NB,19,19042
synthetic_dataset_with_switching_drifts_abrupt,2500,KS95,0.8001875,0.8020254959162952,0.8001875,0.7998809684886421,16,32,0.8001796845071875,1.0,switching_abrupt,synthetic,NB,19,19042
synthetic_dataset_with_switching_drifts_abrupt,2500,KS90,0.8001875,0.8020254959162952,0.8001875,0.7998809684886421,16,32,0.8001796845071875,1.0,switching_abrupt,synthetic,NB,19,19042
synthetic_dataset_with_switching_drifts_abrupt,2500,HD,0.8027125,0.8029683514291961,0.8027125,0.8026700781039697,7,32,0.8027095796083834,1.0,switching_abrupt,synthetic,NB,19,19042
synthetic_dataset_with_switching_drifts_abrupt,2500,JS,0.801125,0.8011293837818092,0.801125,0.8011243754064508,4,32,0.8011253670450147,1.0,switching_abrupt,synthetic,NB,19,19042
synthetic_dataset_no_drifts,1000,Base,0.844325,0.8487353780848149,0.844325,0.8438291029999425,0,80,0.8443137437725498,1.0,no_drifts,synthetic,NB,19,19042
synthetic_dataset_no_drifts,1000,KS95,0.844625,0.8489482803199541,0.844625,0.8441401393955075,4,80,0.8446138587845543,1.0,no_drifts,synthetic,NB,19,19042
synthetic_dataset_no_drifts,1000,KS90,0.8437125,0.8484856015252737,0.8437125,0.843173269038579,11,80,0.8437007862480314,1.0,no_drifts,synthetic,NB,19,19042
synthetic_dataset_no_drifts,1000,HD,0.843875,0.8486648555984652,0.843875,0.8433347152948211,4,80,0.8438632687545308,1.0,no_drifts,synthetic,NB,19,19042
synthetic_dataset_no_drifts,1000,JS,0.843875,0.8486648555984652,0.843875,0.8433347152948211,4,80,0.8438632687545308,1.0,no_drifts,synthetic,NB,19,19042
synthetic_dataset_no_drifts,1500,Base,0.8443125,0.8486811127048087,0.8443125,0.8438211875366731,0,53,0.8443012962720519,1.0,no_drifts,synthetic,NB,19,19042
synthetic_dataset_no_drifts,1500,KS95,0.844225,0.8487379703324405,0.844225,0.8437172330543226,1,53,0.8442136137685445,1.0,no_drifts,synthetic,NB,19,19042
synthetic_dataset_no_drifts,1500,KS90,0.8442375,0.8486249406399285,0.8442375,0.8437437504484289,7,53,0.8442262712690508,1.0,no_drifts,synthetic,NB,19,19042
synthetic_dataset_no_drifts,1500,HD,0.8434625,0.848641741123958,0.8434625,0.8428766397016417,2,53,0.843450301238012,1.0,no_drifts,synthetic,NB,19,19042
synthetic_dataset_no_drifts,1500,JS,0.8434625,0.848641741123958,0.8434625,0.8428766397016417,2,53,0.843450301238012,1.0,no_drifts,synthetic,NB,19,19042
synthetic_dataset_no_drifts,2000,Base,0.844375,0.8487148098751842,0.844375,0.8438871731750771,0,40,0.8443638337745533,1.0,no_drifts,synthetic,NB,19,19042
synthetic_dataset_no_drifts,2000,KS95,0.843625,0.848394816508375,0.843625,0.8430856979413666,3,40,0.8436132887445316,1.0,no_drifts,synthetic,NB,19,19042
synthetic_dataset_no_drifts,2000,KS90,0.8434,0.8484774609537399,0.8434,0.842825170794718,8,40,0.8433879187355168,1.0,no_drifts,synthetic,NB,19,19042
synthetic_dataset_no_drifts,2000,HD,0.844375,0.8487148098751842,0.844375,0.8438871731750771,0,40,0.8443638337745533,1.0,no_drifts,synthetic,NB,19,19042
synthetic_dataset_no_drifts,2000,JS,0.844375,0.8487148098751842,0.844375,0.8438871731750771,0,40,0.8443638337745533,1.0,no_drifts,synthetic,NB,19,19042
synthetic_dataset_no_drifts,2500,Base,0.8440375,0.8484580886915924,0.8440375,0.8435391381367606,0,32,0.8440262262610491,1.0,no_drifts,synthetic,NB,19,19042
synthetic_dataset_no_drifts,2500,KS95,0.8440375,0.8484580886915924,0.8440375,0.8435391381367606,0,32,0.8440262262610491,1.0,no_drifts,synthetic,NB,19,19042
synthetic_dataset_no_drifts,2500,KS90,0.8440375,0.8484580886915924,0.8440375,0.8435391381367606,0,32,0.8440262262610491,1.0,no_drifts,synthetic,NB,19,19042
synthetic_dataset_no_drifts,2500,HD,0.8440375,0.8484580886915924,0.8440375,0.8435391381367606,0,32,0.8440262262610491,1.0,no_drifts,synthetic,NB,19,19042
synthetic_dataset_no_drifts,2500,JS,0.8440375,0.8484580886915924,0.8440375,0.8435391381367606,0,32,0.8440262262610491,1.0,no_drifts,synthetic,NB,19,19042
synthetic_dataset_with_parallel_drifts_abrupt,1000,Base,0.67205,0.6752990898563589,0.67205,0.6705276510226313,0,80,0.672056799220568,1.0,parallel_abrupt,synthetic,NB,4,4042
synthetic_dataset_with_parallel_drifts_abrupt,1000,KS95,0.6654375,0.6655994849211425,0.6654375,0.6653567134187125,10,80,0.6654390554043905,1.0,parallel_abrupt,synthetic,NB,4,4042
synthetic_dataset_with_parallel_drifts_abrupt,1000,KS90,0.6638125,0.6639389914957842,0.6638125,0.6637485811624338,13,80,0.6638138803881388,1.0,parallel_abrupt,synthetic,NB,4,4042
synthetic_dataset_with_parallel_drifts_abrupt,1000,HD,0.6705125,0.6729148168635255,0.6705125,0.6693679083840361,4,80,0.6705183854551839,1.0,parallel_abrupt,synthetic,NB,4,4042
synthetic_dataset_with_parallel_drifts_abrupt,1000,JS,0.6705125,0.6729148168635255,0.6705125,0.6693679083840361,4,80,0.6705183854551839,1.0,parallel_abrupt,synthetic,NB,4,4042
synthetic_dataset_with_parallel_drifts_abrupt,1500,Base,0.6703375,0.6731846528379594,0.6703375,0.6689811265155394,0,53,0.6703439029534389,1.0,parallel_abrupt,synthetic,NB,4,4042
synthetic_dataset_with_parallel_drifts_abrupt,1500,KS95,0.66245,0.6629111333586044,0.66245,0.6622127904039485,10,53,0.6624526516245265,1.0,parallel_abrupt,synthetic,NB,4,4042
synthetic_dataset_with_parallel_drifts_abrupt,1500,KS90,0.6635625,0.6639646968535424,0.6635625,0.6633577424270215,11,53,0.6635649678856497,1.0,parallel_abrupt,synthetic,NB,4,4042
synthetic_dataset_with_parallel_drifts_abrupt,1500,HD,0.668425,0.6737329525564559,0.668425,0.6658785868680699,4,53,0.6684337316843373,1.0,parallel_abrupt,synthetic,NB,4,4042
synthetic_dataset_with_parallel_drifts_abrupt,1500,JS,0.663475,0.664910562391944,0.663475,0.6627442038134456,9,53,0.6634796566347967,1.0,parallel_abrupt,synthetic,NB,4,4042
synthetic_dataset_with_parallel_drifts_abrupt,2000,Base,0.66985,0.6723313360309698,0.66985,0.6686611608753816,0,40,0.6698559916985599,1.0,parallel_abrupt,synthetic,NB,4,4042
synthetic_dataset_with_parallel_drifts_abrupt,2000,KS95,0.664,0.6659209952188101,0.664,0.6630282840882276,10,40,0.6640053716400537,1.0,parallel_abrupt,synthetic,NB,4,4042
synthetic_dataset_with_parallel_drifts_abrupt,2000,KS90,0.663,0.6643717013496869,0.663,0.6622985709421785,8,40,0.6630045591300456,1.0,parallel_abrupt,synthetic,NB,4,4042
synthetic_dataset_with_parallel_drifts_abrupt,2000,HD,0.664625,0.6654022611769663,0.664625,0.6642328494396232,5,40,0.6646284191462842,1.0,parallel_abrupt,synthetic,NB,4,4042
synthetic_dataset_with_parallel_drifts_abrupt,2000,JS,0.664625,0.6654022611769663,0.664625,0.6642328494396232,5,40,0.6646284191462842,1.0,parallel_abrupt,synthetic,NB,4,4042
synthetic_dataset_with_parallel_drifts_abrupt,2500,Base,0.670225,0.6724482555575149,0.670225,0.6691623378708146,0,32,0.6702306692023067,1.0,parallel_abrupt,synthetic,NB,4,4042
synthetic_dataset_with_parallel_drifts_abrupt,2500,KS95,0.66445,0.6657305136689771,0.66445,0.6638035575880191,6,32,0.6644543866445438,1.0,parallel_abrupt,synthetic,NB,4,4042
synthetic_dataset_with_parallel_drifts_abrupt,2500,KS90,0.6568375,0.6571698375910839,0.6568375,0.6566576456148858,11,32,0.6568397903183979,1.0,parallel_abrupt,synthetic,NB,4,4042
synthetic_dataset_with_parallel_drifts_abrupt,2500,HD,0.664425,0.6681223757563636,0.664425,0.6625747762195784,5,32,0.6644324066443241,1.0,parallel_abrupt,synthetic,NB,4,4042
synthetic_dataset_with_parallel_drifts_abrupt,2500,JS,0.6669875,0.674684936181361,0.6669875,0.6632849727539064,4,32,0.6669979879199799,1.0,parallel_abrupt,synthetic,NB,4,4042
synthetic_dataset_with_switching_drifts_incremental,1000,Base,0.6706125,0.671825480593374,0.6706125,0.6700328639555759,0,80,0.670616692956167,1.0,switching_incremental,synthetic,NB,4,4042
synthetic_dataset_with_switching_drifts_incremental,1000,KS95,0.6658625,0.6661428124127888,0.6658625,0.6657228764385327,31,80,0.6658645454086454,1.0,switching_incremental,synthetic,NB,4,4042
synthetic_dataset_with_switching_drifts_incremental,1000,KS90,0.6658625,0.6662269688330748,0.6658625,0.6656808079191036,33,80,0.6658648329086484,1.0,switching_incremental,synthetic,NB,4,4042
synthetic_dataset_with_switching_drifts_incremental,1000,HD,0.6655625,0.6655962473272932,0.6655625,0.6655459365398899,9,80,0.6655632054056321,1.0,switching_incremental,synthetic,NB,4,4042
synthetic_dataset_with_switching_drifts_incremental,1000,JS,0.6680125,0.6681707252299897,0.6680125,0.6679354017218604,13,80,0.6680140254301402,1.0,switching_incremental,synthetic,NB,4,4042
synthetic_dataset_with_switching_drifts_incremental,1500,Base,0.6700875,0.6712679498171479,0.6700875,0.6695207328280479,0,53,0.6700916429509165,1.0,switching_incremental,synthetic,NB,4,4042
synthetic_dataset_with_switching_drifts_incremental,1500,KS95,0.6699125,0.67015913823613,0.6699125,0.6697940796611328,26,53,0.669914395449144,1.0,switching_incremental,synthetic,NB,4,4042
synthetic_dataset_with_switching_drifts_incremental,1500,KS90,0.6699125,0.67015913823613,0.6699125,0.6697940796611328,26,53,0.669914395449144,1.0,switching_incremental,synthetic,NB,4,4042
synthetic_dataset_with_switching_drifts_incremental,1500,HD,0.6671375,0.6672872990460279,0.6671375,0.6670639573982934,13,53,0.6671389879213899,1.0,switching_incremental,synthetic,NB,4,4042
synthetic_dataset_with_switching_drifts_incremental,1500,JS,0.6671375,0.6672872990460279,0.6671375,0.6670639573982934,13,53,0.6671389879213899,1.0,switching_incremental,synthetic,NB,4,4042
synthetic_dataset_with_switching_drifts_incremental,2000,Base,0.6693,0.6703375671928241,0.6693,0.6687981804789704,0,40,0.6693038941930389,1.0,switching_incremental,synthetic,NB,4,4042
synthetic_dataset_with_switching_drifts_incremental,2000,KS95,0.6681875,0.6684024068888992,0.6681875,0.6680827790057118,19,40,0.6681892779318929,1.0,switching_incremental,synthetic,NB,4,4042
synthetic_dataset_with_switching_drifts_incremental,2000,KS90,0.6681875,0.6684024068888992,0.6681875,0.6680827790057118,19,40,0.6681892779318929,1.0,switching_incremental,synthetic,NB,4,4042
synthetic_dataset_with_switching_drifts_incremental,2000,HD,0.6676625,0.6679033433685023,0.6676625,0.6675445287612926,12,40,0.667664385426644,1.0,switching_incremental,synthetic,NB,4,4042
synthetic_dataset_with_switching_drifts_incremental,2000,JS,0.6676625,0.6679033433685023,0.6676625,0.6675445287612926,12,40,0.667664385426644,1.0,switching_incremental,synthetic,NB,4,4042
synthetic_dataset_with_switching_drifts_incremental,2500,Base,0.66995,0.6709035535757337,0.66995,0.6694914011946291,0,32,0.6699537266995373,1.0,switching_incremental,synthetic,NB,4,4042
synthetic_dataset_with_switching_drifts_incremental,2500,KS95,0.6693375,0.6695145969594465,0.6693375,0.6692521667305422,19,32,0.669339107943391,1.0,switching_incremental,synthetic,NB,4,4042
synthetic_dataset_with_switching_drifts_incremental,2500,KS90,0.6693375,0.6695145969594465,0.6693375,0.6692521667305422,20,32,0.669339107943391,1.0,switching_incremental,synthetic,NB,4,4042
synthetic_dataset_with_switching_drifts_incremental,2500,HD,0.667875,0.6681998720206646,0.667875,0.6677159980908806,10,32,0.6678771891787719,1.0,switching_incremental,synthetic,NB,4,4042
synthetic_dataset_with_switching_drifts_incremental,2500,JS,0.668475,0.6688871087880167,0.668475,0.6682742541697988,10,32,0.6684774616847746,1.0,switching_incremental,synthetic,NB,4,4042
synthetic_dataset_with_parallel_drifts_incremental,1000,Base,0.67065,0.6717243163599471,0.67065,0.6701366356687467,0,80,0.6706539467065395,1.0,parallel_incremental,synthetic,NB,4,4042
synthetic_dataset_with_parallel_drifts_incremental,1000,KS95,0.6702,0.6705954520989545,0.6702,0.6700103230061968,14,80,0.6702023992020241,1.0,parallel_incremental,synthetic,NB,4,4042
synthetic_dataset_with_parallel_drifts_incremental,1000,KS90,0.6686,0.6689451275833562,0.6686,0.6684321449791499,17,80,0.6686022516860226,1.0,parallel_incremental,synthetic,NB,4,4042
synthetic_dataset_with_parallel_drifts_incremental,1000,HD,0.6718375,0.6739506566751945,0.6718375,0.6708413487333348,4,80,0.6718430029684301,1.0,parallel_incremental,synthetic,NB,4,4042
synthetic_dataset_with_parallel_drifts_incremental,1000,JS,0.6718375,0.6739506566751945,0.6718375,0.6708413487333348,4,80,0.6718430029684301,1.0,parallel_incremental,synthetic,NB,4,4042
synthetic_dataset_with_parallel_drifts_incremental,1500,Base,0.6699125,0.6709491138906806,0.6699125,0.6694138626954648,0,53,0.6699163854491639,1.0,parallel_incremental,synthetic,NB,4,4042
synthetic_dataset_with_parallel_drifts_incremental,1500,KS95,0.6683375,0.6686893898111068,0.6683375,0.668165945034497,11,53,0.6683397754333977,1.0,parallel_incremental,synthetic,NB,4,4042
synthetic_dataset_with_parallel_drifts_incremental,1500,KS90,0.6695375,0.6698409925434866,0.6695375,0.6693911814708289,12,53,0.669539605445396,1.0,parallel_incremental,synthetic,NB,4,4042
synthetic_dataset_with_parallel_drifts_incremental,1500,HD,0.668775,0.6695846668862391,0.668775,0.6683814364426287,8,53,0.6687784466877844,1.0,parallel_incremental,synthetic,NB,4,4042
synthetic_dataset_with_parallel_drifts_incremental,1500,JS,0.668775,0.6695846668862391,0.668775,0.6683814364426287,8,53,0.6687784466877844,1.0,parallel_incremental,synthetic,NB,4,4042
synthetic_dataset_with_parallel_drifts_incremental,2000,Base,0.6697375,0.6706524255217099,0.6697375,0.6692966210391871,0,40,0.6697411529474115,1.0,parallel_incremental,synthetic,NB,4,4042
synthetic_dataset_with_parallel_drifts_incremental,2000,KS95,0.671225,0.672049957229826,0.671225,0.6708326427091338,10,40,0.6712284542122846,1.0,parallel_incremental,synthetic,NB,4,4042
synthetic_dataset_with_parallel_drifts_incremental,2000,KS90,0.670375,0.670881556886389,0.670375,0.6701322961645101,8,40,0.6703777142037771,1.0,parallel_incremental,synthetic,NB,4,4042
synthetic_dataset_with_parallel_drifts_incremental,2000,HD,0.6713,0.6718681445091855,0.6713,0.6710299755968392,5,40,0.6713028667130285,1.0,parallel_incremental,synthetic,NB,4,4042
synthetic_dataset_with_parallel_drifts_incremental,2000,JS,0.6713,0.6718681445091855,0.6713,0.6710299755968392,5,40,0.6713028667130285,1.0,parallel_incremental,synthetic,NB,4,4042
synthetic_dataset_with_parallel_drifts_incremental,2500,Base,0.670225,0.6710812566035711,0.670225,0.6698141435505138,0,32,0.6702285292022854,1.0,parallel_incremental,synthetic,NB,4,4042
synthetic_dataset_with_parallel_drifts_incremental,2500,KS95,0.674825,0.67554950196988,0.674825,0.6744911598112855,6,32,0.6748282042482819,1.0,parallel_incremental,synthetic,NB,4,4042
synthetic_dataset_with_parallel_drifts_incremental,2500,KS90,0.668575,0.6688104678810832,0.668575,0.6684606097977428,11,32,0.6685768591857686,1.0,parallel_incremental,synthetic,NB,4,4042
synthetic_dataset_with_parallel_drifts_incremental,2500,HD,0.6708875,0.6720879111093158,0.6708875,0.6703152483130751,2,32,0.6708916679589166,1.0,parallel_incremental,synthetic,NB,4,4042
synthetic_dataset_with_parallel_drifts_incremental,2500,JS,0.6708875,0.6720879111093158,0.6708875,0.6703152483130751,2,32,0.6708916679589166,1.0,parallel_incremental,synthetic,NB,4,4042
synthetic_dataset_with_switching_drifts_abrupt,1000,Base,0.6645375,0.6688615300659836,0.6645375,0.6623814836321149,0,80,0.664545492895455,1.0,switching_abrupt,synthetic,NB,4,4042
synthetic_dataset_with_switching_drifts_abrupt,1000,KS95,0.6580375,0.6581051340554214,0.6580375,0.6580016572742661,23,80,0.6580385253303852,1.0,switching_abrupt,synthetic,NB,4,4042
synthetic_dataset_with_switching_drifts_abrupt,1000,KS90,0.65815,0.6582612036264364,0.65815,0.658090877151928,25,80,0.6581513165815132,1.0,switching_abrupt,synthetic,NB,4,4042
synthetic_dataset_with_switching_drifts_abrupt,1000,HD,0.6559125,0.6563407040797143,0.6559125,0.6556786198266962,16,80,0.6559151078091511,1.0,switching_abrupt,synthetic,NB,4,4042
synthetic_dataset_with_switching_drifts_abrupt,1000,JS,0.6559125,0.6563407040797143,0.6559125,0.6556786198266962,16,80,0.6559151078091511,1.0,switching_abrupt,synthetic,NB,4,4042
synthetic_dataset_with_switching_drifts_abrupt,1500,Base,0.664375,0.6682545517370864,0.664375,0.6624342044272746,0,53,0.664382584143826,1.0,switching_abrupt,synthetic,NB,4,4042
synthetic_dataset_with_switching_drifts_abrupt,1500,KS95,0.6612125,0.6614308744092365,0.6612125,0.6610991615463436,25,53,0.6612143303621433,1.0,switching_abrupt,synthetic,NB,4,4042
synthetic_dataset_with_switching_drifts_abrupt,1500,KS90,0.6612125,0.6614308744092365,0.6612125,0.6610991615463436,25,53,0.6612143303621433,1.0,switching_abrupt,synthetic,NB,4,4042
synthetic_dataset_with_switching_drifts_abrupt,1500,HD,0.65515,0.6561420703627099,0.65515,0.6546042561676032,13,53,0.6551539765515398,1.0,switching_abrupt,synthetic,NB,4,4042
synthetic_dataset_with_switching_drifts_abrupt,1500,JS,0.65515,0.6561420703627099,0.65515,0.6546042561676032,13,53,0.6551539765515398,1.0,switching_abrupt,synthetic,NB,4,4042
synthetic_dataset_with_switching_drifts_abrupt,2000,Base,0.663875,0.6673499078465084,0.663875,0.6621259059659907,0,40,0.663882196638822,1.0,switching_abrupt,synthetic,NB,4,4042
synthetic_dataset_with_switching_drifts_abrupt,2000,KS95,0.65505,0.6556959330063162,0.65505,0.6546941954495512,19,40,0.6550532115505321,1.0,switching_abrupt,synthetic,NB,4,4042
synthetic_dataset_with_switching_drifts_abrupt,2000,KS90,0.65505,0.6556959330063162,0.65505,0.6546941954495512,19,40,0.6550532115505321,1.0,switching_abrupt,synthetic,NB,4,4042
synthetic_dataset_with_switching_drifts_abrupt,2000,HD,0.6554375,0.6557850826346937,0.6554375,0.6552469088181433,12,40,0.6554398528043984,1.0,switching_abrupt,synthetic,NB,4,4042
synthetic_dataset_with_switching_drifts_abrupt,2000,JS,0.6554375,0.6557850826346937,0.6554375,0.6552469088181433,12,40,0.6554398528043984,1.0,switching_abrupt,synthetic,NB,4,4042
synthetic_dataset_with_switching_drifts_abrupt,2500,Base,0.664075,0.6672696524971559,0.664075,0.6624680221775292,0,32,0.664081901640819,1.0,switching_abrupt,synthetic,NB,4,4042
synthetic_dataset_with_switching_drifts_abrupt,2500,KS95,0.6539625,0.6543178521840098,0.6539625,0.6537649352265354,17,32,0.653964890289649,1.0,switching_abrupt,synthetic,NB,4,4042
synthetic_dataset_with_switching_drifts_abrupt,2500,KS90,0.65425,0.6546078727067169,0.65425,0.6540515644516304,19,32,0.654252396542524,1.0,switching_abrupt,synthetic,NB,4,4042
synthetic_dataset_with_switching_drifts_abrupt,2500,HD,0.6554125,0.6556955189354625,0.6554125,0.6552573772983318,7,32,0.6554146228041463,1.0,switching_abrupt,synthetic,NB,4,4042
synthetic_dataset_with_switching_drifts_abrupt,2500,JS,0.6554125,0.6556955189354625,0.6554125,0.6552573772983318,7,32,0.6554146228041463,1.0,switching_abrupt,synthetic,NB,4,4042
synthetic_dataset_no_drifts,1000,Base,0.667875,0.6683214009464066,0.667875,0.6676563450222738,0,80,0.6678775666787757,1.0,no_drifts,synthetic,NB,4,4042
synthetic_dataset_no_drifts,1000,KS95,0.6693125,0.6695999975298215,0.6693125,0.6691736408302357,5,80,0.6693145504431455,1.0,no_drifts,synthetic,NB,4,4042
synthetic_dataset_no_drifts,1000,KS90,0.667775,0.6681416744894147,0.667775,0.6675953157407443,7,80,0.6677773266777733,1.0,no_drifts,synthetic,NB,4,4042
synthetic_dataset_no_drifts,1000,HD,0.6693,0.6697651926371126,0.6693,0.6690750036463916,5,80,0.6693026091930261,1.0,no_drifts,synthetic,NB,4,4042
synthetic_dataset_no_drifts,1000,JS,0.668225,0.668674069822007,0.668225,0.6680057224920812,3,80,0.6682275716822756,1.0,no_drifts,synthetic,NB,4,4042
synthetic_dataset_no_drifts,1500,Base,0.6678375,0.6682982550917131,0.6678375,0.6676117253843425,0,53,0.6678401079284011,1.0,no_drifts,synthetic,NB,4,4042
synthetic_dataset_no_drifts,1500,KS95,0.669125,0.6697370115074274,0.669125,0.6688284357152577,1,53,0.66912799419128,1.0,no_drifts,synthetic,NB,4,4042
synthetic_dataset_no_drifts,1500,KS90,0.6692,0.6694414306868721,0.6692,0.6690833527207247,6,53,0.6692018791920188,1.0,no_drifts,synthetic,NB,4,4042
synthetic_dataset_no_drifts,1500,HD,0.6671625,0.6675227660427081,0.6671625,0.6669849933679122,4,53,0.6671648104216481,1.0,no_drifts,synthetic,NB,4,4042
synthetic_dataset_no_drifts,1500,JS,0.6695125,0.670038562440423,0.6695125,0.6692584977920896,5,53,0.6695152729451528,1.0,no_drifts,synthetic,NB,4,4042
synthetic_dataset_no_drifts,2000,Base,0.6679625,0.6684078288861585,0.6679625,0.667744541755271,0,40,0.6679650629296507,1.0,no_drifts,synthetic,NB,4,4042
synthetic_dataset_no_drifts,2000,KS95,0.66655,0.6666362430164144,0.66655,0.6665076054522293,3,40,0.6665511291655113,1.0,no_drifts,synthetic,NB,4,4042
synthetic_dataset_no_drifts,2000,KS90,0.6684875,0.6685343508746764,0.6684875,0.6684650040738864,5,40,0.6684883254348831,1.0,no_drifts,synthetic,NB,4,4042
synthetic_dataset_no_drifts,2000,HD,0.6704875,0.6710338874909745,0.6704875,0.6702259490518172,2,40,0.6704903179549031,1.0,no_drifts,synthetic,NB,4,4042
synthetic_dataset_no_drifts,2000,JS,0.671,0.6717872398616195,0.671,0.670624823175432,3,40,0.6710033767100337,1.0,no_drifts,synthetic,NB,4,4042
synthetic_dataset_no_drifts,2500,Base,0.668125,0.6685940889951203,0.668125,0.6678957247349339,0,32,0.6681276291812763,1.0,no_drifts,synthetic,NB,4,4042
synthetic_dataset_no_drifts,2500,KS95,0.665875,0.6660093719512779,0.665875,0.6658083244683115,2,32,0.6658764141587641,1.0,no_drifts,synthetic,NB,4,4042
synthetic_dataset_no_drifts,2500,KS90,0.6658125,0.6659062821501537,0.6658125,0.6657660607031733,5,32,0.6658136804081369,1.0,no_drifts,synthetic,NB,4,4042
synthetic_dataset_no_drifts,2500,HD,0.66685,0.6670893686297935,0.66685,0.6667318972963794,2,32,0.6668518841685188,1.0,no_drifts,synthetic,NB,4,4042
synthetic_dataset_no_drifts,2500,JS,0.66685,0.6670893686297935,0.66685,0.6667318972963794,2,32,0.6668518841685188,1.0,no_drifts,synthetic,NB,4,4042
synthetic_dataset_with_parallel_drifts_abrupt,1000,Base,0.69825,0.6982739665192474,0.69825,0.6982388951451451,0,80,0.698246135008992,1.0,parallel_abrupt,synthetic,NB,3,3042
synthetic_dataset_with_parallel_drifts_abrupt,1000,KS95,0.70065,0.702296785135552,0.70065,0.7000547466989278,10,80,0.7006790422868953,1.0,parallel_abrupt,synthetic,NB,3,3042
synthetic_dataset_with_parallel_drifts_abrupt,1000,KS90,0.7007375,0.7019774185016888,0.7007375,0.7002906986393238,12,80,0.7007626829472335,1.0,parallel_abrupt,synthetic,NB,3,3042
synthetic_dataset_with_parallel_drifts_abrupt,1000,HD,0.6965875,0.6969286640049072,0.6965875,0.696448678092544,4,80,0.6965736811773803,1.0,parallel_abrupt,synthetic,NB,3,3042
synthetic_dataset_with_parallel_drifts_abrupt,1000,JS,0.6965875,0.6969286640049072,0.6965875,0.696448678092544,4,80,0.6965736811773803,1.0,parallel_abrupt,synthetic,NB,3,3042
synthetic_dataset_with_parallel_drifts_abrupt,1500,Base,0.6982125,0.6982139835456597,0.6982125,0.6982113695641259,0,53,0.6982113081192776,1.0,parallel_abrupt,synthetic,NB,3,3042
synthetic_dataset_with_parallel_drifts_abrupt,1500,KS95,0.6940875,0.6940916689128366,0.6940875,0.6940849373345674,7,53,0.6940856888762036,1.0,parallel_abrupt,synthetic,NB,3,3042
synthetic_dataset_with_parallel_drifts_abrupt,1500,KS90,0.6912375,0.6913304657188036,0.6912375,0.6912038921552643,9,53,0.6912443651757443,1.0,parallel_abrupt,synthetic,NB,3,3042
synthetic_dataset_with_parallel_drifts_abrupt,1500,HD,0.6879375,0.6895733892503516,0.6879375,0.6872455342178758,4,53,0.6879070050157097,1.0,parallel_abrupt,synthetic,NB,3,3042
synthetic_dataset_with_parallel_drifts_abrupt,1500,JS,0.69185,0.6923687368613917,0.69185,0.6916326598656608,6,53,0.6918328235493679,1.0,parallel_abrupt,synthetic,NB,3,3042
synthetic_dataset_with_parallel_drifts_abrupt,2000,Base,0.700025,0.7000254887644972,0.700025,0.7000250129364219,0,40,0.7000252470106669,1.0,parallel_abrupt,synthetic,NB,3,3042
synthetic_dataset_with_parallel_drifts_abrupt,2000,KS95,0.693475,0.6940675962798428,0.693475,0.6932505869863657,9,40,0.6934926642506507,1.0,parallel_abrupt,synthetic,NB,3,3042
synthetic_dataset_with_parallel_drifts_abrupt,2000,KS90,0.6949375,0.6950044297095533,0.6949375,0.694914506737078,12,40,0.6949432292385144,1.0,parallel_abrupt,synthetic,NB,3,3042
synthetic_dataset_with_parallel_drifts_abrupt,2000,HD,0.6887875,0.6888653541939269,0.6887875,0.6887590727374394,9,40,0.6887937953903785,1.0,parallel_abrupt,synthetic,NB,3,3042
synthetic_dataset_with_parallel_drifts_abrupt,2000,JS,0.68835,0.6884629509621978,0.68835,0.688307729579487,9,40,0.688357652081108,1.0,parallel_abrupt,synthetic,NB,3,3042
synthetic_dataset_with_parallel_drifts_abrupt,2500,Base,0.698575,0.6986428854075352,0.698575,0.6985523463317796,0,32,0.6985807226503553,1.0,parallel_abrupt,synthetic,NB,3,3042
synthetic_dataset_with_parallel_drifts_abrupt,2500,KS95,0.68905,0.6890527257613916,0.68905,0.689049486931987,6,32,0.6890509411240227,1.0,parallel_abrupt,synthetic,NB,3,3042
synthetic_dataset_with_parallel_drifts_abrupt,2500,KS90,0.6892125,0.6892124460953865,0.6892125,0.6892124255566197,8,32,0.6892121980671536,1.0,parallel_abrupt,synthetic,NB,3,3042
synthetic_dataset_with_parallel_drifts_abrupt,2500,HD,0.6761875,0.6795827412010154,0.6761875,0.6746220190993939,4,32,0.6761424887952017,1.0,parallel_abrupt,synthetic,NB,3,3042
synthetic_dataset_with_parallel_drifts_abrupt,2500,JS,0.6761875,0.6795827412010154,0.6761875,0.6746220190993939,4,32,0.6761424887952017,1.0,parallel_abrupt,synthetic,NB,3,3042
synthetic_dataset_with_switching_drifts_incremental,1000,Base,0.7082125,0.7102323479868679,0.7082125,0.7075256430419556,0,80,0.7082440886081275,1.0,switching_incremental,synthetic,NB,3,3042
synthetic_dataset_with_switching_drifts_incremental,1000,KS95,0.6999875,0.6999874864993132,0.6999875,0.6999874922652991,30,80,0.699987348869655,1.0,switching_incremental,synthetic,NB,3,3042
synthetic_dataset_with_switching_drifts_incremental,1000,KS90,0.699475,0.6995045952390277,0.699475,0.6994658577822944,32,80,0.6994786755297405,1.0,switching_incremental,synthetic,NB,3,3042
synthetic_dataset_with_switching_drifts_incremental,1000,HD,0.7010375,0.7010395873774335,0.7010375,0.7010371940771128,17,80,0.7010382755636714,1.0,switching_incremental,synthetic,NB,3,3042
synthetic_dataset_with_switching_drifts_incremental,1000,JS,0.7025625,0.7028045547579808,0.7025625,0.7024794325380502,21,80,0.7025734487122821,1.0,switching_incremental,synthetic,NB,3,3042
synthetic_dataset_with_switching_drifts_incremental,1500,Base,0.70805,0.7100631034504757,0.70805,0.7073645361974226,0,53,0.708081547914454,1.0,switching_incremental,synthetic,NB,3,3042
synthetic_dataset_with_switching_drifts_incremental,1500,KS95,0.7030125,0.7031067768318034,0.7030125,0.7029815539862233,24,53,0.7030192239006221,1.0,switching_incremental,synthetic,NB,3,3042
synthetic_dataset_with_switching_drifts_incremental,1500,KS90,0.7030125,0.7031067768318034,0.7030125,0.7029815539862233,24,53,0.7030192239006221,1.0,switching_incremental,synthetic,NB,3,3042
synthetic_dataset_with_switching_drifts_incremental,1500,HD,0.70295,0.7029638542297628,0.70295,0.7029462348514807,13,53,0.702952409497393,1.0,switching_incremental,synthetic,NB,3,3042
synthetic_dataset_with_switching_drifts_incremental,1500,JS,0.70295,0.7029638542297628,0.70295,0.7029462348514807,13,53,0.702952409497393,1.0,switching_incremental,synthetic,NB,3,3042
synthetic_dataset_with_switching_drifts_incremental,2000,Base,0.7071875,0.7090553393098055,0.7071875,0.7065472194149869,0,40,0.7072179506745842,1.0,switching_incremental,synthetic,NB,3,3042
synthetic_dataset_with_switching_drifts_incremental,2000,KS95,0.6987875,0.6988129160812881,0.6987875,0.6987797354598638,20,40,0.6987908908641514,1.0,switching_incremental,synthetic,NB,3,3042
synthetic_dataset_with_switching_drifts_incremental,2000,KS90,0.6987875,0.6988129160812881,0.6987875,0.6987797354598638,20,40,0.6987908908641514,1.0,switching_incremental,synthetic,NB,3,3042
synthetic_dataset_with_switching_drifts_incremental,2000,HD,0.69735,0.6975465555107409,0.69735,0.6972800922432227,10,40,0.6973599633845845,1.0,switching_incremental,synthetic,NB,3,3042
synthetic_dataset_with_switching_drifts_incremental,2000,JS,0.69735,0.6973666499862107,0.69735,0.697345128781563,11,40,0.6973526996315156,1.0,switching_incremental,synthetic,NB,3,3042
synthetic_dataset_with_switching_drifts_incremental,2500,Base,0.7077875,0.7097867174339368,0.7077875,0.7071053217263401,0,32,0.70781895842851,1.0,switching_incremental,synthetic,NB,3,3042
synthetic_dataset_with_switching_drifts_incremental,2500,KS95,0.6982125,0.6982522561107349,0.6982125,0.6981997317779732,18,32,0.6982168168716052,1.0,switching_incremental,synthetic,NB,3,3042
synthetic_dataset_with_switching_drifts_incremental,2500,KS90,0.6979625,0.6979896501760572,0.6979625,0.69795408743494,19,32,0.6979660205156435,1.0,switching_incremental,synthetic,NB,3,3042
synthetic_dataset_with_switching_drifts_incremental,2500,HD,0.705575,0.7065773781823226,0.705575,0.7052287486951303,10,32,0.7055973656148871,1.0,switching_incremental,synthetic,NB,3,3042
synthetic_dataset_with_switching_drifts_incremental,2500,JS,0.705575,0.7065773781823226,0.705575,0.7052287486951303,10,32,0.7055973656148871,1.0,switching_incremental,synthetic,NB,3,3042
synthetic_dataset_with_parallel_drifts_incremental,1000,Base,0.7123125,0.7131682486756472,0.7123125,0.7120333396868264,0,80,0.7123328290856203,1.0,parallel_incremental,synthetic,NB,3,3042
synthetic_dataset_with_parallel_drifts_incremental,1000,KS95,0.7068625,0.7081296532459075,0.7068625,0.7064282423112745,14,80,0.7068875880350061,1.0,parallel_incremental,synthetic,NB,3,3042
synthetic_dataset_with_parallel_drifts_incremental,1000,KS90,0.70695,0.7078596615408341,0.70695,0.7066396987687714,16,80,0.7069712286953442,1.0,parallel_incremental,synthetic,NB,3,3042
synthetic_dataset_with_parallel_drifts_incremental,1000,HD,0.7119375,0.7121298517670617,0.7119375,0.711876848610086,6,80,0.711947022672617,1.0,parallel_incremental,synthetic,NB,3,3042
synthetic_dataset_with_parallel_drifts_incremental,1000,JS,0.7128375,0.7129587257422824,0.7128375,0.7128002879355108,4,80,0.7128449918020091,1.0,parallel_incremental,synthetic,NB,3,3042
synthetic_dataset_with_parallel_drifts_incremental,1500,Base,0.711775,0.7127138662960283,0.711775,0.7114669830545863,0,53,0.7117963282339487,1.0,parallel_incremental,synthetic,NB,3,3042
synthetic_dataset_with_parallel_drifts_incremental,1500,KS95,0.70515,0.7052052604661725,0.70515,0.7051327748601806,8,53,0.7051550591780125,1.0,parallel_incremental,synthetic,NB,3,3042
synthetic_dataset_with_parallel_drifts_incremental,1500,KS90,0.7023625,0.7026803093137319,0.7023625,0.7022523419317778,10,53,0.7023750898784754,1.0,parallel_incremental,synthetic,NB,3,3042
synthetic_dataset_with_parallel_drifts_incremental,1500,HD,0.705775,0.7057750824659228,0.705775,0.705774765539072,5,53,0.7057744694397134,1.0,parallel_incremental,synthetic,NB,3,3042
synthetic_dataset_with_parallel_drifts_incremental,1500,JS,0.705775,0.7057750824659228,0.705775,0.705774765539072,5,53,0.7057744694397134,1.0,parallel_incremental,synthetic,NB,3,3042
synthetic_dataset_with_parallel_drifts_incremental,2000,Base,0.711125,0.7120852618938843,0.711125,0.7108081958624693,0,40,0.7111466042094403,1.0,parallel_incremental,synthetic,NB,3,3042
synthetic_dataset_with_parallel_drifts_incremental,2000,KS95,0.706125,0.7072709569002457,0.706125,0.7057303097912838,9,40,0.7061488933479075,1.0,parallel_incremental,synthetic,NB,3,3042
synthetic_dataset_with_parallel_drifts_incremental,2000,KS90,0.7075875,0.7078818403578359,0.7075875,0.7074899744096569,12,40,0.7075994583357712,1.0,parallel_incremental,synthetic,NB,3,3042
synthetic_dataset_with_parallel_drifts_incremental,2000,HD,0.704075,0.704392560600344,0.704075,0.7039664704404925,9,40,0.7040875337269831,1.0,parallel_incremental,synthetic,NB,3,3042
synthetic_dataset_with_parallel_drifts_incremental,2000,JS,0.7036375,0.7040252249382857,0.7036375,0.7035038040385443,9,40,0.7036513904177124,1.0,parallel_incremental,synthetic,NB,3,3042
synthetic_dataset_with_parallel_drifts_incremental,2500,Base,0.7102375,0.7114256748911979,0.7102375,0.7098416541418031,0,32,0.7102615982105251,1.0,parallel_incremental,synthetic,NB,3,3042
synthetic_dataset_with_parallel_drifts_incremental,2500,KS95,0.7074875,0.7077106748216867,0.7074875,0.7074141433851107,6,32,0.7074978820428551,1.0,parallel_incremental,synthetic,NB,3,3042
synthetic_dataset_with_parallel_drifts_incremental,2500,KS90,0.7075,0.7076576527567627,0.7075,0.7074488639529505,8,32,0.707508683922419,1.0,parallel_incremental,synthetic,NB,3,3042
synthetic_dataset_with_parallel_drifts_incremental,2500,HD,0.710075,0.7101615469386634,0.710075,0.7100483088392044,2,32,0.7100813287593614,1.0,parallel_incremental,synthetic,NB,3,3042
synthetic_dataset_with_parallel_drifts_incremental,2500,JS,0.710075,0.7101615469386634,0.710075,0.7100483088392044,2,32,0.7100813287593614,1.0,parallel_incremental,synthetic,NB,3,3042
synthetic_dataset_with_switching_drifts_abrupt,1000,Base,0.6931625,0.6941063993896225,0.6931625,0.6928013876990575,0,80,0.6931848684956069,1.0,switching_abrupt,synthetic,NB,3,3042
synthetic_dataset_with_switching_drifts_abrupt,1000,KS95,0.686275,0.6864564928664515,0.686275,0.6861926766677078,22,80,0.6862645486967718,1.0,switching_abrupt,synthetic,NB,3,3042
synthetic_dataset_with_switching_drifts_abrupt,1000,KS90,0.6873375,0.6874149286781672,0.6873375,0.687301312439287,25,80,0.6873305835221716,1.0,switching_abrupt,synthetic,NB,3,3042
synthetic_dataset_with_switching_drifts_abrupt,1000,HD,0.6869625,0.6871467528285613,0.6869625,0.6868794667299604,15,80,0.6869519921122166,1.0,switching_abrupt,synthetic,NB,3,3042
synthetic_dataset_with_switching_drifts_abrupt,1000,JS,0.686625,0.6867165920861912,0.686625,0.6865823121779535,15,80,0.6866174900958896,1.0,switching_abrupt,synthetic,NB,3,3042
synthetic_dataset_with_switching_drifts_abrupt,1500,Base,0.6936375,0.6945193729432271,0.6936375,0.6933017716434382,0,53,0.6936590886959649,1.0,switching_abrupt,synthetic,NB,3,3042
synthetic_dataset_with_switching_drifts_abrupt,1500,KS95,0.68915,0.6892128534043918,0.68915,0.6891274400985723,24,53,0.6891556211682499,1.0,switching_abrupt,synthetic,NB,3,3042
synthetic_dataset_with_switching_drifts_abrupt,1500,KS90,0.68915,0.6892128534043918,0.68915,0.6891274400985723,24,53,0.6891556211682499,1.0,switching_abrupt,synthetic,NB,3,3042
synthetic_dataset_with_switching_drifts_abrupt,1500,HD,0.6807875,0.6807924213105173,0.6807875,0.6807862408527328,14,53,0.6807888845083038,1.0,switching_abrupt,synthetic,NB,3,3042
synthetic_dataset_with_switching_drifts_abrupt,1500,JS,0.6807875,0.6807924213105173,0.6807875,0.6807862408527328,14,53,0.6807888845083038,1.0,switching_abrupt,synthetic,NB,3,3042
synthetic_dataset_with_switching_drifts_abrupt,2000,Base,0.6925375,0.6932669976217547,0.6925375,0.6922580254543109,0,40,0.6925571707304047,1.0,switching_abrupt,synthetic,NB,3,3042
synthetic_dataset_with_switching_drifts_abrupt,2000,KS95,0.6773375,0.6775400882293385,0.6773375,0.6772385459905107,20,40,0.6773261917953161,1.0,switching_abrupt,synthetic,NB,3,3042
synthetic_dataset_with_switching_drifts_abrupt,2000,KS90,0.6773375,0.6775400882293385,0.6773375,0.6772385459905107,20,40,0.6773261917953161,1.0,switching_abrupt,synthetic,NB,3,3042
synthetic_dataset_with_switching_drifts_abrupt,2000,HD,0.675275,0.675283643431571,0.675275,0.6752694416114554,14,40,0.6752723765525792,1.0,switching_abrupt,synthetic,NB,3,3042
synthetic_dataset_with_switching_drifts_abrupt,2000,JS,0.6756375,0.6756942050028685,0.6756375,0.675607560158431,12,40,0.6756313260792353,1.0,switching_abrupt,synthetic,NB,3,3042
synthetic_dataset_with_switching_drifts_abrupt,2500,Base,0.6921875,0.6930064318468449,0.6921875,0.6918722626848074,0,32,0.6922083730830377,1.0,switching_abrupt,synthetic,NB,3,3042
synthetic_dataset_with_switching_drifts_abrupt,2500,KS95,0.6690875,0.6692499782074398,0.6690875,0.6690013357296029,16,32,0.6690770820600671,1.0,switching_abrupt,synthetic,NB,3,3042
synthetic_dataset_with_switching_drifts_abrupt,2500,KS90,0.66925,0.669500741268125,0.66925,0.6691193301989944,18,32,0.669237152752697,1.0,switching_abrupt,synthetic,NB,3,3042
synthetic_dataset_with_switching_drifts_abrupt,2500,HD,0.6876875,0.6886494358488129,0.6876875,0.687302020265795,12,32,0.687710402432645,1.0,switching_abrupt,synthetic,NB,3,3042
synthetic_dataset_with_switching_drifts_abrupt,2500,JS,0.6796125,0.679699777536689,0.6796125,0.6795691371059687,7,32,0.6796050115081174,1.0,switching_abrupt,synthetic,NB,3,3042
synthetic_dataset_no_drifts,1000,Base,0.7132125,0.7150787923219748,0.7132125,0.7126034253795428,0,80,0.7132425144699623,1.0,no_drifts,synthetic,NB,3,3042
synthetic_dataset_no_drifts,1000,KS95,0.71195,0.7140986941053062,0.71195,0.7112410915887418,2,80,0.7119822970625205,1.0,no_drifts,synthetic,NB,3,3042
synthetic_dataset_no_drifts,1000,KS90,0.71025,0.7117706569004946,0.71025,0.7097422876486529,7,80,0.7102772750921487,1.0,no_drifts,synthetic,NB,3,3042
synthetic_dataset_no_drifts,1000,HD,0.712125,0.7127381542193179,0.712125,0.7119257757313083,5,80,0.7121421846300731,1.0,no_drifts,synthetic,NB,3,3042
synthetic_dataset_no_drifts,1000,JS,0.7117875,0.7125001822323022,0.7117875,0.711554681420177,7,80,0.7118060576130594,1.0,no_drifts,synthetic,NB,3,3042
synthetic_dataset_no_drifts,1500,Base,0.7131375,0.7149930608275578,0.7131375,0.7125315770554089,0,53,0.7131674331882405,1.0,no_drifts,synthetic,NB,3,3042
synthetic_dataset_no_drifts,1500,KS95,0.712425,0.7131590951615633,0.712425,0.712186310631653,2,53,0.7124438097575096,1.0,no_drifts,synthetic,NB,3,3042
synthetic_dataset_no_drifts,1500,KS90,0.7094375,0.7107217652676926,0.7094375,0.7090064963424871,4,53,0.7094626053729507,1.0,no_drifts,synthetic,NB,3,3042
synthetic_dataset_no_drifts,1500,HD,0.71215,0.7133096941184001,0.71215,0.7117697178643523,4,53,0.7121737008933886,1.0,no_drifts,synthetic,NB,3,3042
synthetic_dataset_no_drifts,1500,JS,0.71175,0.713388726671722,0.71175,0.7112092197062402,4,53,0.7117782182262973,1.0,no_drifts,synthetic,NB,3,3042
synthetic_dataset_no_drifts,2000,Base,0.7129625,0.7147056063986891,0.7129625,0.7123926923654539,0,40,0.7129915231139186,1.0,no_drifts,synthetic,NB,3,3042
synthetic_dataset_no_drifts,2000,KS95,0.7121875,0.7134253851372633,0.7121875,0.711781421869802,4,40,0.7122119890345654,1.0,no_drifts,synthetic,NB,3,3042
synthetic_dataset_no_drifts,2000,KS90,0.7124,0.7129245778678037,0.7124,0.7122304574579741,8,40,0.7124158684957045,1.0,no_drifts,synthetic,NB,3,3042
synthetic_dataset_no_drifts,2000,HD,0.7111125,0.7123215757488984,0.7111125,0.7107124814932682,7,40,0.7111367610802816,1.0,no_drifts,synthetic,NB,3,3042
synthetic_dataset_no_drifts,2000,JS,0.713025,0.7141298417933994,0.713025,0.7126654708046097,4,40,0.7130480837628154,1.0,no_drifts,synthetic,NB,3,3042
synthetic_dataset_no_drifts,2500,Base,0.713075,0.7148929630100641,0.713075,0.7124811193178221,0,32,0.7131046325367073,1.0,no_drifts,synthetic,NB,3,3042
synthetic_dataset_no_drifts,2500,KS95,0.714025,0.7160272588046368,0.714025,0.7133756281924165,1,32,0.7140560304386728,1.0,no_drifts,synthetic,NB,3,3042
synthetic_dataset_no_drifts,2500,KS90,0.714025,0.7160272588046368,0.714025,0.7133756281924165,1,32,0.7140560304386728,1.0,no_drifts,synthetic,NB,3,3042
synthetic_dataset_no_drifts,2500,HD,0.711575,0.7139600421319666,0.711575,0.7107854834894713,3,32,0.7116090519048245,1.0,no_drifts,synthetic,NB,3,3042
synthetic_dataset_no_drifts,2500,JS,0.714075,0.714904518700096,0.714075,0.7138083690771831,3,32,0.7140949317051086,1.0,no_drifts,synthetic,NB,3,3042
synthetic_dataset_with_parallel_drifts_abrupt,1000,Base,0.776125,0.7764273022495612,0.776125,0.7760633851632055,0,80,0.7761237574906962,1.0,parallel_abrupt,synthetic,NB,2,2042
synthetic_dataset_with_parallel_drifts_abrupt,1000,KS95,0.7860875,0.7872023096945261,0.7860875,0.7858804021673592,12,80,0.7860898341092554,1.0,parallel_abrupt,synthetic,NB,2,2042
synthetic_dataset_with_parallel_drifts_abrupt,1000,KS90,0.785525,0.7869625316978214,0.785525,0.7852568428767778,19,80,0.785527651918593,1.0,parallel_abrupt,synthetic,NB,2,2042
synthetic_dataset_with_parallel_drifts_abrupt,1000,HD,0.7804375,0.7806308087576043,0.7804375,0.7803993818584933,4,80,0.7804365134524555,1.0,parallel_abrupt,synthetic,NB,2,2042
synthetic_dataset_with_parallel_drifts_abrupt,1000,JS,0.7804375,0.7806308087576043,0.7804375,0.7803993818584933,4,80,0.7804365134524555,1.0,parallel_abrupt,synthetic,NB,2,2042
synthetic_dataset_with_parallel_drifts_abrupt,1500,Base,0.7751875,0.7753778953191717,0.7751875,0.7751483221209478,0,53,0.7751865115479241,1.0,parallel_abrupt,synthetic,NB,2,2042
synthetic_dataset_with_parallel_drifts_abrupt,1500,KS95,0.7783375,0.7784804271692135,0.7783375,0.7783093177689696,9,53,0.7783383471906533,1.0,parallel_abrupt,synthetic,NB,2,2042
synthetic_dataset_with_parallel_drifts_abrupt,1500,KS90,0.7785125,0.7785292497120632,0.7785125,0.7785092597644305,11,53,0.7785127884416344,1.0,parallel_abrupt,synthetic,NB,2,2042
synthetic_dataset_with_parallel_drifts_abrupt,1500,HD,0.7730375,0.7733561809574462,0.7730375,0.7729709204086397,8,53,0.7730362171608287,1.0,parallel_abrupt,synthetic,NB,2,2042
synthetic_dataset_with_parallel_drifts_abrupt,1500,JS,0.7738125,0.7738393063837633,0.7738125,0.7738068454870849,7,53,0.7738121265401932,1.0,parallel_abrupt,synthetic,NB,2,2042
synthetic_dataset_with_parallel_drifts_abrupt,2000,Base,0.7749,0.7749741311535361,0.7749,0.7748846319270435,0,40,0.774899381858809,1.0,parallel_abrupt,synthetic,NB,2,2042
synthetic_dataset_with_parallel_drifts_abrupt,2000,KS95,0.771075,0.7710770771709191,0.771075,0.7710745272688465,9,40,0.7710748937122962,1.0,parallel_abrupt,synthetic,NB,2,2042
synthetic_dataset_with_parallel_drifts_abrupt,2000,KS90,0.770675,0.7707489950208605,0.770675,0.7706595324283239,12,40,0.7706756174600502,1.0,parallel_abrupt,synthetic,NB,2,2042
synthetic_dataset_with_parallel_drifts_abrupt,2000,HD,0.7692875,0.7693468399409845,0.7692875,0.7692746083917344,5,40,0.7692869408897391,1.0,parallel_abrupt,synthetic,NB,2,2042
synthetic_dataset_with_parallel_drifts_abrupt,2000,JS,0.7715625,0.7715826165276379,0.7715625,0.7715583740956816,6,40,0.7715628202775409,1.0,parallel_abrupt,synthetic,NB,2,2042
synthetic_dataset_with_parallel_drifts_abrupt,2500,Base,0.7755875,0.7756187286844117,0.7755875,0.7755810167082682,0,32,0.7755870984251775,1.0,parallel_abrupt,synthetic,NB,2,2042
synthetic_dataset_with_parallel_drifts_abrupt,2500,KS95,0.770475,0.7704917454162065,0.770475,0.7704713507802866,6,32,0.7704747024589202,1.0,parallel_abrupt,synthetic,NB,2,2042
synthetic_dataset_with_parallel_drifts_abrupt,2500,KS90,0.770475,0.7704917454162065,0.770475,0.7704713507802866,6,32,0.7704747024589202,1.0,parallel_abrupt,synthetic,NB,2,2042
synthetic_dataset_with_parallel_drifts_abrupt,2500,HD,0.7499875,0.754893873826956,0.7499875,0.7487766400008413,4,32,0.7499822945311505,1.0,parallel_abrupt,synthetic,NB,2,2042
synthetic_dataset_with_parallel_drifts_abrupt,2500,JS,0.7499875,0.754893873826956,0.7499875,0.7487766400008413,4,32,0.7499822945311505,1.0,parallel_abrupt,synthetic,NB,2,2042
synthetic_dataset_with_switching_drifts_incremental,1000,Base,0.7935125,0.7949557555941578,0.7935125,0.793260329074026,0,80,0.7935151210260225,1.0,switching_incremental,synthetic,NB,2,2042
synthetic_dataset_with_switching_drifts_incremental,1000,KS95,0.7900125,0.7900900675486964,0.7900125,0.7899986369324894,31,80,0.7900131110063238,1.0,switching_incremental,synthetic,NB,2,2042
synthetic_dataset_with_switching_drifts_incremental,1000,KS90,0.7899125,0.790032044205255,0.7899125,0.7898910670993957,35,80,0.7899132591307622,1.0,switching_incremental,synthetic,NB,2,2042
synthetic_dataset_with_switching_drifts_incremental,1000,HD,0.78875,0.7890701102837385,0.78875,0.7886918599581096,15,80,0.7887512456867257,1.0,switching_incremental,synthetic,NB,2,2042
synthetic_dataset_with_switching_drifts_incremental,1000,JS,0.78975,0.7899625920367909,0.78975,0.7897117462394866,14,80,0.7897510131923495,1.0,switching_incremental,synthetic,NB,2,2042
synthetic_dataset_with_switching_drifts_incremental,1500,Base,0.7940375,0.7954420938284628,0.7940375,0.7937931291528433,0,53,0.7940400835289755,1.0,switching_incremental,synthetic,NB,2,2042
synthetic_dataset_with_switching_drifts_incremental,1500,KS95,0.7917,0.7919069564199925,0.7917,0.7916633551830485,25,53,0.791700996328318,1.0,switching_incremental,synthetic,NB,2,2042
synthetic_dataset_with_switching_drifts_incremental,1500,KS90,0.7919375,0.7921807160508452,0.7919375,0.7918944972877433,26,53,0.7919385797671545,1.0,switching_incremental,synthetic,NB,2,2042
synthetic_dataset_with_switching_drifts_incremental,1500,HD,0.792125,0.7925110026631735,0.792125,0.7920567819804455,13,53,0.7921263600807108,1.0,switching_incremental,synthetic,NB,2,2042
synthetic_dataset_with_switching_drifts_incremental,1500,JS,0.7917,0.7920311975229257,0.7917,0.7916412806799357,14,53,0.7917012607033196,1.0,switching_incremental,synthetic,NB,2,2042
synthetic_dataset_with_switching_drifts_incremental,2000,Base,0.79365,0.7950949678257996,0.79365,0.7933978163531713,0,40,0.7936526219642961,1.0,switching_incremental,synthetic,NB,2,2042
synthetic_dataset_with_switching_drifts_incremental,2000,KS95,0.7886875,0.7887445183819353,0.7886875,0.7886772193171648,19,40,0.7886880247488701,1.0,switching_incremental,synthetic,NB,2,2042
synthetic_dataset_with_switching_drifts_incremental,2000,KS90,0.78975,0.789993499726389,0.78975,0.7897061664006648,22,40,0.7897510844423499,1.0,switching_incremental,synthetic,NB,2,2042
synthetic_dataset_with_switching_drifts_incremental,2000,HD,0.787725,0.7879245724737811,0.787725,0.7876884959919658,12,40,0.7877259850559586,1.0,switching_incremental,synthetic,NB,2,2042
synthetic_dataset_with_switching_drifts_incremental,2000,JS,0.787725,0.7879245724737811,0.787725,0.7876884959919658,12,40,0.7877259850559586,1.0,switching_incremental,synthetic,NB,2,2042
synthetic_dataset_with_switching_drifts_incremental,2500,Base,0.7928875,0.7942201500880738,0.7928875,0.7926534148800803,0,32,0.7928900216475063,1.0,switching_incremental,synthetic,NB,2,2042
synthetic_dataset_with_switching_drifts_incremental,2500,KS95,0.78655,0.7867704786480884,0.78655,0.7865092694799208,18,32,0.7865510375493496,1.0,switching_incremental,synthetic,NB,2,2042
synthetic_dataset_with_switching_drifts_incremental,2500,KS90,0.78655,0.7867704786480884,0.78655,0.7865092694799208,18,32,0.7865510375493496,1.0,switching_incremental,synthetic,NB,2,2042
synthetic_dataset_with_switching_drifts_incremental,2500,HD,0.7913625,0.7926724422171842,0.7913625,0.7911294932942899,9,32,0.7913650066389282,1.0,switching_incremental,synthetic,NB,2,2042
synthetic_dataset_with_switching_drifts_incremental,2500,JS,0.7913625,0.7926724422171842,0.7913625,0.7911294932942899,9,32,0.7913650066389282,1.0,switching_incremental,synthetic,NB,2,2042
synthetic_dataset_with_parallel_drifts_incremental,1000,Base,0.7975,0.7978035308816225,0.7975,0.7974487128092016,0,80,0.7975011951109443,1.0,parallel_incremental,synthetic,NB,2,2042
synthetic_dataset_with_parallel_drifts_incremental,1000,KS95,0.7971625,0.7979948458699517,0.7971625,0.7970213003348555,16,80,0.7971644797965503,1.0,parallel_incremental,synthetic,NB,2,2042
synthetic_dataset_with_parallel_drifts_incremental,1000,KS90,0.7967,0.7977621518780416,0.7967,0.7965191499308832,23,80,0.7967022376064501,1.0,parallel_incremental,synthetic,NB,2,2042
synthetic_dataset_with_parallel_drifts_incremental,1000,HD,0.7978125,0.7979133660173018,0.7978125,0.7977955712356325,5,80,0.7978131879251992,1.0,parallel_incremental,synthetic,NB,2,2042
synthetic_dataset_with_parallel_drifts_incremental,1000,JS,0.7978125,0.7979133660173018,0.7978125,0.7977955712356325,5,80,0.7978131879251992,1.0,parallel_incremental,synthetic,NB,2,2042
synthetic_dataset_with_parallel_drifts_incremental,1500,Base,0.7971,0.7974363033039009,0.7971,0.7970429732061444,0,53,0.7971012588586947,1.0,parallel_incremental,synthetic,NB,2,2042
synthetic_dataset_with_parallel_drifts_incremental,1500,KS95,0.791475,0.7919264895122333,0.791475,0.7913947603731359,9,53,0.7914764725770551,1.0,parallel_incremental,synthetic,NB,2,2042
synthetic_dataset_with_parallel_drifts_incremental,1500,KS90,0.79165,0.7918241210529064,0.79165,0.7916191752945366,11,53,0.7916509138280364,1.0,parallel_incremental,synthetic,NB,2,2042
synthetic_dataset_with_parallel_drifts_incremental,1500,HD,0.7919875,0.7920010087114997,0.7919875,0.7919851658466245,7,53,0.7919877528924312,1.0,parallel_incremental,synthetic,NB,2,2042
synthetic_dataset_with_parallel_drifts_incremental,1500,JS,0.7920875,0.7922572687568039,0.7920875,0.7920575566074355,6,53,0.7920884016429973,1.0,parallel_incremental,synthetic,NB,2,2042
synthetic_dataset_with_parallel_drifts_incremental,2000,Base,0.7963875,0.7968530270459171,0.7963875,0.7963080478118065,0,40,0.7963889829171881,1.0,parallel_incremental,synthetic,NB,2,2042
synthetic_dataset_with_parallel_drifts_incremental,2000,KS95,0.7903875,0.7905569873618357,0.7903875,0.7903571858401103,9,40,0.7903884035084348,1.0,parallel_incremental,synthetic,NB,2,2042
synthetic_dataset_with_parallel_drifts_incremental,2000,KS90,0.7896,0.7900624091130145,0.7896,0.7895165421178325,12,40,0.7896014950665086,1.0,parallel_incremental,synthetic,NB,2,2042
synthetic_dataset_with_parallel_drifts_incremental,2000,HD,0.7897375,0.7897788961687504,0.7897375,0.7897301186433476,5,40,0.7897379460047759,1.0,parallel_incremental,synthetic,NB,2,2042
synthetic_dataset_with_parallel_drifts_incremental,2000,JS,0.7897375,0.7897788961687504,0.7897375,0.7897301186433476,5,40,0.7897379460047759,1.0,parallel_incremental,synthetic,NB,2,2042
synthetic_dataset_with_parallel_drifts_incremental,2500,Base,0.7962375,0.7967387691136926,0.7962375,0.7961518332260464,0,32,0.7962390391663445,1.0,parallel_incremental,synthetic,NB,2,2042
synthetic_dataset_with_parallel_drifts_incremental,2500,KS95,0.793425,0.7935806599748504,0.793425,0.7933978550839447,6,32,0.7934258613380205,1.0,parallel_incremental,synthetic,NB,2,2042
synthetic_dataset_with_parallel_drifts_incremental,2500,KS90,0.793425,0.7935806599748504,0.793425,0.7933978550839447,6,32,0.7934258613380205,1.0,parallel_incremental,synthetic,NB,2,2042
synthetic_dataset_with_parallel_drifts_incremental,2500,HD,0.7949875,0.7952585911046186,0.7949875,0.7949407447804008,2,32,0.7949886341593112,1.0,parallel_incremental,synthetic,NB,2,2042
synthetic_dataset_with_parallel_drifts_incremental,2500,JS,0.7949875,0.7952585911046186,0.7949875,0.7949407447804008,2,32,0.7949886341593112,1.0,parallel_incremental,synthetic,NB,2,2042
synthetic_dataset_with_switching_drifts_abrupt,1000,Base,0.7702625,0.7715405963995495,0.7702625,0.7699926880634097,0,80,0.770265070270241,1.0,switching_abrupt,synthetic,NB,2,2042
synthetic_dataset_with_switching_drifts_abrupt,1000,KS95,0.77415,0.7741573251383266,0.77415,0.7741484292020099,24,80,0.7741498037295927,1.0,switching_abrupt,synthetic,NB,2,2042
synthetic_dataset_with_switching_drifts_abrupt,1000,KS90,0.77395,0.7739505513982199,0.77395,0.7739498688909161,26,80,0.7739499443534684,1.0,switching_abrupt,synthetic,NB,2,2042
synthetic_dataset_with_switching_drifts_abrupt,1000,HD,0.77065,0.7707850418303714,0.77065,0.7706216749543364,14,80,0.7706508349599109,1.0,switching_abrupt,synthetic,NB,2,2042
synthetic_dataset_with_switching_drifts_abrupt,1000,JS,0.77075,0.7707963415819468,0.77075,0.7707403513257784,13,80,0.7707504880854716,1.0,switching_abrupt,synthetic,NB,2,2042
synthetic_dataset_with_switching_drifts_abrupt,1500,Base,0.770675,0.7718245655470133,0.770675,0.7704330800985403,0,53,0.7706774362100604,1.0,switching_abrupt,synthetic,NB,2,2042
synthetic_dataset_with_switching_drifts_abrupt,1500,KS95,0.7730375,0.7731044417042496,0.7730375,0.7730237794727565,24,53,0.7730380846608391,1.0,switching_abrupt,synthetic,NB,2,2042
synthetic_dataset_with_switching_drifts_abrupt,1500,KS90,0.7732375,0.7733404386537754,0.7732375,0.7732163816766421,25,53,0.7732382252869651,1.0,switching_abrupt,synthetic,NB,2,2042
synthetic_dataset_with_switching_drifts_abrupt,1500,HD,0.7635125,0.7635919256791818,0.7635125,0.7634949065822014,14,53,0.7635131483572615,1.0,switching_abrupt,synthetic,NB,2,2042
synthetic_dataset_with_switching_drifts_abrupt,1500,JS,0.7635125,0.7635919256791818,0.7635125,0.7634949065822014,14,53,0.7635131483572615,1.0,switching_abrupt,synthetic,NB,2,2042
synthetic_dataset_with_switching_drifts_abrupt,2000,Base,0.770025,0.7711665042783332,0.770025,0.7697835152920385,0,40,0.7700274305814043,1.0,switching_abrupt,synthetic,NB,2,2042
synthetic_dataset_with_switching_drifts_abrupt,2000,KS95,0.7581875,0.7584309092971706,0.7581875,0.7581301384173427,19,40,0.7581863464522982,1.0,switching_abrupt,synthetic,NB,2,2042
synthetic_dataset_with_switching_drifts_abrupt,2000,KS90,0.7607625,0.7607726555047609,0.7607625,0.7607600886480188,22,40,0.7607622633417876,1.0,switching_abrupt,synthetic,NB,2,2042
synthetic_dataset_with_switching_drifts_abrupt,2000,HD,0.7582,0.7582003623251686,0.7582,0.7581999304824826,12,40,0.7582000417648752,1.0,switching_abrupt,synthetic,NB,2,2042
synthetic_dataset_with_switching_drifts_abrupt,2000,JS,0.7582,0.7582003623251686,0.7582,0.7581999304824826,12,40,0.7582000417648752,1.0,switching_abrupt,synthetic,NB,2,2042
synthetic_dataset_with_switching_drifts_abrupt,2500,Base,0.7695875,0.7705699026095736,0.7695875,0.769378902714503,0,32,0.7695897571414425,1.0,switching_abrupt,synthetic,NB,2,2042
synthetic_dataset_with_switching_drifts_abrupt,2500,KS95,0.7527375,0.7527415199306688,0.7527375,0.7527364612225299,17,32,0.7527373476716476,1.0,switching_abrupt,synthetic,NB,2,2042
synthetic_dataset_with_switching_drifts_abrupt,2500,KS90,0.7527375,0.7527415199306688,0.7527375,0.7527364612225299,17,32,0.7527373476716476,1.0,switching_abrupt,synthetic,NB,2,2042
synthetic_dataset_with_switching_drifts_abrupt,2500,HD,0.7510125,0.7513966009085702,0.7510125,0.7509168124119995,7,32,0.7510110314119371,1.0,switching_abrupt,synthetic,NB,2,2042
synthetic_dataset_with_switching_drifts_abrupt,2500,JS,0.7510125,0.7513966009085702,0.7510125,0.7509168124119995,7,32,0.7510110314119371,1.0,switching_abrupt,synthetic,NB,2,2042
synthetic_dataset_no_drifts,1000,Base,0.800025,0.8009832534828144,0.800025,0.7998662692696371,0,80,0.8000271138751525,1.0,no_drifts,synthetic,NB,2,2042
synthetic_dataset_no_drifts,1000,KS95,0.7987875,0.8003401297335954,0.7987875,0.7985278416493162,7,80,0.7987901941806947,1.0,no_drifts,synthetic,NB,2,2042
synthetic_dataset_no_drifts,1000,KS90,0.7986375,0.8003065018337711,0.7986375,0.7983580857362412,14,80,0.7986402935548517,1.0,no_drifts,synthetic,NB,2,2042
synthetic_dataset_no_drifts,1000,HD,0.7979,0.7996386859472059,0.7979,0.7976071687666991,5,80,0.7979028544882036,1.0,no_drifts,synthetic,NB,2,2042
synthetic_dataset_no_drifts,1000,JS,0.7982125,0.7995794783557124,0.7982125,0.7979827313474172,4,80,0.7982150310524596,1.0,no_drifts,synthetic,NB,2,2042
synthetic_dataset_no_drifts,1500,Base,0.8002,0.8011435309596487,0.8002,0.8000439341172563,0,53,0.8002020970011366,1.0,no_drifts,synthetic,NB,2,2042
synthetic_dataset_no_drifts,1500,KS95,0.7992125,0.8010369504003704,0.7992125,0.7989085986456426,2,53,0.7992154173080868,1.0,no_drifts,synthetic,NB,2,2042
synthetic_dataset_no_drifts,1500,KS90,0.7993875,0.8005785931893035,0.7993875,0.7991891939283884,4,53,0.799389858559068,1.0,no_drifts,synthetic,NB,2,2042
synthetic_dataset_no_drifts,1500,HD,0.799925,0.800586873002985,0.799925,0.7998152701838759,5,53,0.799926757624588,1.0,no_drifts,synthetic,NB,2,2042
synthetic_dataset_no_drifts,1500,JS,0.7991375,0.8007006503262916,0.7991375,0.798876845377473,3,53,0.7991402016826636,1.0,no_drifts,synthetic,NB,2,2042
synthetic_dataset_no_drifts,2000,Base,0.799875,0.800865405360969,0.799875,0.7997107421305082,0,40,0.7998771494993089,1.0,no_drifts,synthetic,NB,2,2042
synthetic_dataset_no_drifts,2000,KS95,0.79965,0.8007663903026978,0.79965,0.7994645213983446,1,40,0.799652282623044,1.0,no_drifts,synthetic,NB,2,2042
synthetic_dataset_no_drifts,2000,KS90,0.7986625,0.7999831158110362,0.7986625,0.798441337440423,6,40,0.7986649860549905,1.0,no_drifts,synthetic,NB,2,2042
synthetic_dataset_no_drifts,2000,HD,0.799975,0.8009347983147973,0.799975,0.7998159473497575,2,40,0.7999771157498713,1.0,no_drifts,synthetic,NB,2,2042
synthetic_dataset_no_drifts,2000,JS,0.799975,0.8009347983147973,0.799975,0.7998159473497575,2,40,0.7999771157498713,1.0,no_drifts,synthetic,NB,2,2042
synthetic_dataset_no_drifts,2500,Base,0.8000875,0.801053636359959,0.8000875,0.7999275475711503,0,32,0.8000896223130042,1.0,no_drifts,synthetic,NB,2,2042
synthetic_dataset_no_drifts,2500,KS95,0.7999,0.8012030936979428,0.7999,0.7996839997883323,1,32,0.7999024644994515,1.0,no_drifts,synthetic,NB,2,2042
synthetic_dataset_no_drifts,2500,KS90,0.8007875,0.8016331753427494,0.8007875,0.8006482971241505,2,32,0.8007894835669408,1.0,no_drifts,synthetic,NB,2,2042
synthetic_dataset_no_drifts,2500,HD,0.7999,0.8004117853240476,0.7999,0.7998151530345394,2,32,0.7999015457494462,1.0,no_drifts,synthetic,NB,2,2042
synthetic_dataset_no_drifts,2500,JS,0.7999,0.8004117853240476,0.7999,0.7998151530345394,2,32,0.7999015457494462,1.0,no_drifts,synthetic,NB,2,2042
synthetic_dataset_with_parallel_drifts_abrupt,1000,Base,0.8787125,0.8787464001622395,0.8787125,0.8787095178967748,0,80,0.8787105755936923,1.0,parallel_abrupt,synthetic,NB,5,5042
synthetic_dataset_with_parallel_drifts_abrupt,1000,KS95,0.8840875,0.884504072913968,0.8840875,0.8840552169680103,10,80,0.8840808864529418,1.0,parallel_abrupt,synthetic,NB,5,5042
synthetic_dataset_with_parallel_drifts_abrupt,1000,KS90,0.8824125,0.8825703647606621,0.8824125,0.8823998155720139,16,80,0.882408406185345,1.0,parallel_abrupt,synthetic,NB,5,5042
synthetic_dataset_with_parallel_drifts_abrupt,1000,HD,0.8832375,0.8834133209367763,0.8832375,0.8832235347680321,4,80,0.88323318631731,1.0,parallel_abrupt,synthetic,NB,5,5042
synthetic_dataset_with_parallel_drifts_abrupt,1000,JS,0.8832375,0.8834133209367763,0.8832375,0.8832235347680321,4,80,0.88323318631731,1.0,parallel_abrupt,synthetic,NB,5,5042
synthetic_dataset_with_parallel_drifts_abrupt,1500,Base,0.878975,0.8790199157465962,0.878975,0.8789711070208658,0,53,0.8789727906356465,1.0,parallel_abrupt,synthetic,NB,5,5042
synthetic_dataset_with_parallel_drifts_abrupt,1500,KS95,0.8820375,0.8822399407821414,0.8820375,0.8820212508383274,7,53,0.8820328661252586,1.0,parallel_abrupt,synthetic,NB,5,5042
synthetic_dataset_with_parallel_drifts_abrupt,1500,KS90,0.881225,0.8817003153417765,0.881225,0.8811870418815099,10,53,0.8812179109948657,1.0,parallel_abrupt,synthetic,NB,5,5042
synthetic_dataset_with_parallel_drifts_abrupt,1500,HD,0.8804625,0.8805169485457145,0.8804625,0.8804578910234879,6,53,0.8804600758736121,1.0,parallel_abrupt,synthetic,NB,5,5042
synthetic_dataset_with_parallel_drifts_abrupt,1500,JS,0.87905,0.8790500357856257,0.87905,0.8790500041576564,4,53,0.8790500306480049,1.0,parallel_abrupt,synthetic,NB,5,5042
synthetic_dataset_with_parallel_drifts_abrupt,2000,Base,0.8786375,0.8787145198375852,0.8786375,0.8786309258535367,0,40,0.8786346155815385,1.0,parallel_abrupt,synthetic,NB,5,5042
synthetic_dataset_with_parallel_drifts_abrupt,2000,KS95,0.8784875,0.8787506954913058,0.8784875,0.8784656412999055,9,40,0.8784821955571513,1.0,parallel_abrupt,synthetic,NB,5,5042
synthetic_dataset_with_parallel_drifts_abrupt,2000,KS90,0.87835,0.8784737964225336,0.87835,0.8783395389095678,12,40,0.8783463505354161,1.0,parallel_abrupt,synthetic,NB,5,5042
synthetic_dataset_with_parallel_drifts_abrupt,2000,HD,0.8798875,0.8803032132352498,0.8798875,0.8798537457133422,6,40,0.8798808557809369,1.0,parallel_abrupt,synthetic,NB,5,5042
synthetic_dataset_with_parallel_drifts_abrupt,2000,JS,0.879975,0.8801156648853854,0.879975,0.8799633584996169,4,40,0.8799711207953793,1.0,parallel_abrupt,synthetic,NB,5,5042
synthetic_dataset_with_parallel_drifts_abrupt,2500,Base,0.8791875,0.8792896541397922,0.8791875,0.8791789033793695,0,32,0.8791841856694697,1.0,parallel_abrupt,synthetic,NB,5,5042
synthetic_dataset_with_parallel_drifts_abrupt,2500,KS95,0.877575,0.877843058807819,0.877575,0.8775525231114006,6,32,0.8775696404111425,1.0,parallel_abrupt,synthetic,NB,5,5042
synthetic_dataset_with_parallel_drifts_abrupt,2500,KS90,0.8770375,0.8771258939077776,0.8770375,0.8770298545946879,9,32,0.8770344053255048,1.0,parallel_abrupt,synthetic,NB,5,5042
synthetic_dataset_with_parallel_drifts_abrupt,2500,HD,0.8764125,0.8764128818499012,0.8764125,0.8764124377234315,6,32,0.8764122652259624,1.0,parallel_abrupt,synthetic,NB,5,5042
synthetic_dataset_with_parallel_drifts_abrupt,2500,JS,0.874375,0.8744680904102843,0.874375,0.8743676527281455,4,32,0.8743781199004992,1.0,parallel_abrupt,synthetic,NB,5,5042
synthetic_dataset_with_switching_drifts_incremental,1000,Base,0.8671,0.8672226784729006,0.8671,0.8670883235814361,0,80,0.8670963087354094,1.0,switching_incremental,synthetic,NB,5,5042
synthetic_dataset_with_switching_drifts_incremental,1000,KS95,0.860475,0.8605901829413753,0.860475,0.8604632592473946,32,80,0.8604713876754221,1.0,switching_incremental,synthetic,NB,5,5042
synthetic_dataset_with_switching_drifts_incremental,1000,KS90,0.860475,0.8606068646091082,0.860475,0.8604616042604261,33,80,0.860471137675382,1.0,switching_incremental,synthetic,NB,5,5042
synthetic_dataset_with_switching_drifts_incremental,1000,HD,0.85775,0.8579601405167603,0.85775,0.8577299434835277,11,80,0.8577548072407691,1.0,switching_incremental,synthetic,NB,5,5042
synthetic_dataset_with_switching_drifts_incremental,1000,JS,0.8596,0.8598428357239294,0.8596,0.8595771782465168,11,80,0.8596051575368253,1.0,switching_incremental,synthetic,NB,5,5042
synthetic_dataset_with_switching_drifts_incremental,1500,Base,0.866925,0.8670270838179603,0.866925,0.866915219481972,0,53,0.8669216287074606,1.0,switching_incremental,synthetic,NB,5,5042
synthetic_dataset_with_switching_drifts_incremental,1500,KS95,0.86285,0.8631434064585083,0.86285,0.8628213620767823,24,53,0.8628442780550845,1.0,switching_incremental,synthetic,NB,5,5042
synthetic_dataset_with_switching_drifts_incremental,1500,KS90,0.86215,0.8624921847603331,0.86215,0.8621164499625688,26,53,0.8621438179430109,1.0,switching_incremental,synthetic,NB,5,5042
synthetic_dataset_with_switching_drifts_incremental,1500,HD,0.858375,0.8586076573604856,0.858375,0.858351158869376,16,53,0.8583698673391787,1.0,switching_incremental,synthetic,NB,5,5042
synthetic_dataset_with_switching_drifts_incremental,1500,JS,0.8632625,0.864087460448706,0.8632625,0.8631834519124073,15,53,0.863252943120471,1.0,switching_incremental,synthetic,NB,5,5042
synthetic_dataset_with_switching_drifts_incremental,2000,Base,0.8674125,0.8674903280221075,0.8674125,0.8674050219309365,0,40,0.8674095537855288,1.0,switching_incremental,synthetic,NB,5,5042
synthetic_dataset_with_switching_drifts_incremental,2000,KS95,0.858425,0.8586293583562299,0.858425,0.8584040166988696,21,40,0.8584201873472299,1.0,switching_incremental,synthetic,NB,5,5042
synthetic_dataset_with_switching_drifts_incremental,2000,KS90,0.8591625,0.8596092631048999,0.8591625,0.8591175541026415,22,40,0.859155412464866,1.0,switching_incremental,synthetic,NB,5,5042
synthetic_dataset_with_switching_drifts_incremental,2000,HD,0.852875,0.8530207149621212,0.852875,0.8528590910574713,13,40,0.8528708964593434,1.0,switching_incremental,synthetic,NB,5,5042
synthetic_dataset_with_switching_drifts_incremental,2000,JS,0.852875,0.8530207149621212,0.852875,0.8528590910574713,13,40,0.8528708964593434,1.0,switching_incremental,synthetic,NB,5,5042
synthetic_dataset_with_switching_drifts_incremental,2500,Base,0.8663875,0.8664677926991488,0.8663875,0.8663797110610357,0,32,0.8663845036215205,1.0,switching_incremental,synthetic,NB,5,5042
synthetic_dataset_with_switching_drifts_incremental,2500,KS95,0.84395,0.8440870745638004,0.84395,0.8439336893443166,17,32,0.8439459650313543,1.0,switching_incremental,synthetic,NB,5,5042
synthetic_dataset_with_switching_drifts_incremental,2500,KS90,0.843525,0.8436825242964778,0.843525,0.843506242183294,18,32,0.843520674963308,1.0,switching_incremental,synthetic,NB,5,5042
synthetic_dataset_with_switching_drifts_incremental,2500,HD,0.86305,0.8632434057699485,0.86305,0.8630310145523812,10,32,0.8630453480872556,1.0,switching_incremental,synthetic,NB,5,5042
synthetic_dataset_with_switching_drifts_incremental,2500,JS,0.86305,0.8632434057699485,0.86305,0.8630310145523812,10,32,0.8630453480872556,1.0,switching_incremental,synthetic,NB,5,5042
synthetic_dataset_with_parallel_drifts_incremental,1000,Base,0.8849375,0.885218646703567,0.8849375,0.8849157859153037,0,80,0.8849320665891306,1.0,parallel_incremental,synthetic,NB,5,5042
synthetic_dataset_with_parallel_drifts_incremental,1000,KS95,0.8856625,0.8860278955147692,0.8856625,0.8856346278209852,14,80,0.8856563167050107,1.0,parallel_incremental,synthetic,NB,5,5042
synthetic_dataset_with_parallel_drifts_incremental,1000,KS90,0.8842375,0.8844154420095811,0.8842375,0.8842235274357914,19,80,0.8842331664773067,1.0,parallel_incremental,synthetic,NB,5,5042
synthetic_dataset_with_parallel_drifts_incremental,1000,HD,0.8866125,0.8869496239951281,0.8866125,0.8865870289754452,5,80,0.8866065668570507,1.0,parallel_incremental,synthetic,NB,5,5042
synthetic_dataset_with_parallel_drifts_incremental,1000,JS,0.8862,0.8864931652015181,0.8862,0.8861776952544711,4,80,0.8861944617911138,1.0,parallel_incremental,synthetic,NB,5,5042
synthetic_dataset_with_parallel_drifts_incremental,1500,Base,0.88555,0.8857997040014413,0.88555,0.8855308077080959,0,53,0.885544881687181,1.0,parallel_incremental,synthetic,NB,5,5042
synthetic_dataset_with_parallel_drifts_incremental,1500,KS95,0.88645,0.8867650666010115,0.88645,0.8864261254954583,8,53,0.8864442618310819,1.0,parallel_incremental,synthetic,NB,5,5042
synthetic_dataset_with_parallel_drifts_incremental,1500,KS90,0.8854375,0.8859381234359586,0.8854375,0.885399387405035,11,53,0.8854302666688427,1.0,parallel_incremental,synthetic,NB,5,5042
synthetic_dataset_with_parallel_drifts_incremental,1500,HD,0.887275,0.8875615662760532,0.887275,0.8872534550713961,5,53,0.8872695319631252,1.0,parallel_incremental,synthetic,NB,5,5042
synthetic_dataset_with_parallel_drifts_incremental,1500,JS,0.887275,0.8875615662760532,0.887275,0.8872534550713961,5,53,0.8872695319631252,1.0,parallel_incremental,synthetic,NB,5,5042
synthetic_dataset_with_parallel_drifts_incremental,2000,Base,0.8855625,0.885822632073038,0.8855625,0.8855425236115887,0,40,0.8855572766891643,1.0,parallel_incremental,synthetic,NB,5,5042
synthetic_dataset_with_parallel_drifts_incremental,2000,KS95,0.8847375,0.8851384534250708,0.8847375,0.884706636752992,9,40,0.8847310165569627,1.0,parallel_incremental,synthetic,NB,5,5042
synthetic_dataset_with_parallel_drifts_incremental,2000,KS90,0.8846,0.8848214758523183,0.8846,0.8845827553516354,12,40,0.8845951715352276,1.0,parallel_incremental,synthetic,NB,5,5042
synthetic_dataset_with_parallel_drifts_incremental,2000,HD,0.88595,0.8861960510637671,0.88595,0.8859311691339313,4,40,0.8859449217511874,1.0,parallel_incremental,synthetic,NB,5,5042
synthetic_dataset_with_parallel_drifts_incremental,2000,JS,0.88595,0.8861960510637671,0.88595,0.8859311691339313,4,40,0.8859449217511874,1.0,parallel_incremental,synthetic,NB,5,5042
synthetic_dataset_with_parallel_drifts_incremental,2500,Base,0.8852625,0.8855315195920804,0.8852625,0.8852417829984858,0,32,0.8852571866411499,1.0,parallel_incremental,synthetic,NB,5,5042
synthetic_dataset_with_parallel_drifts_incremental,2500,KS95,0.8861,0.8865519015644361,0.8861,0.8860658063285598,6,32,0.8860931317749011,1.0,parallel_incremental,synthetic,NB,5,5042
synthetic_dataset_with_parallel_drifts_incremental,2500,KS90,0.8855375,0.8857168899189978,0.8855375,0.8855236213761051,9,32,0.8855331566853051,1.0,parallel_incremental,synthetic,NB,5,5042
synthetic_dataset_with_parallel_drifts_incremental,2500,HD,0.885275,0.8854959485839489,0.885275,0.8852579262947471,2,32,0.8852701816432291,1.0,parallel_incremental,synthetic,NB,5,5042
synthetic_dataset_with_parallel_drifts_incremental,2500,JS,0.885275,0.8854959485839489,0.885275,0.8852579262947471,2,32,0.8852701816432291,1.0,parallel_incremental,synthetic,NB,5,5042
synthetic_dataset_with_switching_drifts_abrupt,1000,Base,0.8235,0.8235908809670054,0.8235,0.823488354570789,0,80,0.8235033017605282,1.0,switching_abrupt,synthetic,NB,5,5042
synthetic_dataset_with_switching_drifts_abrupt,1000,KS95,0.8321125,0.832321432499395,0.8321125,0.8320850490949819,23,80,0.8321074381371901,1.0,switching_abrupt,synthetic,NB,5,5042
synthetic_dataset_with_switching_drifts_abrupt,1000,KS90,0.8323875,0.8325770617652127,0.8323875,0.832362606535717,24,80,0.8323826781812286,1.0,switching_abrupt,synthetic,NB,5,5042
synthetic_dataset_with_switching_drifts_abrupt,1000,HD,0.829375,0.829424459226902,0.829375,0.8293691174070318,19,80,0.8293774027003844,1.0,switching_abrupt,synthetic,NB,5,5042
synthetic_dataset_with_switching_drifts_abrupt,1000,JS,0.829375,0.829424459226902,0.829375,0.8293691174070318,19,80,0.8293774027003844,1.0,switching_abrupt,synthetic,NB,5,5042
synthetic_dataset_with_switching_drifts_abrupt,1500,Base,0.8232375,0.8233072100764126,0.8232375,0.8232286273997043,0,53,0.8232403867184619,1.0,switching_abrupt,synthetic,NB,5,5042
synthetic_dataset_with_switching_drifts_abrupt,1500,KS95,0.8274875,0.8278896265134567,0.8274875,0.8274330605366224,23,53,0.8274804473968717,1.0,switching_abrupt,synthetic,NB,5,5042
synthetic_dataset_with_switching_drifts_abrupt,1500,KS90,0.8269875,0.8274411069606745,0.8269875,0.8269259277532391,25,53,0.8269800073168011,1.0,switching_abrupt,synthetic,NB,5,5042
synthetic_dataset_with_switching_drifts_abrupt,1500,HD,0.7973125,0.7973288260421684,0.7973125,0.7973101130446395,17,53,0.7973139225702277,1.0,switching_abrupt,synthetic,NB,5,5042
synthetic_dataset_with_switching_drifts_abrupt,1500,JS,0.797675,0.797682846691036,0.797675,0.7976739377890657,16,53,0.7976759676281548,1.0,switching_abrupt,synthetic,NB,5,5042
synthetic_dataset_with_switching_drifts_abrupt,2000,Base,0.8235375,0.8235933166053546,0.8235375,0.8235304751789928,0,40,0.8235400767664123,1.0,switching_abrupt,synthetic,NB,5,5042
synthetic_dataset_with_switching_drifts_abrupt,2000,KS95,0.8069,0.8069132599014316,0.8069,0.8068975741471364,21,40,0.8068986291037806,1.0,switching_abrupt,synthetic,NB,5,5042
synthetic_dataset_with_switching_drifts_abrupt,2000,KS90,0.811025,0.8112774564508751,0.811025,0.8109852669793416,22,40,0.8110192497630799,1.0,switching_abrupt,synthetic,NB,5,5042
synthetic_dataset_with_switching_drifts_abrupt,2000,HD,0.7967375,0.7967426346530585,0.7967375,0.7967368403797126,13,40,0.7967382724781237,1.0,switching_abrupt,synthetic,NB,5,5042
synthetic_dataset_with_switching_drifts_abrupt,2000,JS,0.7967375,0.7967426346530585,0.7967375,0.7967368403797126,13,40,0.7967382724781237,1.0,switching_abrupt,synthetic,NB,5,5042
synthetic_dataset_with_switching_drifts_abrupt,2500,Base,0.8227,0.8227558910665783,0.8227,0.8226929138288454,0,32,0.8227025816324132,1.0,switching_abrupt,synthetic,NB,5,5042
synthetic_dataset_with_switching_drifts_abrupt,2500,KS95,0.7717375,0.7718002301854845,0.7717375,0.7717253027112705,16,32,0.771740468478475,1.0,switching_abrupt,synthetic,NB,5,5042
synthetic_dataset_with_switching_drifts_abrupt,2500,KS90,0.7717375,0.7718002301854845,0.7717375,0.7717253027112705,16,32,0.771740468478475,1.0,switching_abrupt,synthetic,NB,5,5042
synthetic_dataset_with_switching_drifts_abrupt,2500,HD,0.7951,0.7992156893243156,0.7951,0.7943994116091909,4,32,0.7951233972197435,1.0,switching_abrupt,synthetic,NB,5,5042
synthetic_dataset_with_switching_drifts_abrupt,2500,JS,0.7951,0.7992156893243156,0.7951,0.7943994116091909,4,32,0.7951233972197435,1.0,switching_abrupt,synthetic,NB,5,5042
synthetic_dataset_no_drifts,1000,Base,0.8864875,0.8869247576879781,0.8864875,0.8864545447478951,0,80,0.8864807468369196,1.0,no_drifts,synthetic,NB,5,5042
synthetic_dataset_no_drifts,1000,KS95,0.8857625,0.885896232146858,0.8857625,0.88575211209529,4,80,0.8857587467213994,1.0,no_drifts,synthetic,NB,5,5042
synthetic_dataset_no_drifts,1000,KS90,0.8856125,0.8857853283439375,0.8856125,0.8855991298935402,8,80,0.8856082366973179,1.0,no_drifts,synthetic,NB,5,5042
synthetic_dataset_no_drifts,1000,HD,0.886775,0.8871589598496121,0.886775,0.8867461018776005,4,80,0.8867686718829876,1.0,no_drifts,synthetic,NB,5,5042
synthetic_dataset_no_drifts,1000,JS,0.885875,0.8864037418063928,0.885875,0.8858349750803968,7,80,0.8858675717388116,1.0,no_drifts,synthetic,NB,5,5042
synthetic_dataset_no_drifts,1500,Base,0.8869875,0.8873710639369518,0.8869875,0.886958701253583,0,53,0.8869811769169883,1.0,no_drifts,synthetic,NB,5,5042
synthetic_dataset_no_drifts,1500,KS95,0.8857625,0.8860050285323426,0.8857625,0.885743894278601,2,53,0.8857574567211932,1.0,no_drifts,synthetic,NB,5,5042
synthetic_dataset_no_drifts,1500,KS90,0.8875375,0.8879155327358937,0.8875375,0.8875092886777953,2,53,0.8875312270049963,1.0,no_drifts,synthetic,NB,5,5042
synthetic_dataset_no_drifts,1500,HD,0.8870125,0.8871381651538075,0.8870125,0.8870028622788392,6,53,0.8870088669214189,1.0,no_drifts,synthetic,NB,5,5042
synthetic_dataset_no_drifts,1500,JS,0.88655,0.8870090846972521,0.88655,0.8865154479656389,2,53,0.886543081846893,1.0,no_drifts,synthetic,NB,5,5042
synthetic_dataset_no_drifts,2000,Base,0.886675,0.8870455547972078,0.886675,0.8866470639912477,0,40,0.8866687818670052,1.0,no_drifts,synthetic,NB,5,5042
synthetic_dataset_no_drifts,2000,KS95,0.88525,0.8856956257879243,0.88525,0.885215947854007,3,40,0.8852431716389074,1.0,no_drifts,synthetic,NB,5,5042
synthetic_dataset_no_drifts,2000,KS90,0.8852125,0.8854470030576646,0.8852125,0.8851943862903813,2,40,0.885207536633206,1.0,no_drifts,synthetic,NB,5,5042
synthetic_dataset_no_drifts,2000,HD,0.8875,0.8880252655575401,0.8875,0.887460965471607,2,40,0.887492611998818,1.0,no_drifts,synthetic,NB,5,5042
synthetic_dataset_no_drifts,2000,JS,0.8858125,0.886045474236394,0.8858125,0.8857946241803202,3,40,0.885807556729209,1.0,no_drifts,synthetic,NB,5,5042
synthetic_dataset_no_drifts,2500,Base,0.8865875,0.8869597694748494,0.8865875,0.8865594086513576,0,32,0.8865812668530028,1.0,no_drifts,synthetic,NB,5,5042
synthetic_dataset_no_drifts,2500,KS95,0.885325,0.8854759781107742,0.885325,0.885313247354805,2,32,0.8853210116513619,1.0,no_drifts,synthetic,NB,5,5042
synthetic_dataset_no_drifts,2500,KS90,0.8870875,0.8872489225881572,0.8870875,0.8870752022784009,5,32,0.8870833869333419,1.0,no_drifts,synthetic,NB,5,5042
synthetic_dataset_no_drifts,2500,HD,0.8858125,0.8859920209624889,0.8858125,0.8857986547199649,2,32,0.8858081567293051,1.0,no_drifts,synthetic,NB,5,5042
synthetic_dataset_no_drifts,2500,JS,0.8858125,0.8859920209624889,0.8858125,0.8857986547199649,2,32,0.8858081567293051,1.0,no_drifts,synthetic,NB,5,5042
