dataset,batch_size,technique,accuracy,precision,recall,f1,num_drifts,num_batches,auc
electricity,1000,Base,0.5787650070621468,0.5674397161361405,0.5787650070621468,0.4516722534933677,0,45,0.5084178265647491
electricity,1000,KS95,0.6010549081920904,0.5912835397531211,0.6010549081920904,0.5587715880862777,45,45,0.555574371276669
electricity,1000,KS90,0.6010549081920904,0.5912835397531211,0.6010549081920904,0.5587715880862777,45,45,0.555574371276669
electricity,1000,HD,0.5834878177966102,0.5746858621765444,0.5834878177966102,0.4809526266039181,5,45,0.5184650335515646
electricity,1000,JS,0.584569209039548,0.5771699538676663,0.584569209039548,0.4845354825495467,7,45,0.520127139938012
